y_true,y_proba
0,0.23469850905336084
0,0.06611650586985379
0,0.11914366827452787
0,0.03179942894965924
0,0.06162685977303923
0,0.46295384043754323
0,0.02874781855565831
0,0.022369619556250456
0,0.1738306359771403
0,0.04047278845334178
0,0.3870978308534753
0,0.5185182578121929
0,0.6220085598234073
0,0.16235323059793555
0,0.07563550287008632
0,0.028882997640780683
0,0.4822377247614642
0,0.01344911986022122
0,0.39736816294010074
0,0.5059277813800578
0,0.04232909636004911
0,0.016008835115290693
0,0.4312319742047905
0,0.5865640662987889
0,0.5713464807895543
0,0.038689862732314645
0,0.049483622679151754
0,0.5489776320750674
0,0.44262688608227874
1,0.12702492673214477
0,0.03593498220863102
0,0.022237465627857167
0,0.6018003929921736
0,0.03760060727644992
0,0.15027248399307572
0,0.0982960404837285
0,0.10597269656165663
0,0.6188891785485455
0,0.05041562607285443
0,0.03341607690270219
0,0.03283832850160237
0,0.3964553012205001
0,0.09742332959580322
0,0.16648467737716097
0,0.020325015381237127
0,0.33388944597249326
0,0.023537405199312432
0,0.027064245322192815
0,0.0369953051548928
0,0.30911167018393443
1,0.7128351423715527
0,0.8790076663218271
0,0.5296914144930623
0,0.0292583118991356
0,0.44492242584703123
0,0.021632304900504103
0,0.03526948177689099
1,0.9024592261307584
0,0.7331835032220325
0,0.7412955789147722
0,0.7716943317211794
0,0.5943475166576733
1,0.2186907286457995
0,0.031702713332837744
0,0.24884635362631805
0,0.055296435822399244
0,0.41673588653403193
0,0.3164363820844517
0,0.14441267654432574
0,0.05835260452045976
0,0.254404334881294
1,0.2753259832055162
0,0.02093343130786732
0,0.1632239284686536
0,0.4554004381915232
0,0.17145233103687915
0,0.01751268175539547
0,0.01536434734647828
0,0.015785844828527015
1,0.5934045284753324
0,0.03329648197107655
0,0.5971358828211157
0,0.05761272139428231
0,0.08233318014447215
0,0.02493317921410961
0,0.04721561917702217
1,0.7108511806186582
0,0.10605820537643419
0,0.0389992152974726
0,0.6421385459724768
0,0.009887033818346606
0,0.6040461674133637
1,0.12001446528661126
0,0.010450412294067133
0,0.5984114231410083
0,0.0978027364068103
0,0.6901884804150128
0,0.7786357654335424
0,0.7375981920094936
0,0.3922460931479109
0,0.03077448798292229
0,0.34825776630680205
0,0.42032655169458805
0,0.2606695546449111
0,0.6245251284260044
0,0.17119103827874876
0,0.9080742421311381
0,0.8689689110797186
0,0.5832820412586863
0,0.2219892293218635
0,0.32821300372321527
0,0.07706166754351379
0,0.4251752838606996
0,0.6475519157081714
0,0.14352628470941714
0,0.1314025945755733
0,0.019014800575227336
0,0.019721422894442658
0,0.46721424449509075
0,0.012447980346219347
0,0.024013276177729834
0,0.6748855520766995
1,0.8064819897795047
0,0.015267904833800954
0,0.032659808806459155
0,0.2669006488478797
0,0.011947527592529329
0,0.01785643867201023
0,0.18756274733209718
0,0.3480239334848079
0,0.019082838546219984
0,0.020195390398235227
0,0.20657600598277256
0,0.7570597150287827
0,0.05938968694828969
0,0.016520823447391204
0,0.032980932482692404
1,0.4806561461713988
0,0.10075276874857537
0,0.8343866581170273
0,0.6702368214848952
0,0.18643119993200968
0,0.011883343817039465
0,0.0374870013898538
0,0.49162292390275747
0,0.01950869925996679
1,0.7865349058159699
0,0.6422728291985325
0,0.4110650550976299
1,0.2993032901465162
0,0.02550729258171362
0,0.469030545718985
1,0.5199463981262084
0,0.0573086432194707
0,0.10338103923980851
0,0.03194788675292609
0,0.2861780744997795
0,0.46697172676430415
0,0.22554340861651487
1,0.7742214042873132
0,0.06297043145442113
0,0.5813382035843944
0,0.6362804698887873
0,0.05062405736886411
0,0.5799098898081338
0,0.2133123776296762
0,0.339888507555216
0,0.9091360388698678
0,0.4774351182374314
0,0.04680182205631405
0,0.7924873459653073
0,0.03861949953650802
0,0.07834350985119805
0,0.02857916038514679
0,0.024908707194384084
0,0.40194525436899764
0,0.11893655922195034
0,0.13581044545030083
1,0.44691444690134025
0,0.39699919164561015
0,0.027540215708564367
0,0.22077876107215433
0,0.008235912024237742
0,0.01689452117084844
0,0.11041583726085451
0,0.07089682010472323
0,0.17195119077803342
0,0.5480009657984626
0,0.06707889631007637
0,0.20320930792980085
1,0.790883855412888
0,0.6225184214911563
0,0.26479273601707887
0,0.48486417109863145
0,0.4311431985493632
0,0.021251672411197804
0,0.12905274782219864
0,0.20287368494030952
0,0.01694497073712995
0,0.06554349721069339
0,0.06441617251762688
0,0.02848925353567636
0,0.20856949706529
0,0.7926867700043723
0,0.39230795632974075
0,0.023241280010543902
0,0.5370038679553092
0,0.31760653956593293
0,0.8343933642104155
0,0.6191778249071203
0,0.017455184721408907
0,0.10189512080183583
0,0.3855547208578199
0,0.30375229154513733
0,0.6646342819785287
0,0.6615791566126419
0,0.7546666126485189
0,0.8182901107940618
0,0.07494627225829266
0,0.00996811777542831
0,0.12473529659819209
0,0.06560069702019841
0,0.4625749680530321
0,0.7973041606273946
0,0.49192079913251097
0,0.07068494235274927
0,0.32787767020566316
0,0.2034373749962796
0,0.061395838338104615
0,0.03688014173469472
0,0.017055179287941393
0,0.437124144268231
0,0.019323195456808027
0,0.4127006645677071
0,0.41098059431475287
0,0.6606988341578999
0,0.5347113331109022
0,0.34073302763719326
0,0.6358115997944157
0,0.523242337410994
0,0.010927127281916303
0,0.05080954214131612
0,0.246356068878432
0,0.04941717642065894
0,0.06784404647332008
0,0.38379456495716174
0,0.2252737034786936
0,0.02780398155384673
0,0.4462019383717568
0,0.022049734072111554
0,0.00779652035030107
0,0.3883092554184108
0,0.009367165633162911
0,0.04359311177336882
0,0.6547723434568063
0,0.16289184573700577
0,0.02626607549747096
0,0.022057972167323928
0,0.06928739893310908
0,0.400861997610287
0,0.22310733309430944
0,0.2507305552952705
0,0.21476447917342126
0,0.08463657605828376
0,0.06158706090014066
0,0.02752265085800893
0,0.19166760035591993
1,0.9088966104031246
0,0.7060004685943854
0,0.10555651363705336
1,0.7291381326210333
0,0.46579350950569154
0,0.7261915454985999
0,0.5895614479407405
0,0.22193367205365874
0,0.3674828515299535
0,0.6486330030799295
0,0.012581243375983603
0,0.4188822264044015
0,0.046232529331920076
1,0.9602668449567902
0,0.311110252871271
0,0.05549045579216816
0,0.09570753653693383
1,0.9199338670083816
0,0.3279665311852214
0,0.14072999074865253
0,0.15375888638221444
0,0.100580316469905
0,0.022136703578012486
0,0.05976782083789961
0,0.06085906947362387
0,0.03652618417930322
0,0.4569540760773285
0,0.7581071944649643
0,0.03854441618230268
0,0.7469612298157747
1,0.6057626559672301
1,0.46719019774854526
0,0.09302875152071054
0,0.19697614562172996
0,0.03785383302362919
0,0.4251752838606996
0,0.05892730758747966
0,0.5254081506312456
0,0.06457039254361528
0,0.4357090587864709
0,0.03836739488043082
0,0.4391153820480745
0,0.6965621667492561
0,0.05789394751237799
1,0.9360975180463549
0,0.8031534717266143
0,0.1614197798946506
0,0.4617398709444847
1,0.8937952321944013
0,0.1276344976919039
0,0.7942651174217888
0,0.756153142358882
0,0.19089344478980083
0,0.2672926210622136
0,0.9390042487548406
0,0.07237387932319497
0,0.03775285504999035
1,0.8521560379953783
0,0.01162299603450559
0,0.017065163273233108
0,0.6830797416108907
0,0.02908945621069754
0,0.07021557780060453
1,0.7823120488854941
0,0.16531861974937642
0,0.022070864078775797
1,0.6799375947909606
0,0.017341838152046634
0,0.04913497184773842
1,0.8696097235292687
0,0.2910827077407238
0,0.8413023029133498
0,0.16204109642687217
0,0.019384196705234762
0,0.34454881085555183
0,0.02225936668610907
0,0.4420299850285083
0,0.018839212824884134
0,0.38781335273768053
0,0.013834640948853514
0,0.725913455044792
0,0.30418626090147904
1,0.8475609479116869
0,0.018206414952215724
0,0.057873609572584916
0,0.41861849256384365
0,0.2870313487100674
0,0.4774567371353961
0,0.8152127137597239
0,0.2537769604536611
1,0.6908659576669011
0,0.44551874170032824
0,0.13537331150430545
0,0.8288457561757446
0,0.023316996313115998
0,0.02039624869092494
0,0.7077148866892076
0,0.47718451638210435
0,0.03011702729216079
0,0.08326233328403865
0,0.11450230603465103
0,0.5200608578271123
1,0.6008812516994696
0,0.7202850890175891
0,0.036899582175432426
0,0.43280918640176536
0,0.04735843032450447
0,0.419364157931983
0,0.2754200705953496
0,0.5912330611110843
0,0.03116191661683588
0,0.09880182905949224
0,0.09385368458012656
0,0.3318156651160143
0,0.06444432130205067
0,0.25036846709595817
0,0.0533667648126929
0,0.10379329801311468
1,0.4750343549152881
0,0.08549110145306808
0,0.300865050356611
0,0.04339322156025197
0,0.4235144435547189
0,0.018055672687021764
0,0.06670486428878267
0,0.32523878176321425
0,0.7762199896455912
0,0.11378160769035718
0,0.6241809255956235
0,0.6784924104344318
0,0.03762386744401323
0,0.24225335012221708
0,0.6613910425262653
1,0.6322258042494772
0,0.7386798615524753
0,0.012502052348691098
0,0.436799289595828
0,0.303006130802526
0,0.3307404116392064
0,0.3369537188018179
0,0.8594444806193509
0,0.795982024813016
0,0.03542168591221895
0,0.1778979079519873
0,0.6812078374567
0,0.04056383499361803
0,0.008970647152933345
0,0.8541099586674394
0,0.6474586381827245
0,0.475289835754807
0,0.2108535162610349
0,0.13051239345866084
0,0.47826903607012283
0,0.2822483109558947
1,0.508844694105553
0,0.6940753880689079
0,0.3456932778020831
0,0.015513775693190802
1,0.8659422587824045
0,0.050121448938290424
0,0.49837355808120565
0,0.3633761181126857
0,0.5748568025754658
0,0.05734689614674397
0,0.08628685898343917
0,0.22156285582740345
0,0.020336403582424535
0,0.40760775360022433
0,0.044446962884114906
0,0.032021050684865625
0,0.5299456817005442
0,0.02447172130034684
0,0.034926089826120006
0,0.4070843754020279
0,0.01836601809257632
0,0.6085477760745927
0,0.7378998222679246
0,0.6157090196417137
0,0.06163692796796403
0,0.12460082509317125
0,0.695457486379761
1,0.7913061579059413
0,0.830199540590738
0,0.11733149590893477
0,0.46895901465965395
0,0.80771749779087
0,0.19608977465266403
0,0.03639259021564272
0,0.013703877910367509
0,0.6824442573443187
0,0.023989690974696696
0,0.3925175444121758
0,0.12990006063523055
0,0.024447185061325122
0,0.0888379825266508
0,0.036693710263235306
0,0.08905390343005198
0,0.012079258161844518
0,0.41332070790915537
0,0.8463324347826197
0,0.12021668321735139
1,0.8811614081210198
0,0.06820998117114019
0,0.7863056740191947
0,0.926024501665623
0,0.6819420918737036
0,0.4181953685971354
0,0.01959704100768224
0,0.297881820043005
0,0.45200528137052753
0,0.28233423607200436
0,0.13518180923158066
0,0.06747633286764997
1,0.6216635208416061
0,0.12283766784313875
0,0.2233491645182482
0,0.25314547655422104
0,0.9021635245798116
0,0.07424423830776919
1,0.5134273068949314
0,0.05109819558940107
0,0.6687460891577155
0,0.04176199947767691
0,0.02804166816751474
0,0.49430250886045246
0,0.5388411747349955
0,0.011766830930494725
0,0.11860471276687348
0,0.19103858467324533
0,0.051607648603276705
0,0.5254334151541944
0,0.6190913774760562
0,0.4111042698625463
0,0.12931249954160118
0,0.0212409993754228
0,0.4891296527058325
0,0.005034860512719832
0,0.038974659583788616
0,0.4976530167306348
0,0.021792190795646465
0,0.42796868593488435
0,0.336843804143313
0,0.046549541751011135
0,0.10809596238486477
0,0.29581258906819713
0,0.4140186314231279
0,0.045138643833773945
0,0.5385382650126496
0,0.3110966530952296
1,0.935610045287728
0,0.7710761379241923
0,0.0933076171901802
0,0.4076913508013361
0,0.012385700758456528
0,0.7727510688841079
0,0.9389811060197006
0,0.6737400492295502
0,0.15277223912408625
0,0.8549124055639797
0,0.5302948507430355
0,0.03027680036747242
0,0.08394408468287438
1,0.6646548615773709
0,0.12846635514533894
0,0.7754825000508949
0,0.02752192135614322
0,0.30758239349305444
0,0.39067297123090766
0,0.306788888273662
0,0.01572612295887428
0,0.01961154273648247
0,0.037438650263797425
1,0.812133009977794
0,0.058432691027354156
0,0.03271568868217508
0,0.023173412413088533
1,0.031187836618438654
0,0.09384917613208357
0,0.2868269392666879
0,0.2580834353756437
1,0.45153939532550785
0,0.7763091083111315
0,0.033469450897174575
0,0.7600847251362104
0,0.47216281855090986
0,0.1823738982180175
0,0.580622313906919
0,0.05850035466681008
0,0.8289701990263768
0,0.5825964852382965
0,0.027311363810059542
0,0.26252022494469657
0,0.11774138022849637
0,0.5193430294488044
0,0.6664153312955741
0,0.012674009068428256
0,0.12110868623454192
1,0.5863916761795883
0,0.2168195422218008
0,0.1607256132747266
0,0.5576511450894175
0,0.5245265246284476
0,0.6659856218928424
0,0.7033459787535136
0,0.22856849391165998
0,0.01535113653211242
1,0.9608001389661543
0,0.07299143921394842
0,0.47180827946154985
0,0.21945385944490525
0,0.726207013508935
0,0.8207893487577003
0,0.7154977585270258
0,0.1827712878306283
0,0.028940864757761385
0,0.37452579230456534
0,0.6754022441464927
0,0.8111636958066195
1,0.1980914556498313
0,0.16351526063757027
0,0.6673296237152069
0,0.41288245543070284
0,0.7778856632057862
0,0.017976367535330835
0,0.7334298169580195
0,0.3403790513670257
0,0.1424142232034093
0,0.3663880072852245
0,0.139153596959518
0,0.0649695617605356
0,0.41813214674384175
0,0.15467993159129198
0,0.04465127990278273
0,0.9645543704568009
0,0.7316351501371346
0,0.2916591808563331
0,0.018919656421691192
0,0.3685367547778439
0,0.11573773365487397
0,0.0330937448326468
0,0.5111460910095414
0,0.01110172255921768
0,0.2504477487027254
0,0.05403092823174051
0,0.08815244079259771
1,0.7198130048948129
1,0.7710366264361017
0,0.044735343367722134
0,0.03109862505398013
0,0.6616722010169006
0,0.8799688382104476
0,0.05311026968256747
0,0.05492269828335572
0,0.04462622407103596
0,0.015135906344176702
0,0.01670820339818206
0,0.07546047526598307
0,0.6519089026176934
0,0.024718719130433393
0,0.26150518497074815
0,0.37095458612180854
0,0.047953463519017185
0,0.11234596999114249
0,0.09631977252202276
1,0.896888757542485
0,0.6640147804108208
0,0.19739048945965165
0,0.4291327482837933
0,0.01674863925305423
1,0.5170285102117628
0,0.1111148652704969
0,0.016718328224446244
0,0.23353426223118517
0,0.11671724440952319
1,0.5046933014942014
0,0.5565377968861708
0,0.6312254846933587
0,0.3689937475582119
0,0.6185429829335678
0,0.21496567264672475
0,0.021941299940209023
0,0.07058817802470453
0,0.33481978202805734
0,0.5634728151377323
0,0.1592151873872233
0,0.6869826917995389
0,0.7050862140987482
0,0.39870922495108496
0,0.16132439704599819
0,0.7474366586468104
0,0.9604355817204332
0,0.02933291739747567
0,0.018876861322895976
0,0.010448853737585253
0,0.13747895076621824
0,0.035332075931586736
0,0.12406846429321759
0,0.6348775268993468
0,0.7346065615625081
1,0.6538326749021343
0,0.07648449116713436
0,0.27153052938858263
0,0.19052716357370358
1,0.4972402789896805
0,0.01997086485438363
0,0.3499810862537058
0,0.6209845553985873
0,0.3911420786293361
1,0.4329158547458119
0,0.01751206550232231
0,0.02028992638072131
0,0.1391248795456825
0,0.015047314447979463
1,0.881928906945755
0,0.03452694827103604
0,0.613534562749218
0,0.06954749475457518
1,0.3121104676391786
1,0.7975319628122225
0,0.05038031002103104
0,0.3551551807394585
0,0.02157144776781186
0,0.637526868128528
0,0.17905859602815916
0,0.017130806577066046
0,0.025047148102483287
0,0.896492677144578
0,0.5566524427514988
0,0.6030051383214586
0,0.03275729210824828
0,0.33318899409061625
0,0.6149625697856271
0,0.023411114703252908
0,0.012986366921061946
0,0.7767374486944897
0,0.021134047213441143
0,0.009742016727523005
0,0.03730402977311055
0,0.7824267335568923
0,0.7480708110891574
1,0.38783461618971304
1,0.22775380891513447
0,0.020383813934188342
0,0.7802308086765812
0,0.8935560628675503
0,0.8606657848116123
0,0.033603625466547146
0,0.060664697938943565
0,0.4409401328753282
0,0.020271568741780523
0,0.08640200874962055
0,0.5593064663278979
0,0.022070864078775797
0,0.18126895564866966
0,0.6461886891780324
0,0.8331933469151308
0,0.0575158378083376
0,0.18693378227210058
0,0.016529028295009535
0,0.843291908911814
0,0.36058052710377364
0,0.017601142652792515
0,0.014204814017629096
0,0.03129059156451878
0,0.02030862345868448
0,0.6129589253547042
0,0.3527204468669246
0,0.325335722997959
0,0.08688580231197016
0,0.04500300964746202
0,0.8627728225228904
0,0.025522341788470907
0,0.06002713138944309
0,0.044898492317863345
0,0.02244419235299115
0,0.746626411523482
0,0.011105052719473417
1,0.4783061893115592
0,0.2566632691143625
0,0.44178475785367716
0,0.1338398441640998
0,0.016796957753534417
0,0.43245393758291395
0,0.011737267632353249
0,0.026543024953417246
0,0.0187870941358571
0,0.7498808679353488
0,0.024524713086997538
0,0.4597560911007186
0,0.5279415500865273
0,0.6926573933013365
0,0.4434455158671737
0,0.01638259402209312
1,0.8444720332694066
0,0.03886588868147044
0,0.21821861532331338
1,0.7652629042412116
0,0.03558388921486256
0,0.01868597943512857
0,0.5922339236723542
0,0.023045041588441523
0,0.6806106273671048
0,0.010374451049263888
0,0.5524753600219459
0,0.2469505258667925
0,0.6454524250580028
0,0.5281883284003286
0,0.019259924907761773
0,0.16304983476078477
0,0.03147289763211724
0,0.013967339265425498
0,0.10074099956624645
0,0.04257727211736956
0,0.9728405622806291
0,0.029568885141285892
0,0.22202960536364047
0,0.020213582461922838
0,0.8431773394045173
0,0.6052107085557495
0,0.7098025723748895
0,0.5584328683177211
0,0.03946468214009199
0,0.6706045713223701
0,0.7679544623773662
0,0.4597502391919756
0,0.015715621061000683
0,0.055255798352060945
1,0.732998321954415
0,0.544032855131018
0,0.661131862220199
0,0.00912037952409787
0,0.1698830912308478
0,0.032667458631293875
0,0.5796512655500163
0,0.7740161753437671
0,0.07314986882218487
0,0.07578774778760759
0,0.5240632909311722
0,0.12284959875570116
1,0.6803502605452317
0,0.6595182924770074
0,0.8204052401473393
0,0.04991291174611343
0,0.048770979164744106
0,0.38873608527571113
0,0.029350659219331044
0,0.535760013909884
0,0.08422312127438189
0,0.31916819413649006
0,0.055462105173380634
0,0.03384984866936041
0,0.4995496961016153
0,0.038239123350712355
0,0.7851958334973924
0,0.2632971979188275
0,0.15088049616888644
0,0.5464659995423314
0,0.03905721961784558
1,0.8795990135897842
0,0.2073819482771331
0,0.8673723820559804
0,0.07943772629431053
0,0.08424154832988685
0,0.5172319797756468
0,0.17147886983747415
0,0.6381931699693966
0,0.5234854589054373
0,0.18672375984292353
0,0.20059961113873712
0,0.05690814739954517
0,0.17554731534730228
0,0.5841505603209737
0,0.032636291525549775
0,0.03582015112855678
0,0.022362650631501474
0,0.4514523665882668
0,0.5836002508824157
0,0.13365429773303378
0,0.8261843844207961
0,0.5892698066904266
0,0.5894443740240914
1,0.7377870559493399
0,0.1640394766559036
0,0.019866971354356087
0,0.25282726620238943
0,0.04127015358383723
0,0.7267706197420541
0,0.055511509456377145
0,0.6181125677084831
1,0.8475401241270526
0,0.2897271296073277
0,0.6719606454974986
0,0.5407402468755941
0,0.038741165693390256
0,0.030154498699357206
0,0.0454645885499758
0,0.2514529806190718
1,0.7864031043571514
0,0.6948972315966948
0,0.13495415701588298
0,0.018698060474712792
0,0.25760410818036095
0,0.3165228085342295
0,0.058007036786637066
0,0.7024963276335658
0,0.26418131664196803
0,0.6492651092865801
0,0.4546303484769619
0,0.7490012926066576
1,0.7410724481389063
1,0.5854602563562633
0,0.18597559356128612
0,0.043804446384076774
0,0.7819488945092228
0,0.0956891279060331
0,0.03367623937069504
0,0.533289394780526
0,0.03271349892001203
0,0.29319814091859653
0,0.2455761070550276
0,0.029567732413994678
0,0.09402148223022733
0,0.6356091052802347
0,0.02902303310515227
0,0.01091256769971483
0,0.6058128543969987
0,0.28156097751351816
0,0.2563769406781151
0,0.658702509745781
1,0.5517546533146697
0,0.22536168990791705
0,0.07975866128187493
0,0.03850004752571408
0,0.387771008210747
1,0.6026744302838185
0,0.1986397292807422
0,0.029781574336982024
0,0.6532518177508652
0,0.018204138270623914
0,0.05230997228360101
0,0.8083079244595175
0,0.767086939436332
0,0.017138761023831026
0,0.14954609858394868
0,0.012847108181664388
0,0.2592534600709257
1,0.3547666997511347
0,0.1193812458672788
0,0.21713972335024906
0,0.4722419608958227
1,0.8051594466426311
0,0.06153586691158713
0,0.02109211085491025
0,0.7408957043534163
0,0.553800272120175
0,0.019183868446008664
0,0.5940918167182143
0,0.05644542150316131
0,0.020242272310611074
0,0.3192799220513797
0,0.013399900553624357
0,0.16555199202572815
0,0.3396687914801457
0,0.2780138318763516
0,0.0123734595398385
0,0.14299425534123755
0,0.3985882503769997
0,0.12554134620500165
0,0.005712055162494257
0,0.7303323147850685
0,0.11047900061402889
0,0.017195434896398847
0,0.3094451465330113
0,0.6255540742416797
0,0.021760194261466196
0,0.08013826763748835
0,0.5736438446137638
0,0.01341810790429586
0,0.05357289037623402
0,0.6139870494057411
0,0.2935377638326411
0,0.3104071327946431
0,0.027634158892380883
0,0.03413681046593519
0,0.033706941660527207
1,0.6644457290656146
0,0.29507894087224695
0,0.19111326598109343
0,0.013555491624945206
1,0.4234469334310043
0,0.13614644274797047
0,0.1862947115887412
0,0.04411397035922101
0,0.022407309338019613
0,0.04152994038923952
1,0.8280776083658632
0,0.27448490791885716
0,0.36347250421683847
0,0.01306977101908523
0,0.027628930773781393
0,0.49263642693545495
0,0.21816526781533327
1,0.9601328786839971
0,0.33350969877564896
0,0.02167066904127387
0,0.7081614336167457
0,0.12115009997852547
0,0.630682380951877
0,0.3593128776597616
0,0.6045283608155246
0,0.005438604154180779
0,0.017513808255559798
0,0.05432840745468369
0,0.29101956848534194
0,0.6002286402302202
0,0.5123181441694252
0,0.042502890229759456
0,0.019560509119696548
0,0.6542188850973498
0,0.23366108217521245
0,0.021916206557086967
0,0.032969640861783354
0,0.6916631478660068
0,0.7187863103547406
0,0.011979248403964003
0,0.13496939699478946
0,0.15346557191179383
0,0.8927265856930386
0,0.07422115595464177
0,0.6319652959986614
0,0.05347857539299632
0,0.8261753994880249
0,0.4441928266188744
0,0.5496603627150837
0,0.04516308981690366
0,0.26971076795354193
0,0.09611269264460748
0,0.029880737545840124
0,0.9115105342807149
0,0.13581044545030083
0,0.016471134073035472
0,0.25738786344167053
0,0.11195736371489645
0,0.041174302780724266
0,0.6450537723950779
0,0.2853557284898505
0,0.014423501163365196
0,0.052665724916238436
0,0.8316806115756898
0,0.06612046152673962
0,0.09075600647144288
0,0.045148373563856876
0,0.5728741124070227
0,0.06751036564105618
0,0.9415823669051119
0,0.412141865121439
0,0.25254844952853384
0,0.29319814091859653
0,0.6740634949710783
0,0.23800306225397494
0,0.48284402311511493
0,0.05438254903968065
0,0.5759184927202514
0,0.024043524641394493
0,0.21564809188216777
0,0.013129334512729223
0,0.10747015445042603
0,0.6715383433971299
0,0.13284739766270365
0,0.5753368843637047
0,0.02241440365336455
0,0.06531166345617588
0,0.6033181055152796
1,0.8628843544489124
0,0.34034272243544345
0,0.1603461376749934
0,0.07696799002299347
0,0.6331760827302301
0,0.43106217275028186
0,0.24508346152916038
0,0.1340474196294731
0,0.03866136201069913
0,0.02704457986644257
0,0.2763269806039643
0,0.04474953227668421
0,0.030871711616541158
0,0.29846650866877805
0,0.45770751495515005
0,0.06079571611260376
0,0.9236667996116543
0,0.02388496614922214
0,0.32223067505884617
0,0.25117562307099356
0,0.009473367063352816
0,0.011593729711534108
0,0.6978322877486307
0,0.015699268661471016
0,0.2771827649059957
0,0.5391770429877467
0,0.47829347615971024
0,0.6594028846708705
0,0.6673579783399662
0,0.4743012865690443
0,0.02527404696578848
0,0.5593022866581125
0,0.1431503768615231
0,0.014343979842155808
0,0.3624970978811506
0,0.012761446214380235
0,0.060109525317981055
0,0.41746435574550256
0,0.09412777768155337
0,0.3675261522304729
0,0.020596461825414025
0,0.018900731331957413
0,0.821573509372079
0,0.19970293981117299
0,0.434991610345192
0,0.396749939294082
0,0.624345983711
0,0.6724410943265897
0,0.2900163693784803
1,0.35371408066858534
0,0.0591679208580356
0,0.01408766562869948
0,0.4951135499644875
0,0.5167021823519777
0,0.035059440226803136
0,0.016608983019778964
0,0.6251361729435344
0,0.02644225984543486
0,0.9451962264494954
0,0.0353772328396436
0,0.011806637525857635
0,0.560774113828561
1,0.726942799505548
0,0.7220626237582994
0,0.0274605521367588
0,0.6241422753494957
0,0.854059157707114
0,0.10887397077789336
0,0.05845249564095177
1,0.5269760873484621
0,0.15571921732389418
0,0.03282699581605727
0,0.01840079147610187
0,0.0885367467977889
0,0.06911134309938555
0,0.06454824342302193
0,0.4061898528501133
0,0.806924928579062
0,0.04336540153816581
0,0.6711925856365891
0,0.12060498702171549
0,0.04940325799232971
0,0.26953741469083004
0,0.32361506146116303
0,0.8006089715533216
0,0.019403491666218808
0,0.034942126191184246
0,0.15119246035366365
0,0.3852444225339179
0,0.009785309556582937
0,0.021356914274777462
0,0.048880999248255064
1,0.7489063726112598
0,0.070471157935742
1,0.4451787114254621
0,0.047068233765876405
0,0.22283892807988404
0,0.3521274679316893
0,0.12069264119546512
1,0.7118073549819234
0,0.037387480482786235
0,0.04363073277595091
0,0.2714755400592613
0,0.027593446839588427
0,0.013936783691691271
0,0.02367527492922289
0,0.9532914696722716
1,0.054763772620637974
0,0.02977486281262109
0,0.022656937509749633
0,0.28150042186453267
0,0.2603092248007164
0,0.7621664990261141
0,0.707809819407763
0,0.011466087494027057
0,0.013063735739689539
0,0.04782613347664449
0,0.013869671148945942
0,0.05767872545693405
1,0.7562128999297238
0,0.6802637059146447
0,0.011156537227488881
0,0.3879137362562103
0,0.6230766357596506
0,0.041536498465315076
0,0.039508748339737124
0,0.01791290633216006
1,0.8359135285094552
0,0.016796957753534417
1,0.9044599346843558
0,0.033201729047011276
0,0.3265725187757667
0,0.08306016492496347
0,0.01371699347498423
0,0.5117540491757696
0,0.005664195931616994
0,0.1923860453813406
0,0.018148304444949782
0,0.024411798728426977
0,0.5094218327326394
0,0.12016090646904916
0,0.7093104740902585
0,0.01454995729045437
0,0.021196292153105065
0,0.49294375533311674
0,0.8064253905083519
1,0.7823444000505743
0,0.13698246494464097
0,0.33738210329900786
0,0.03748286642618973
0,0.09234917950023838
0,0.15424385895146375
0,0.06425859990120131
0,0.7360926547782565
0,0.015639890275837707
0,0.957420532388901
0,0.49810277246474727
0,0.5927622441616464
0,0.018785625410194143
0,0.10621817500281845
0,0.00643670402409342
0,0.019034017282604114
0,0.5024722299546467
0,0.055512568517630076
0,0.1284693817952117
0,0.5585818600287363
0,0.576842709829068
1,0.7553997842055187
0,0.43513691357708517
0,0.07975320162733644
0,0.07326586569138187
0,0.6338641386286703
0,0.9008198424988069
1,0.4028215852011239
0,0.01529311535766754
0,0.9478977159019795
1,0.6923144577687079
0,0.020291030108450545
0,0.009670419087187658
0,0.7437169734250006
0,0.7745592298092979
0,0.03025535737253814
0,0.04190344440112326
0,0.024525136455649296
0,0.07617330454938895
0,0.644248872459042
0,0.048670399572649084
0,0.0120262824137963
0,0.2624935574108567
0,0.014154362805775976
1,0.9703498983684996
0,0.01928532401360867
0,0.2733458918691299
0,0.08051600551011678
0,0.5619869314186003
0,0.01543238447064311
1,0.11710256984770409
0,0.3067745009915144
1,0.8819694835997556
0,0.008191125659465172
0,0.7888035466965667
0,0.40551452270153165
1,0.018926270133385967
1,0.7429494974536149
0,0.09044627340696186
1,0.904008266197441
0,0.21917345214874423
0,0.0882227647759414
0,0.018819110705629045
0,0.3241174950446992
0,0.5041038541869464
0,0.03361938033934231
0,0.6810201187490096
0,0.8184904679679015
0,0.10491683355227105
0,0.17037160512134156
0,0.3411508999301911
0,0.019406181850655263
0,0.7145498770567659
0,0.5764551909436219
0,0.057914112374929334
0,0.5765182662372075
0,0.13244522134389586
0,0.5751276622070005
0,0.37196118134634926
0,0.6742481582241249
0,0.054417659529758945
0,0.217912009463572
0,0.03382827664834872
0,0.9137049646532865
0,0.712111659237598
1,0.44986593328826036
0,0.48329689252246855
1,0.41635807375875217
0,0.4326020375977671
0,0.25501430365719063
0,0.019320962216675196
0,0.6775100416892308
0,0.04776508313757616
0,0.0572218874045102
0,0.05748928306342203
1,0.913977991048186
1,0.7823744939338505
0,0.6578784398715936
0,0.5805505650754027
0,0.02423833179604719
1,0.14566075543102994
1,0.8449947426630886
0,0.5385010127016309
0,0.03477669473231763
0,0.016183856657807315
0,0.07475269233959628
1,0.899645422301183
0,0.03897615476714967
0,0.09038235493821399
0,0.2843059954853777
0,0.02538774728413621
0,0.7806987434332522
0,0.5098343521761172
0,0.07510888788770939
1,0.4222903443667531
0,0.6741149867529845
0,0.06576271892327949
0,0.04998877308981961
0,0.019073596500034682
0,0.04428738606185083
0,0.5373844599735336
0,0.021034120694109558
0,0.04157540650739347
0,0.10600514392852978
0,0.6901113079606966
0,0.05015625344824988
0,0.5573744133548745
0,0.03569654418678613
0,0.011680928940075672
0,0.01706138298231318
0,0.021546022242093548
0,0.014080267847707325
0,0.00709218893508209
0,0.07876676306120874
0,0.17185496170404094
0,0.8162997751789153
0,0.227373245362338
0,0.08171576046518521
0,0.21757438058794706
0,0.04038039884266553
0,0.03155021444810762
0,0.10992522573626418
0,0.4716233480322514
0,0.0182912625505406
0,0.6470767690281326
0,0.23045487419192445
0,0.7952268097515325
0,0.3130210770709752
0,0.5261363397505832
1,0.5413459612717696
0,0.7367682976116402
0,0.026934304783322153
0,0.7370113473241063
1,0.80264631935594
0,0.09759257323550233
0,0.5165912586036409
0,0.030636506569217264
0,0.49023490637506273
0,0.022067409807703088
0,0.005759220133252581
0,0.017332339580668394
1,0.8864131581679079
0,0.015580743993927296
0,0.009296251959632514
0,0.10899954626070828
0,0.7526563248482008
0,0.6802598144776271
0,0.5189536505677083
0,0.00832192146189187
0,0.017858805820561457
0,0.03283832850160237
0,0.3313304797057527
0,0.016896898522956453
0,0.8671463901313053
0,0.49699542805701175
0,0.5635391368817355
0,0.03369574862696263
1,0.3488137381840785
0,0.027028361924894176
0,0.058639629980785105
0,0.08993163775502051
0,0.16089705362554432
0,0.017719518483638546
0,0.07421077892252922
0,0.047700630401464314
0,0.02095493265814486
0,0.18663957081604765
0,0.022061247565234296
0,0.5040747746933593
0,0.28968019268259937
0,0.8584498849020643
0,0.4716115572217303
0,0.5969197689411809
0,0.32283533947396453
0,0.46366350788282246
0,0.3496177770897525
0,0.024611157758968476
1,0.8284864547981191
0,0.015587064281098174
0,0.03663969739977953
0,0.5967249571217297
0,0.4740150414850659
0,0.7823025625008934
0,0.15293779832335055
0,0.2538583875008436
0,0.522355383562915
0,0.010320689188921832
0,0.2880279927828489
0,0.11882280246553524
1,0.7830865966181564
0,0.5008753868427314
0,0.18741159584380435
0,0.8017816127351226
0,0.5177061548335905
1,0.9660699153633723
0,0.08953825158985972
0,0.05723613178824006
0,0.1316575674121214
0,0.19942858536002542
0,0.7105330236700989
0,0.5931076558740638
0,0.8084677976943974
0,0.26594798957966337
0,0.06172393234272004
0,0.5510561287638536
0,0.25784517241542165
0,0.9583296014805629
0,0.08563851801430433
0,0.08901778032999985
0,0.7531570390617982
0,0.8116046960801178
0,0.027416123539944708
0,0.3848471411568674
0,0.4390613003157643
0,0.19374726791627844
0,0.8436525286748885
0,0.7796566946490237
0,0.07061858996798286
0,0.07092006119871629
0,0.7012452541560568
0,0.10606017131577783
0,0.036561205311943866
0,0.14571705058696424
0,0.025547041454820937
0,0.7617270791907153
0,0.3794513852762213
0,0.01989457882108029
0,0.5377199578827245
0,0.293583857071776
0,0.7270851686042934
0,0.7049357003269616
0,0.43066692563763515
0,0.01708992358723619
0,0.6503705658511862
0,0.9134767900818225
0,0.6453904138544397
0,0.3835223073509372
0,0.01598283391148492
0,0.017710029985111113
0,0.023074222025569666
0,0.03469592250733121
0,0.029954766120068192
0,0.03622534732879333
0,0.07541649141098526
0,0.06323729585455669
0,0.08474148565416184
0,0.16921475473638442
0,0.01739871580050069
1,0.9211478263977919
0,0.36260984734829166
0,0.10755021061578673
0,0.46681730857034
0,0.8536429863491487
0,0.35659420456172086
0,0.011211734975636671
0,0.21112829983137757
0,0.07492198573212923
1,0.8584764976506014
1,0.6862386527470319
0,0.7436366812584786
0,0.593873104170713
0,0.100624005379634
0,0.04666515229723215
0,0.1303400934207213
0,0.03783429211635838
0,0.49179527666595907
0,0.06185428521102149
0,0.0741581395761366
0,0.17787996435828263
0,0.014599181930177797
0,0.3523810860839958
0,0.03749663220097677
0,0.07087558143915741
0,0.5712958250008212
0,0.023006114344478235
0,0.034396252536747295
1,0.9643131984726973
0,0.6199180104444687
0,0.10990391301306364
0,0.01371699347498423
0,0.2774895776050717
0,0.27261273007864106
0,0.08810081898005362
1,0.7047904365572258
0,0.07742307919199781
0,0.010989617661292769
0,0.6975002006737486
0,0.049528662110213055
0,0.375060068473341
0,0.029448509611224572
0,0.27180352982137285
0,0.3482662689088046
0,0.019931651410952513
0,0.02666498950166197
0,0.022164327201070665
0,0.31060258959106896
1,0.8030153089996225
0,0.031671370301005454
0,0.013676957135890637
0,0.08904872319332655
0,0.023217873177343824
0,0.4529594944624218
0,0.07467772027304638
0,0.20950704926186783
0,0.21799260522997732
0,0.021892297203798993
0,0.4735411903996994
0,0.02135360772608589
0,0.043441898480600954
0,0.5921273690814418
0,0.7224415062179728
1,0.7547820004271665
0,0.1272952275122427
0,0.5264733945026039
0,0.5705700916651154
0,0.7219416002230798
0,0.05484345944566431
0,0.023126160380750403
0,0.09656851226332265
0,0.020159256554952844
0,0.58768050083533
0,0.6303330798311657
0,0.3252061994266669
0,0.17068424656833958
0,0.8226527717338586
0,0.8896891776486857
0,0.24051852052720304
0,0.02055115284170768
0,0.05462876252898015
0,0.8568148879073467
0,0.014428426795894941
0,0.07466773082983846
0,0.7365274418872523
0,0.3269224378083081
0,0.2343812441955288
0,0.42259787922810005
0,0.4540608575503581
0,0.534977763283991
0,0.037876491200655296
1,0.7007902126220368
0,0.878817757587854
0,0.04295164352720454
0,0.34294905772819667
0,0.17421366217249604
0,0.007118040910616345
0,0.08655476173976773
0,0.3356324455891988
0,0.3025366741675368
0,0.24347252101129477
1,0.4789215304584439
1,0.5032067269761066
0,0.3776377936896785
0,0.7514685517179653
0,0.04989065917001455
0,0.05774337770931178
0,0.5650839960626257
0,0.012724943980425634
0,0.272197929195998
0,0.03723121322343481
0,0.01944564203985304
0,0.04221639564589734
0,0.014204088396808586
0,0.42575512562073753
0,0.0953390770851275
0,0.1296053789466632
0,0.09379956369710797
0,0.12991184743035172
0,0.8918566925056373
0,0.2508837849969243
0,0.3206710015419814
1,0.7367163464684078
1,0.5988468174580261
0,0.02146036311741614
0,0.2527709624253617
0,0.8187892520687784
0,0.04866443311896086
0,0.12834789897187604
0,0.6887047471584996
0,0.21451601911065457
0,0.06537151515240691
0,0.03468305845260228
0,0.4565734177313237
0,0.4742719161680851
0,0.04956948429796716
0,0.03923376531267979
0,0.04726309394322246
0,0.7394591640304606
1,0.840258580940821
0,0.015363637066744934
0,0.09903779759408546
0,0.015839509802317516
0,0.017588852183274634
0,0.6011958586221838
1,0.7568709402428075
1,0.8234081803010876
0,0.6033145036237181
0,0.025263231366372377
1,0.6796141114339963
0,0.19005484342971596
0,0.2406522020694008
0,0.5181025674413957
0,0.01747726527231086
0,0.42974759141556146
0,0.030609506110660215
1,0.3719008561769103
0,0.015672303383099623
0,0.5676795846496118
0,0.08230516086186324
1,0.8234586625570386
0,0.379471421104302
1,0.6187309342438594
0,0.05939350399132165
0,0.11560815694212882
0,0.35304160660866674
0,0.213071809681311
0,0.7871528456035999
0,0.03364104358863936
0,0.291349557931023
0,0.14791772116111215
0,0.4038707305862757
0,0.26418932836566483
1,0.1905900299285493
0,0.42166267734931806
0,0.16552279323841962
0,0.010355958004175332
1,0.5770917354637539
0,0.013340087926493783
0,0.3128766549419357
0,0.33155410451644585
0,0.009937677724885213
0,0.03888822562167711
0,0.5006077041334304
0,0.03522035173370203
1,0.7761013325813075
0,0.03847924940400658
0,0.0693282700365041
0,0.011465780359195075
0,0.13901564190543841
0,0.023169633398114706
0,0.6328580241839137
0,0.01729225790162436
1,0.9227994885581551
0,0.6768856504973815
0,0.013527515489332878
0,0.6108609240469558
1,0.7511853523541263
0,0.8498464617058267
0,0.011920077889881872
0,0.031154178650202313
0,0.03214381828162818
0,0.4344015393587545
0,0.054934975176333695
0,0.8989199030730611
0,0.9481194891295827
0,0.060577202735994415
1,0.6563569463604831
0,0.01658926547688383
0,0.9571775719658884
0,0.02081769471967389
0,0.06159119786817933
0,0.01193688450653785
1,0.8069281331239065
0,0.20317248122437123
0,0.018871604144405755
0,0.4061061908590464
0,0.42426026379295173
0,0.5537447507316285
0,0.029979342003757143
0,0.06718913223886118
0,0.5115330428498597
0,0.5205094090155052
0,0.16679883483463837
0,0.3860912142947114
0,0.5157250635566736
0,0.06956561913977835
0,0.10831541349414156
0,0.015175675422200649
0,0.03193479592090898
0,0.756405896563348
0,0.04337731685018797
0,0.04034962770427136
1,0.9489339314282157
0,0.5205137651458083
0,0.030386649079197615
1,0.8768563676440875
0,0.514351233749672
1,0.7882901291956218
0,0.33979753587676853
0,0.3054253359982197
0,0.02236577192758147
0,0.01217926500184156
0,0.05160432391397118
0,0.6447131566403627
0,0.04392463309981408
0,0.48755562301962424
0,0.7003803844579891
0,0.08068805807120055
0,0.023717681692870574
0,0.05988427034630511
0,0.26506811813011416
0,0.7290220081302508
0,0.3382217484403088
0,0.02092825901847975
0,0.05033159269414165
0,0.052255364428864685
0,0.37124946804653997
0,0.5216516508415925
0,0.03507952386599238
0,0.37361800046998606
1,0.3498721156052666
0,0.033949265458895476
0,0.5699297523523364
0,0.30679457172707614
1,0.9486547023814226
0,0.026780609961837804
0,0.558095251552466
0,0.026813751720119145
0,0.7247521529698282
0,0.031770655921145
0,0.5562382172470157
0,0.023469190515419135
0,0.06364383096400095
0,0.11028190128979747
0,0.09149976418923184
0,0.4588900705042547
1,0.4715968737658709
0,0.2681847593966541
0,0.018427998323605192
0,0.01118249189249642
0,0.8530078804176325
1,0.5800369677127019
1,0.6915041357863413
0,0.8683800813516089
1,0.5132124425789363
0,0.01244105237411978
0,0.366352973079452
0,0.5753406966670083
0,0.9168683071308376
0,0.03212746217249274
0,0.5082011549904486
0,0.4863294833049237
0,0.7118941947697089
0,0.08046727370044822
0,0.6245825138227902
0,0.02789032349785173
0,0.23686215866363258
0,0.39279305396681524
0,0.43816059470986396
0,0.48737606493828767
0,0.6027753476987373
0,0.019539925641396953
0,0.05537545768193935
0,0.10482794357181206
0,0.01631086439686459
0,0.1480704856095557
1,0.7754233357081907
0,0.016973053229626278
0,0.06473365452277037
0,0.05717145348737133
0,0.05209782885361612
0,0.03254751296008671
0,0.5035331949490589
0,0.5968270200461088
0,0.06267062402047041
0,0.5218847904918437
0,0.9403410011076319
1,0.7229421406474733
0,0.03467360125914099
0,0.4028364526733128
0,0.3377351478971491
0,0.048846246490925546
1,0.6732056209746377
0,0.056483900248208194
0,0.18704403652784754
0,0.013882335992117788
0,0.6466936500968076
0,0.12932003044529272
0,0.012054857689530168
0,0.3946073840717568
0,0.051111495761237975
0,0.008771617384796105
0,0.026354750098271373
0,0.04371933012124979
0,0.020525078885839602
0,0.4874943484184535
0,0.8750868714803374
0,0.2246031057555841
0,0.2237011153513519
0,0.7653107041700566
1,0.7735533884152987
0,0.7500564687075029
0,0.26159689952349585
0,0.039907867032544016
0,0.6997848851212636
0,0.6069360694831202
0,0.43616045628379496
0,0.04096374514367445
1,0.885054466659709
0,0.03286923675003577
0,0.7275370521588839
0,0.1372492784113806
1,0.7059715804502775
1,0.9434398906472243
0,0.03781736759370196
0,0.019892290703341416
0,0.1394213623073861
0,0.7531668892075127
0,0.2855151572087755
0,0.08450327783696751
1,0.8502084069888323
0,0.4124010113801722
1,0.9623187419392456
0,0.4646471169779458
1,0.7031642160655408
0,0.020406887171348722
0,0.04280101845178519
0,0.5815412482231933
0,0.056757020978413605
0,0.16298292509053094
0,0.25597685732004216
0,0.7486678272605012
0,0.05769648177753449
0,0.7424779835594609
0,0.046103856039373
0,0.7143935164309863
0,0.7183458825673165
0,0.8884278360954384
0,0.021363469480553773
0,0.1157252201119619
0,0.2925927248733852
0,0.05642389578138345
0,0.019327433390221513
0,0.37601270164390815
0,0.4297328529722266
0,0.021174033687081522
0,0.7974913044069861
0,0.2714509594252994
1,0.8019275966974967
0,0.46491812066561367
0,0.030891830855350688
0,0.3676529267010501
0,0.15854954942329497
0,0.04279919551058
0,0.8312750020579033
0,0.4551516722448937
1,0.5521954226525317
0,0.6373026948243098
0,0.7526222033373061
0,0.06250711979870781
1,0.8714514498770403
1,0.7597054779185881
0,0.8391519626682575
0,0.051535005297284005
0,0.06082048634997635
0,0.10793251871270594
0,0.7572624663488651
0,0.037608372960840054
0,0.08420925576849272
0,0.0143434475586927
0,0.060601147614279004
1,0.6938626437372538
0,0.3577888118695757
0,0.024678928130460187
0,0.12356241148768786
0,0.025100005551302682
0,0.02142246548962274
0,0.5927612789145281
0,0.023055944917565192
0,0.051092016310004124
0,0.013226817050356584
0,0.10816117160134973
0,0.5493601320261703
0,0.022718270708012342
0,0.040206208169949895
0,0.025883874391499938
1,0.9651627895671364
0,0.024845949810566464
0,0.13588873364932538
0,0.021158577784848868
0,0.022237440799540664
0,0.05819301499424431
1,0.7502746913564602
0,0.03829661843442641
0,0.11146691331166854
0,0.04222349295078865
0,0.9259897608823808
0,0.5974131884197666
0,0.07326995453316094
0,0.027217609533400723
0,0.044584029429830786
0,0.02473663463024877
1,0.8936207872875679
0,0.507516034812615
0,0.041491347156521224
1,0.854727182294589
0,0.1480803231739758
0,0.15975515773626142
0,0.7933618819316965
0,0.01811580448625367
0,0.005228961446790773
1,0.7472515315572682
0,0.023804949129908725
0,0.4319622491608362
0,0.15704339411226753
0,0.02153357827514735
0,0.9147934576869438
0,0.47496226293156907
0,0.031139760415984156
0,0.33025875466966076
0,0.029123815272630513
0,0.048155794081062124
0,0.04616058293460207
0,0.035104912127251
0,0.1324649923089253
0,0.10093146609258458
0,0.045283140178534714
0,0.49768496310111404
0,0.0711923737449488
0,0.4960446985221636
0,0.01835072989111532
0,0.03960226919699479
0,0.032474324138240494
0,0.02806292011565292
0,0.28045445233658783
0,0.8745464130248993
0,0.2747132425666293
0,0.09559588733175664
0,0.008562621859147324
0,0.019499250923579174
0,0.31490138295892317
0,0.031028194041196847
1,0.7882154418762152
0,0.02372440824310676
0,0.9287829433685334
1,0.45376334376988203
0,0.5635302128461792
0,0.17209191402498702
0,0.25803026034792054
0,0.12183401138598782
0,0.5500474241482929
0,0.08982304400670112
0,0.7463841794929837
0,0.008195227522137737
0,0.020569754417958285
0,0.470553163092137
0,0.5686219840251502
0,0.21512757787826683
0,0.6897506740613364
0,0.03616801232242045
0,0.00658513175494589
1,0.8137421591859876
0,0.1107736859452711
0,0.3088848939753414
1,0.769629864369593
1,0.9670727137284569
0,0.7019814752772191
0,0.45015170157322487
0,0.042439176245546655
0,0.15974744318429843
1,0.8014365139004749
0,0.7209367239859097
0,0.011990173855697438
0,0.38844235158282725
0,0.08415105953355259
0,0.8280743896895872
0,0.33340246208548846
0,0.01779076853082869
0,0.02712172681521126
0,0.07875229765179328
0,0.07088651496415947
0,0.500662938980438
0,0.08579114544252789
0,0.007106455385848201
0,0.1721932556787168
0,0.37858524000725835
0,0.5088298024726025
0,0.38828233297350806
0,0.07397072993639989
0,0.7387884852791801
0,0.027280724151313194
0,0.05306255621969156
0,0.40025731074778015
0,0.876852531429935
0,0.03004950003751368
0,0.29141926754559333
0,0.5400246093076444
0,0.6259263978597859
0,0.6071783846712715
0,0.027985728517509564
0,0.3676951409610945
0,0.07849179627395435
0,0.014830200747323028
0,0.7151314765473906
0,0.05143409981540257
0,0.016206107141186567
0,0.5404727674116884
0,0.5271650334425281
0,0.6473389440568761
0,0.05087200461069073
0,0.018901484979681325
1,0.7976813302371429
0,0.06489567226113965
0,0.3598957135058164
0,0.606145317085208
0,0.14165034955380634
1,0.5134027243143778
0,0.045989459410438305
0,0.0638495670497122
0,0.020637337625666996
1,0.5636300436173018
0,0.07496779627880748
1,0.4066204886762914
0,0.07316591833520895
0,0.013661548474732678
0,0.19458575012280932
1,0.8356945623956934
0,0.30719483493105115
1,0.815289519768959
0,0.07733208014760148
0,0.022191200888890716
0,0.041285317249833794
1,0.7409221610972794
0,0.020390488106801382
0,0.23960472461609517
0,0.5513896589080458
0,0.6610013424219101
0,0.15863725188168143
0,0.7200967762869773
0,0.4935959487473932
1,0.8665024168368722
0,0.006139479046906572
0,0.010704157515195737
0,0.09452611543410744
0,0.2735031624287166
0,0.5218260040061438
0,0.4950871854551745
0,0.15621730947142257
0,0.2410286576474025
0,0.11747128674563553
0,0.27357333096172787
0,0.5958031283229929
0,0.7590544958608916
0,0.04180716566401401
0,0.17615891925706406
0,0.6611646339818591
0,0.645955940070075
0,0.10045592405333839
0,0.5947099189371383
0,0.4106731086188317
0,0.29301941772565304
0,0.08392852999764525
1,0.8776279379131717
0,0.3790034932024312
0,0.050880705180939456
0,0.474010464589188
0,0.02761900243578325
0,0.3759224988646542
0,0.03044541821289673
1,0.8755972905325002
0,0.03998320296669574
0,0.21014266470386878
0,0.6977903855893927
0,0.4861612231079838
0,0.1073045088445791
0,0.6461735891643358
0,0.20271733091295352
0,0.6090501196914759
0,0.9334789804843798
1,0.9279300030418764
0,0.06359078016112538
0,0.02586782379431714
0,0.025584099417160527
0,0.038239692544375314
0,0.013717156809052498
0,0.3401485178937173
0,0.05969272720367861
0,0.030074889156464904
0,0.7774834650487872
0,0.21200467668456255
0,0.3774586503666158
0,0.35569688244587483
0,0.022303137780535255
0,0.014035335706962295
1,0.9698007356967187
1,0.7869812329593925
0,0.5147577807236421
0,0.04694673696279607
0,0.331598546131086
0,0.033652020798867845
0,0.21536534771645197
0,0.13509390882599884
0,0.01577448984707879
0,0.2410092408903862
0,0.01885750051837665
0,0.2568610575582997
0,0.026013546383836864
0,0.029638037330205334
0,0.021171915612329152
0,0.3071926085098364
0,0.03831225351728355
0,0.2734013073871814
0,0.6452919495214717
1,0.8111492094979995
0,0.3602077266081758
0,0.7093864459732705
0,0.6409557448506944
0,0.5929076928918925
1,0.8405770139932955
0,0.06235305500173887
0,0.37645972966039826
1,0.30156836110103835
1,0.554771894767683
0,0.023488140832580568
0,0.2509662609747294
1,0.9077753892938578
0,0.03170438722262708
0,0.3156014789298945
0,0.5568303813472872
0,0.5530648478308888
0,0.07837435084990597
0,0.3297619021965899
0,0.09605707323740455
0,0.048886678133458025
1,0.7675004157744916
0,0.13186439682145892
0,0.03232923796890885
0,0.13055334263487187
0,0.043461063939683506
0,0.04944641149669478
0,0.5745646460788144
0,0.07680343482646161
0,0.03551784680481995
1,0.8752735249389223
0,0.021655667224234846
0,0.33410821994187956
0,0.8507025717287224
0,0.0644001034178724
0,0.7772015986649937
0,0.12028715514832929
0,0.4948076262695383
0,0.02684635737382227
0,0.4237854454762998
0,0.9288747141680287
1,0.5005209574442359
0,0.03843972500616593
1,0.31807081255269537
0,0.008205622472559333
0,0.01619449690763086
0,0.48638609706910185
0,0.0270815128746343
0,0.037071521939575976
0,0.050670688960173106
0,0.1174653312941106
0,0.018588887875747924
0,0.03504004202333276
0,0.13958459066250944
0,0.07418375083804046
0,0.8811153734081646
0,0.572782854299617
0,0.10741932598696659
0,0.38894398177176215
1,0.8582525103792203
0,0.015780263139381256
0,0.0735558082256257
0,0.0521067603147722
0,0.22533862111927475
0,0.04058910628704318
0,0.037325982661543945
0,0.5339341861918501
0,0.018059705655870978
0,0.40315631222942155
0,0.7057541449236973
1,0.8076417856055029
0,0.3938183204880028
1,0.9147215303078601
1,0.5660261447063746
0,0.5099778704857075
0,0.7668904518595566
0,0.22928069970049542
0,0.018503184879192586
0,0.8549786174700323
1,0.7149706396816802
0,0.03861617748304021
1,0.46425422859928583
0,0.017496514543432467
0,0.038839452580485385
0,0.4640577466087827
0,0.6041605854417871
1,0.8673224789431561
0,0.30205706819538625
0,0.14808769631949495
0,0.36341001562582825
0,0.02735350145836044
0,0.17803204220463686
0,0.2487624490594429
0,0.8475879426434137
0,0.11331002383119411
0,0.3915544680254816
0,0.06137530092143367
0,0.10028639894808286
1,0.9223707423626412
0,0.7181865391675819
0,0.3566223775214694
0,0.2590541491098164
0,0.878019247004259
0,0.17110579564893924
0,0.01857691799037416
0,0.8014124591344648
0,0.16871342181660548
0,0.32161714967217836
0,0.2626459504699951
0,0.10419570594651305
0,0.36355304148650663
0,0.1767705923104796
1,0.21848062153782868
0,0.300079169290892
0,0.08859207145988215
1,0.8266474182973723
0,0.1190205692829991
1,0.7007861091488444
0,0.08937656121999812
0,0.21960448783252384
0,0.02264238992625043
0,0.5730199420709843
0,0.10476993189605174
0,0.440597054609857
0,0.07193715322322722
0,0.3855278593058393
0,0.0188208223983868
1,0.9314435401335309
0,0.5231917479763967
0,0.018253984780145536
0,0.8914568862605989
0,0.7349623798365866
1,0.6718610803435355
0,0.6085159442733789
0,0.012296735566852143
0,0.8677509906537925
0,0.35436203127456656
1,0.799888950281101
0,0.2532696883616754
0,0.6136793282575065
0,0.022091262725623433
0,0.5809522043995894
0,0.05282276812675258
0,0.6707503891741841
0,0.004855856169462092
1,0.9202263946822267
0,0.15736153633106145
0,0.9041933452679441
0,0.051092016310004124
0,0.9307616634957098
0,0.6262770737411244
0,0.5226585890044034
0,0.01177293531587494
1,0.5941600772540103
0,0.012310832488179806
0,0.27645052592983194
0,0.01513487129622146
0,0.18284635704506713
0,0.6211424106740407
0,0.37475326491454847
0,0.21501776795162064
0,0.5024033016210576
0,0.4865711170411268
0,0.0302403279942861
0,0.5722872042063203
0,0.11143709136365906
0,0.8231856578355763
0,0.26789756235791207
0,0.07195833630715216
0,0.026538522759436835
0,0.44263318430646115
0,0.06090733683875079
0,0.14632098391440018
0,0.4735659109638534
1,0.4847961845625804
0,0.07583570610181022
0,0.034673093855693414
0,0.8782474422132708
0,0.11916307413988274
0,0.018639375910141608
0,0.01381556381146148
0,0.10311089000420937
0,0.45353379210264344
0,0.5922616887928446
0,0.6164639517053366
0,0.16707446711321014
0,0.21601217746936632
0,0.42674107983417475
0,0.1043230625419597
0,0.49679331313338004
0,0.025989725138099305
0,0.01498148745319794
0,0.49168622035931175
1,0.7061863779905608
0,0.019276339100069255
1,0.5775477601198812
0,0.5122715858760605
0,0.03197964317193789
1,0.6298216866924156
0,0.08781938867083715
0,0.014490385504066453
0,0.31582525285085705
0,0.6084847492519716
1,0.9011841950075093
1,0.934326324438506
0,0.056799696508229976
0,0.10477683395442396
0,0.7978976405982318
0,0.44089618340998
0,0.018532038337139338
0,0.02506277978503604
0,0.025488963812185073
0,0.05141673681566772
0,0.048556283705974944
0,0.2803928477028472
0,0.024850115563946513
0,0.12462332848293091
0,0.5813996920963379
0,0.4184155397574607
0,0.012261965287680712
0,0.21641824313196942
0,0.017889133078929326
0,0.3688553719208588
1,0.5336210365050758
0,0.5688566329156896
0,0.05708062452156638
0,0.6213288888149239
0,0.47688145772878315
0,0.0527517573925308
0,0.01991363307879059
0,0.020637337625666996
0,0.06572780987126406
0,0.18028067885396393
1,0.4885433804021788
1,0.5374664670877806
0,0.8951494234310703
0,0.6908813609452951
0,0.606349653702358
0,0.07157203487510565
0,0.17289945526980605
0,0.025268901065831732
0,0.06987324645449476
0,0.07516290736814382
0,0.5405472709693905
0,0.015513775693190802
0,0.025459466338322082
1,0.17033916291765241
0,0.018532038337139338
0,0.04320482333242103
0,0.4390347600640978
0,0.24436311582606998
0,0.03313545939936807
0,0.229500783130638
0,0.6404515157393431
1,0.932833623123642
0,0.6625731833312423
1,0.8215425889088596
0,0.021015671443652406
0,0.02173323941195935
0,0.7553603113436774
0,0.6004455729004156
0,0.05422561011612346
0,0.023143688063816396
1,0.9357270437389883
0,0.14187566251589612
0,0.017415693606644203
0,0.8401845590748906
0,0.8731562496545869
0,0.018241681199025327
0,0.8046199875240707
0,0.012828628601010838
0,0.05549101016552804
0,0.030110727745324195
0,0.53573078688292
0,0.4580643082795075
0,0.2841288807480737
1,0.7061101681097316
0,0.03684697332201647
1,0.957083339660276
0,0.4223589061796661
0,0.13814080170819432
0,0.13971376025735385
0,0.3178430186429696
0,0.011748635893998204
0,0.10928555799564517
0,0.5517194833129392
0,0.4602211434308011
1,0.7062877988901759
0,0.015646386802815895
0,0.033080207739569996
0,0.10691790983581001
0,0.10268754612429361
0,0.6303286644463966
0,0.3563762460865704
0,0.8573511564097241
0,0.03768870923635088
0,0.545458452031216
0,0.012517965665416233
0,0.476726368494504
1,0.7698287393853046
0,0.5015894761517117
0,0.07089593513975921
1,0.8091570842798077
0,0.008676917188322612
0,0.022884960498414448
0,0.7402833375298925
0,0.014258680949733418
0,0.08101289571650622
0,0.4373706275674638
0,0.3604652284740127
0,0.2259133069881053
0,0.03089975867551344
0,0.031860368803706046
1,0.6440753291684908
0,0.2611625693338493
0,0.28664904787984075
0,0.008677448162293764
0,0.9241437418312947
0,0.5149046395680367
0,0.37290263989731903
0,0.2862389771423673
0,0.057740859839399104
0,0.6052387038391978
0,0.03008968421799548
0,0.5683811244736586
0,0.7097294300326408
0,0.014412576947755135
0,0.7512076636483687
0,0.07735449165560264
0,0.06774346028526097
0,0.6242199275115408
0,0.02082510170536056
0,0.026837990615517338
1,0.8782328493455591
0,0.6920309029256143
1,0.6029789872128326
0,0.014663667182898325
0,0.03192390801470166
0,0.3520221317349351
0,0.031397296160039515
0,0.2586915770297385
0,0.5111986218740379
0,0.2840809038214865
0,0.643258069824172
0,0.32075413451340234
0,0.04483412077495412
0,0.2630234759586619
0,0.8324159095014085
0,0.16024590996447902
0,0.623362432559675
0,0.02646282824163154
0,0.11783166445944954
0,0.6109326351181372
0,0.2729044916803763
0,0.02287056566570769
0,0.19846768469904322
0,0.4591550263672311
1,0.7775913886795223
0,0.5969302106158507
1,0.7856154375250308
0,0.24807914929940603
0,0.042021583016987545
0,0.7686997694302697
0,0.3646091248055046
0,0.06601980057642096
0,0.1335738012825861
0,0.06760499745399146
0,0.06974753112852104
0,0.07608225319749459
0,0.05516837439674414
0,0.9191050579458471
1,0.8827228196897686
0,0.031184640323633078
0,0.03260118713781162
0,0.30609746289953316
0,0.06705352394833018
0,0.6376039354212247
0,0.029316187208038375
0,0.012103379548162293
0,0.30732448918756355
0,0.016105412857633644
0,0.25165650477470486
0,0.06533932082465208
0,0.18638301233107885
0,0.6654730170576459
0,0.025755737050413303
1,0.7256126697396031
0,0.1798848448750342
0,0.9596176597856583
0,0.0563435049737441
0,0.08996027169595407
0,0.04662440719987347
0,0.4281676276076272
0,0.8883136829044258
0,0.024811667422810643
0,0.04096374514367445
0,0.8346503684590026
0,0.5022282949851797
0,0.3881291028003493
0,0.05089476265496165
0,0.06624124300367534
0,0.7242410462897861
0,0.6042122971676152
0,0.014001939828079278
0,0.524479179559774
0,0.7389240378746984
1,0.4506142765266972
0,0.6932199295040217
0,0.7427687957485812
1,0.6794383071447198
0,0.058804209906636644
0,0.11856421813601674
0,0.023411357830254637
1,0.6665872772085788
0,0.523762110795449
0,0.21645300104945292
0,0.029564669812650338
0,0.7450154285443704
0,0.010157394708607796
0,0.012379992291424466
0,0.2214631338648648
0,0.08427246076697886
0,0.05011519010603913
0,0.017436810029924137
1,0.9320551850941544
0,0.2537936014125569
0,0.016974167457870552
0,0.05456046190538673
0,0.46206233732685104
1,0.6594534109074824
0,0.18040153441464135
0,0.01741115055703193
0,0.04374944749869076
0,0.5612697221706326
0,0.4713589789970613
0,0.8919035646111955
0,0.5810522119763772
0,0.0844758749652976
0,0.021348142549617546
0,0.024075568158852607
0,0.5594963277322906
0,0.16372984821520906
0,0.04685115437257992
0,0.8839994166361045
0,0.03137783458823821
1,0.4230029066291554
0,0.02553284884953392
0,0.05913673756382856
0,0.014744231001849841
0,0.044844092496713873
0,0.056702287919927354
0,0.10967594944522295
0,0.2929887702950737
1,0.6522416154826721
0,0.008991038697219643
0,0.8910839940011415
0,0.023316996313115998
0,0.5840477545024125
0,0.12571676239688895
0,0.023764547191984987
0,0.017302944856173844
0,0.7747606492439499
1,0.24732022105555743
0,0.11353886398870923
0,0.03372111348041692
0,0.08056632936416286
0,0.09454963841976138
0,0.5881318993806777
0,0.9739703455538915
1,0.4371377251559238
0,0.02177233828173104
0,0.5760954697606339
1,0.38232053892710144
0,0.76321112055959
0,0.3638271015714992
0,0.7027216231115904
0,0.19576345904076078
0,0.7874914192137422
0,0.05426093746662727
0,0.25104944277317504
0,0.029178908333936878
0,0.5781542546544454
0,0.036035923025402046
0,0.06160054741673391
0,0.5682667581633707
0,0.029937675629067
0,0.0459237777025381
0,0.6176277644824574
0,0.8525453813556201
0,0.24602741565529962
0,0.5598608012805025
0,0.6961341579692437
0,0.03268017617941608
0,0.6833789389730417
0,0.04729743283648491
0,0.09547520193415139
0,0.5150315574117073
0,0.05495101372559765
0,0.1294099854156175
0,0.5590373382230251
0,0.6615248603344435
0,0.05782707107818171
0,0.8632541290944943
0,0.07714505700053637
0,0.061918210125803855
0,0.022083132562420758
0,0.01906941556991292
0,0.014278025435474555
0,0.022169310407883194
1,0.7971775055638335
0,0.01933649349689524
0,0.03715467972106644
0,0.01290073066422293
0,0.14407715926942688
0,0.2979506182590022
1,0.7426904360647067
0,0.7096319837429338
0,0.30696845970746506
0,0.041150645159131895
0,0.18443818016888597
0,0.4118090311223687
0,0.035318810285611686
0,0.3084908570190852
0,0.17084746794408373
1,0.800503726577527
0,0.12031767342356127
0,0.4138636862703985
0,0.503027375622365
0,0.8333989578977555
1,0.3575822483780046
0,0.3028307344907301
1,0.5942267474424353
0,0.0553294178131471
1,0.9441106035466144
0,0.6551006490771503
0,0.6704131316014922
0,0.9444819162181706
1,0.845372085202156
0,0.3725796792147255
0,0.017501515034490402
0,0.8641211536281005
0,0.6378138895967307
0,0.013267145657503907
0,0.16294354373722605
0,0.028264657773019536
1,0.8502277882757586
0,0.1646873878385512
0,0.8120708672895598
0,0.4322315431846351
0,0.18623874220544234
0,0.48101463074656947
1,0.8344205694525163
0,0.5445655751446361
0,0.01676252242762644
0,0.01650042019274684
0,0.5799613347026386
0,0.17272583986806925
0,0.6776716544635003
0,0.4492449513763283
0,0.45962269450709137
1,0.8349086818151258
1,0.8463087689108661
0,0.05995332973007935
0,0.03028567876664107
0,0.6861825291773398
0,0.017815699915507938
0,0.061298194934364496
1,0.6690815248244355
0,0.013253749983984688
0,0.7504732409716144
1,0.6669497924053096
0,0.7563542204499131
0,0.008940654591002942
0,0.015006063535410572
0,0.062267788556743184
0,0.4278230178164827
1,0.9250704459549219
0,0.3070801306217433
0,0.6676295808187799
0,0.44776799414477453
0,0.34314994165549123
0,0.01852091502717351
0,0.18434137998086864
0,0.373429462705976
0,0.4497648930174993
0,0.06792460294198781
0,0.05671051409199186
0,0.523195512838296
0,0.21036421130634786
1,0.5814288365405446
0,0.023741566080331008
1,0.5306666321903544
0,0.22633985498521558
0,0.6530451209012914
0,0.8687504165795947
0,0.6256917309401606
0,0.5751575253186288
0,0.641233018235705
0,0.3087571679243001
1,0.687448681803886
0,0.4644091197658545
0,0.46421750042993803
0,0.06069003724473199
0,0.07335045845185596
0,0.15993823437200244
0,0.005047134465151826
0,0.9098269412079306
0,0.8779415251850343
0,0.6518795578857469
1,0.9053050842093461
0,0.035504637232773195
0,0.9244919367239166
0,0.6800554128296115
0,0.20035286263382193
0,0.01405168181325617
0,0.05449966399125856
0,0.07415616621284742
0,0.11077757848710902
0,0.2469682164357354
0,0.8238943387625435
0,0.018391357531097188
1,0.6901082670212573
0,0.07430169396319491
0,0.26128087098524555
0,0.34431314592373097
0,0.3824953149823303
0,0.4786521028919564
0,0.8902764970898565
0,0.6143344362380133
1,0.8820634628350887
0,0.672248130094958
0,0.24765817362947054
0,0.016382646972439373
0,0.7978283739147408
1,0.7708020674761449
0,0.0549433721662372
0,0.08384911056609062
0,0.32941542405931373
0,0.6316976635252914
0,0.07390977708814139
0,0.6321980078435935
0,0.012962804087219426
0,0.7435456894983459
0,0.19173464638523574
0,0.051395227982958404
1,0.7636398678015273
0,0.25960570599631744
0,0.41879422752851714
0,0.022648140189487957
0,0.3044061867839159
0,0.06071407155334229
0,0.22505233413596168
0,0.46706511430908837
0,0.20519452331636667
0,0.0790456922455822
0,0.11294877559479068
0,0.2527045707129312
1,0.8657985682624716
0,0.1421366087428218
0,0.15387218816526071
0,0.30696966873494874
0,0.7963645327131887
0,0.04055328800756705
0,0.6804220758405372
0,0.5159910188282586
0,0.808996340012857
0,0.03826010985507622
0,0.7316973137202738
0,0.031824662767532354
0,0.2580117932127292
0,0.030190687399993064
0,0.8827331187929052
0,0.3881652452022841
0,0.8583236289311912
0,0.01260913080838029
0,0.6909306414383865
0,0.1954042923057508
1,0.8913770839313806
0,0.08516770724396482
0,0.035198926526478304
0,0.6894777591024018
0,0.5195831212588253
0,0.030220765184376316
0,0.20697512358926393
0,0.7804975145427183
0,0.6100396790484687
0,0.9025251309897003
0,0.10014517754990547
0,0.7449213816805389
0,0.0384551240112455
0,0.11886711872078697
0,0.11056989372456937
0,0.5726278313542223
0,0.07902523891768357
0,0.733925892532329
0,0.45081134731204103
0,0.28810352406198336
0,0.5683231921128937
1,0.9565402849922472
0,0.009519712050199068
0,0.05739986569959703
0,0.38361624281240153
0,0.28637164053545067
0,0.22391117951747927
0,0.1327435368605459
0,0.09968720118119795
0,0.2851436996245009
0,0.45616685046743366
0,0.11470292583197186
0,0.6646806681024697
0,0.311984684963283
0,0.5974807646013637
0,0.0477605360085245
0,0.5930629616867344
0,0.09276906689689135
0,0.6087769768249739
0,0.04700313000483814
0,0.06444588552141742
0,0.24730058230307173
0,0.022308581848303945
0,0.70476225552621
0,0.1310245024417132
0,0.6456043935690678
0,0.027634158892380883
0,0.005721985805533092
0,0.1793875072924467
0,0.39589267931432764
0,0.02620965696324993
0,0.02610119481511377
0,0.0937293928559068
0,0.26672378465255553
0,0.4117692628940701
0,0.6792884515271674
0,0.29975596213129274
0,0.03440079546539538
0,0.6148089070841837
0,0.09471678196598236
1,0.8084462844455862
0,0.2580842633729379
0,0.03400601420406025
0,0.04383883775344854
0,0.35316288917877975
0,0.01770240507768689
0,0.6862270590795891
0,0.07172528924068523
0,0.17459907567888702
0,0.03539902931536938
0,0.0858956355554021
1,0.9119853954641942
0,0.3353482758899397
0,0.3665678913092213
0,0.0873006346042626
0,0.06955425259370555
1,0.6068244157797081
0,0.564530636196478
0,0.07289375880811326
0,0.03501479122073353
0,0.8661849426294607
0,0.03417214775133861
0,0.10286389075336373
0,0.549362025929905
0,0.23100871449874805
0,0.10549813186761114
0,0.0424548625809781
0,0.7145368860950139
1,0.8037188791013096
0,0.22831236116953763
0,0.9345004605900209
0,0.5456496218507023
0,0.04272985993482631
0,0.24968493628968244
1,0.9442151332340513
0,0.5796997920262068
0,0.019141018672183183
0,0.027194255093894757
0,0.135320004809103
0,0.3162638011819408
0,0.6405515759358249
0,0.12239607382511182
0,0.418956582582662
0,0.4241550824368774
0,0.8737165208228229
0,0.6449261823716355
0,0.046015537837774144
1,0.8296938873670371
0,0.6490364788632675
0,0.4436248661010953
0,0.019725246805549594
0,0.03570594410590826
1,0.6732888620530042
0,0.00936329198175045
0,0.5888124622423072
0,0.6242089237432635
0,0.13332118969824674
0,0.021386546570574046
0,0.043476459456111456
0,0.7219136565469065
0,0.10331688483708099
0,0.03035119513831014
0,0.01191422499897809
0,0.4654164506948138
0,0.01562880877821439
0,0.3017760630362116
0,0.08902198548372758
0,0.5934730978200584
0,0.7044296258366332
0,0.2921283255790139
0,0.016057624566277812
0,0.9630253288581997
0,0.6844699747686332
0,0.8057218380590538
0,0.7711889374265417
0,0.8738004753803964
1,0.7381094356499872
0,0.021059512456503796
0,0.031008908018297702
0,0.1383391964832064
0,0.06795848927551724
0,0.38939754785388586
0,0.0986040194103481
1,0.9058611638693286
0,0.7358716996411322
0,0.025259952346923457
0,0.04316981113020563
0,0.646458059604238
0,0.2060535093541024
0,0.3646315231225779
0,0.02002778240994153
0,0.20336097779879922
0,0.05453202400343237
0,0.03851562225719839
0,0.13167139711476578
0,0.644454273308918
0,0.017807866075610773
0,0.060997170649598566
0,0.04823447910399163
0,0.8810099483551133
0,0.06182152503613015
0,0.1039209127089679
0,0.09420206218843462
0,0.031907450179467445
0,0.10620752383231084
0,0.25239013227726276
0,0.7169782925529514
0,0.038977736351781984
1,0.7195388680584781
0,0.04055572342508729
0,0.028731417921829396
0,0.11623963371864594
0,0.03777856907228153
0,0.027009840090130983
0,0.745347937475727
1,0.740341779493563
1,0.9812129786527354
0,0.25474245751827357
0,0.12626629576416198
0,0.701140883862976
0,0.013808978782616632
0,0.20274081682947234
1,0.9051266317123342
0,0.029822050960213762
0,0.09963124815745956
0,0.026413308324998924
0,0.12345823295385454
0,0.1417757929891061
0,0.23205081856162618
0,0.02379999075113897
0,0.695681302977246
0,0.011862963082708497
0,0.38160652081937924
0,0.2858777666273733
0,0.15357185527539988
0,0.019803039715071268
0,0.009037034710839284
0,0.010034255741581354
0,0.20260368611935595
0,0.02918351701304282
0,0.032021050684865625
0,0.7267101678635518
0,0.11658628345719471
0,0.0460853538316114
0,0.7452014935492401
0,0.8132702269725842
0,0.7458532742635725
0,0.15682563265349264
0,0.01579157904452143
0,0.3045866645671891
0,0.26415244400982574
0,0.024710152597736866
0,0.09768472143167371
0,0.15830973655534086
0,0.06158821331359905
0,0.09504866967489738
0,0.03794590672066274
0,0.2818724159287633
1,0.9159159279362965
1,0.6206676514892606
0,0.7524849253245188
0,0.4818372382145946
0,0.025035699153819306
0,0.3599286131278779
0,0.7257413614888459
0,0.5384092085079607
0,0.04875214219885004
0,0.429038760021873
0,0.01216514069386852
0,0.011042708064858364
0,0.409495495210481
0,0.32367157335961627
0,0.04566410250261086
0,0.4980499931751777
1,0.7249515455480483
0,0.9198542809655603
0,0.5286702399227419
0,0.024697947214922737
0,0.526891603965875
0,0.025526878847221175
0,0.7523286562637678
0,0.1559221813074257
0,0.10470434144437944
0,0.05753365403551641
0,0.015665702018998334
0,0.6019635241340592
0,0.8506315068631473
0,0.036748452908953566
1,0.8467714331576582
0,0.01897714854403653
0,0.7973629596017909
0,0.0166381434290521
0,0.6534803390399463
0,0.06333270616413696
0,0.03309255822806368
0,0.5981916745804808
0,0.05049181619229568
1,0.7817133876150121
0,0.47085959734333976
0,0.03667567142716501
0,0.7581649009920653
0,0.033021861518696745
0,0.9291927774017045
0,0.03607890421082288
0,0.5787050024837708
0,0.2746650146688437
0,0.12303324155451321
0,0.0694196802047457
0,0.7514039368284039
0,0.42860077931623525
0,0.014800368583972667
0,0.7507100079398619
0,0.83411241929051
1,0.6941948106032262
0,0.5605197164101255
0,0.023447046863417465
0,0.028996668966278012
0,0.48047161854711967
0,0.028088480977470277
0,0.12620113365810928
0,0.8252410517728963
0,0.010141693067457914
0,0.3607687263377827
0,0.46753357289334213
0,0.7762289475264789
0,0.30044274150253386
0,0.14168010394372463
0,0.39216837961527184
0,0.38740260994139414
0,0.07434656066744712
1,0.7469810890250098
0,0.2849027737457237
0,0.018885070285254504
1,0.8879832995408368
0,0.6735516842920471
0,0.06400939929315437
0,0.6839741212854693
0,0.9198126414009422
0,0.9125634969803815
1,0.8014118924291334
0,0.01489338316172432
0,0.3636296255812602
0,0.4354347326147087
0,0.24459274242101153
1,0.8237547316114718
0,0.031009595291440224
0,0.86959616153428
1,0.47497700590358516
0,0.032505510522653464
0,0.7119826602208705
0,0.3778014610507988
0,0.03862336335096572
0,0.3036253577117624
0,0.02492636232746936
0,0.7689633967535215
0,0.8192366302807186
0,0.18210834596008219
0,0.03226018476665277
0,0.5125051119698916
0,0.5070688248818872
0,0.028393051159461054
0,0.32666922341145105
1,0.8241558393478148
0,0.04182611213781229
0,0.4484725966773544
1,0.6015509104363046
0,0.3217386910926454
0,0.0360139095298569
0,0.0398938218813655
0,0.11848436029527826
0,0.03389927521726696
0,0.0197502357051371
0,0.44633050810025116
0,0.6477550909823563
0,0.017485989861493006
0,0.4115404591365193
0,0.7092446044130134
0,0.2010982347052992
1,0.6921523791360078
0,0.5074339004458533
0,0.4083442470101737
0,0.030325762527334856
0,0.1381456397643037
1,0.9185743235052256
0,0.5589590917592188
0,0.4820674004031514
0,0.04345618977741087
1,0.9362393182408326
0,0.09812231333592251
0,0.023812521440158645
0,0.8911801272384927
0,0.6039507276481562
0,0.01829857522533375
0,0.8943135808998048
0,0.9368314560888208
0,0.7510052891390856
0,0.1327039738527952
0,0.06329844676470564
0,0.4834375826914699
0,0.2723563888321878
0,0.3437967468557258
0,0.02346462888280013
0,0.3831765017450101
0,0.018071681617087405
0,0.06197004581300827
0,0.1587320105713877
0,0.05389442256287234
0,0.017984035329050296
0,0.952703990034576
0,0.04735057321105691
0,0.0684442435745406
0,0.08842079305514529
0,0.5868305996511419
0,0.02503184177717157
0,0.14638375166829765
0,0.05365873209371017
0,0.38599243023979557
0,0.034211744336569885
0,0.6329992177050723
0,0.8030234768029477
0,0.02939706003759331
1,0.9111232438396069
0,0.16217053642588927
0,0.016276259013861233
0,0.03032127792651713
0,0.568452088091258
0,0.5129448464711207
0,0.19625173338492782
1,0.8486644616167777
0,0.876807122578429
0,0.0875247269406967
0,0.48801818881769327
0,0.09546053595611345
0,0.562832188759105
0,0.9019395712014326
0,0.20693040819403366
0,0.03020686679527782
0,0.9442978197227521
1,0.6284063829882213
1,0.8940434662646032
0,0.0376235522660292
0,0.8300269032899816
1,0.810922688272173
0,0.007920454564310904
0,0.575646424283488
0,0.19816253743899678
0,0.04782837896018586
0,0.4684511246857666
0,0.02912291608484776
0,0.7804854474477887
0,0.025905709090398136
1,0.8422953898827755
0,0.014952651989410981
1,0.5563110779051482
0,0.6980970788585654
0,0.09326555674129626
0,0.08165809442590356
0,0.40828914371024905
0,0.7084459316808691
0,0.710035534318546
0,0.014535649209403728
0,0.08384911056609062
0,0.022292647725840477
0,0.7743006130787066
0,0.17934924872040278
0,0.6538958677119933
0,0.19043440957136157
0,0.053193646137134135
0,0.018447309058288387
0,0.736994214612425
0,0.8959031187251361
0,0.014687462209348745
0,0.026475582338829382
0,0.02158081745986796
1,0.7876225067872599
0,0.3798121051013604
0,0.5333640442863046
0,0.9118417354569527
0,0.5315600631957105
0,0.08067042774376404
0,0.43718271022888194
0,0.017213100724778913
0,0.2518799502368341
0,0.010924018613653764
0,0.18269901851862866
0,0.60047273227681
0,0.4289195426375258
0,0.7398683928448201
1,0.5414426089577127
0,0.018257806189498373
0,0.010284761491670444
0,0.13605418671581646
0,0.44041654330025026
0,0.5754255429352878
0,0.800536488032924
0,0.12118266572214167
0,0.5154096898779043
0,0.6261507653951038
1,0.7029116528542799
0,0.09354513884498727
0,0.013794013812436222
0,0.008102526265604404
0,0.770271985858798
0,0.44944860079715443
1,0.17802101256499836
0,0.240370386935
0,0.027435005021284334
0,0.558157903123177
0,0.02296073605231387
0,0.034088428044948965
0,0.1255082014615126
0,0.2418723103546475
0,0.3030724961252557
0,0.024469401309838705
1,0.656488475093021
0,0.3884761082535358
0,0.23870934498474672
0,0.01017124117548684
0,0.007279539133816117
0,0.49951307349989893
0,0.8811426305423702
0,0.35625295756269865
1,0.8675467439811374
0,0.47977459940661477
0,0.06881754989464464
0,0.030788046656798625
1,0.7830557333929475
0,0.8264689776470838
0,0.09415047608603119
0,0.027070223117636422
1,0.8716230827407871
0,0.19148368220673384
0,0.03587481935048527
0,0.3112863935199178
0,0.07800593386351978
0,0.0254709356598927
0,0.7867567688549459
1,0.5460461919701028
0,0.5780205923626701
0,0.4884878280195806
0,0.7903760506177516
0,0.12741773497986264
0,0.01626488980861298
0,0.05258726065150862
1,0.783541370520299
1,0.5973787020462598
0,0.6540551614264716
0,0.34441514362812364
0,0.7388117028309305
0,0.12314990826225948
0,0.019244368336019516
0,0.14224675406429954
0,0.006605724005214187
1,0.666971059640801
0,0.4153531680763324
0,0.20610054742905648
0,0.456134791168035
0,0.10514839345794556
0,0.5778238523971936
0,0.17998670137718972
0,0.16298292509053094
0,0.042311013506850584
0,0.013053278197510005
0,0.42665668089813163
0,0.03177600162547569
1,0.7399631963754917
0,0.5762522913455523
0,0.021402273166763255
0,0.42884483049427424
0,0.6283475038639503
0,0.030701522302493886
0,0.03706529051197054
0,0.6395201692125876
0,0.023662676689813002
0,0.3354749753614662
0,0.19857200600832253
0,0.4481518548969661
0,0.9100289067916042
0,0.05165251531581551
0,0.5033043784627222
0,0.7961418028348558
0,0.05414726784026156
0,0.9613797531777719
1,0.8593773400431007
0,0.5250607250140196
0,0.019988901227277103
0,0.9385629183822127
0,0.6360314537169348
0,0.4716392021844076
1,0.6553033687555626
1,0.792047973535853
1,0.6793441269313367
0,0.5595867637654042
0,0.05761272139428231
0,0.014839998222366563
0,0.6303978053882305
0,0.05657461873896063
0,0.23688551642035535
0,0.33933389867730396
0,0.40667879676022434
0,0.08405690386557928
0,0.006345586489360991
0,0.13532376227570467
0,0.4954774235730941
0,0.03500402393010415
0,0.176557578645354
0,0.2921283255790139
0,0.11561482040849519
0,0.2761888809479073
0,0.03934013243830081
0,0.08444171176361619
0,0.9016412167284935
0,0.5459907343618668
1,0.7567803055265404
0,0.09907493373785983
0,0.3227672420619053
0,0.20738432633164425
0,0.8571519500916968
0,0.7539566731069748
0,0.29871914743941175
0,0.0955688997277151
0,0.06801431902171153
0,0.44654719352866
0,0.06418586013218307
0,0.44639202343165535
0,0.7957404045631881
0,0.010117461194483698
0,0.7759268389905488
0,0.3620246137263094
1,0.8786243908840036
0,0.10428829481833636
0,0.042843019175930745
0,0.09336944207110927
0,0.27489508919279
0,0.049531212060110914
1,0.795346801390334
0,0.07040835558821741
0,0.9190977423929484
0,0.4821248333287862
0,0.13244762069287255
0,0.02789350730999289
0,0.05695152724529887
0,0.052302111803537776
0,0.06395146933527678
0,0.08164698521636343
0,0.8441025908639399
0,0.546928712494643
0,0.6220881298626845
0,0.021941240489147702
0,0.672218991069734
0,0.029080612726208002
0,0.06432668867077411
0,0.05125854406871738
0,0.9016333705618875
0,0.5503711947988722
0,0.03169184513089324
0,0.024692628825362578
0,0.07294687480059099
0,0.814688678171125
0,0.3813769695812302
0,0.7708443613290153
0,0.11735252854002325
0,0.05462936766403358
0,0.24118183053145145
0,0.47490271940660567
0,0.03421867610251921
0,0.014644734551411645
0,0.6771474434809137
0,0.051354761073095764
0,0.8844184997634275
0,0.18578299814565316
0,0.030556706128931497
0,0.15102112624809175
0,0.7349513257992827
1,0.8525195207717182
0,0.5222078522093531
0,0.033220799920975784
0,0.09178573384149193
0,0.03461160759547204
0,0.07415028280545877
1,0.7250825060363486
1,0.7166059306171537
0,0.5097250304235854
0,0.014490385504066453
1,0.06841162220751562
0,0.3383382720971879
0,0.12934675885050506
0,0.3905804734239699
0,0.5687249248806161
0,0.13365866831151196
0,0.7883091420325272
0,0.6199355796833111
0,0.013690992229545146
0,0.024205609646894204
0,0.6905753471327863
1,0.7945030754056145
0,0.046812698506871725
0,0.03914885887279262
0,0.6602084366816879
0,0.01743555483355522
0,0.02202182910000263
0,0.019149619382036437
0,0.5258713233298729
1,0.2872959782659859
0,0.7980866930256515
0,0.01829620005561084
0,0.7462257799191994
0,0.6314577648128694
0,0.12992836730703664
0,0.22483158343467535
0,0.012905954136515435
1,0.7059792386267378
0,0.9507065824976839
0,0.012236164961091279
0,0.4051048760959482
0,0.39007029846806085
1,0.5907937244194896
0,0.06583019226584444
0,0.03684222383226829
0,0.37352113017980376
0,0.015615776733510334
0,0.6865010907831982
0,0.7627487878737121
0,0.007484420336080409
0,0.4134454556476072
0,0.4430265600247455
0,0.04036352852286633
0,0.7531792429977296
0,0.6941243732326612
0,0.02322001265699101
0,0.8573717457149311
0,0.0700395401368993
0,0.07634281984728825
0,0.7022329747914787
0,0.5053217871662771
0,0.04248460853098158
0,0.08393186129222867
0,0.01742201155037321
0,0.2721916973231954
0,0.09279642058110521
1,0.827858984928191
0,0.3002215332099049
0,0.0460853538316114
0,0.008084078582162257
1,0.9012976842570908
0,0.20786961805113544
0,0.26766200679713276
0,0.08406230289301699
1,0.8336435556624178
0,0.2395043632265931
0,0.3120755326701963
0,0.031574363694759085
0,0.5103899415531904
0,0.5613256364025998
0,0.8559373472849906
0,0.21507833368209284
0,0.4274477499451685
0,0.03577571088802568
0,0.023575284270482784
0,0.7540231559310797
0,0.2998186182120075
0,0.9106356871386396
0,0.46440370087306376
0,0.7400251498774824
0,0.01875380935926278
0,0.05097581958337269
0,0.8117024447048334
0,0.4260172866455777
0,0.01507286205261058
0,0.4530250936471482
0,0.0087598747087575
0,0.020520243661721213
0,0.8863905762346913
0,0.045522043060476115
0,0.0483941953069706
1,0.9416191811523765
0,0.5363376561475547
0,0.21299318315077156
0,0.7375760975495494
0,0.7418683404829365
0,0.7679061373674049
0,0.9394916041855623
0,0.2922351111853127
0,0.04203695742092197
0,0.8685874552498127
0,0.01283585517188198
0,0.8030919527161193
0,0.11404160057135732
0,0.023652425626658147
0,0.08628929928537288
0,0.029635918645507697
1,0.7635427988061937
0,0.059639512226380496
0,0.5130348533621665
1,0.3966712380620652
0,0.8328083392568987
0,0.05943943609854686
0,0.2519873274435242
0,0.011180534026138417
0,0.045901242555797285
0,0.10625503492255502
1,0.39277307123494687
0,0.08017724656570706
0,0.024068232095309425
0,0.4167101634336167
0,0.04153735483321465
0,0.04653560689638066
0,0.022013477789314496
0,0.011701883502804959
0,0.00959276529901234
0,0.5003857456782353
0,0.05865133732252208
1,0.718702883291058
0,0.18364964353650973
0,0.20233638042755975
0,0.0232993001216312
0,0.07889881948558332
0,0.37116068869197366
0,0.08444646233073694
0,0.3007493043830831
0,0.3070084856515026
0,0.08676600480895602
0,0.014044484759398998
0,0.7056495173795976
0,0.15430328043139147
0,0.6856556292141711
1,0.3007966764028051
0,0.20897812895186973
0,0.7033178811090602
0,0.1815675524084741
0,0.4141753454416595
0,0.0660214377085874
0,0.2308470654412932
1,0.8980673105619275
0,0.1331010423971227
0,0.1095339380628827
0,0.01295787536303797
0,0.010219568287379447
0,0.025492626968022878
0,0.09450688605419785
0,0.49617409191651024
0,0.30818594346103206
1,0.6499283654558891
0,0.061943617790998544
0,0.3530266046123654
0,0.06257848992802582
1,0.7764580749790461
1,0.5185288354505695
0,0.467127662313742
0,0.517900709306094
1,0.5747556926229047
0,0.1021933815784386
0,0.7326634437158852
0,0.010561494917473123
0,0.17533748697547208
0,0.09938816345512817
0,0.3071668751379271
0,0.24692616366369652
0,0.22986376661928634
0,0.03350681926693459
0,0.47474753096290745
0,0.5109069070812744
0,0.6536214023466457
0,0.8654356564624834
0,0.8742046301602711
0,0.022981418413057786
0,0.19651604232214576
0,0.63608095652219
0,0.7142480417945969
0,0.15195848070735693
0,0.49841426937229966
0,0.028117462600064428
0,0.8554408908524195
0,0.07995301381005589
0,0.38173695921110684
0,0.14838737283084175
0,0.111464282262045
0,0.009224564228044
0,0.9051412727307896
0,0.42849561851901913
1,0.8344457091159885
0,0.5746162068691412
1,0.6426991277426454
0,0.6311637556968208
0,0.0678983804764357
1,0.6782481942260661
0,0.715355478852794
0,0.4515556079817484
0,0.08765828558379063
0,0.3833473378529653
0,0.324095630370907
0,0.06524790496282659
0,0.026667962619717222
1,0.7248404004509713
0,0.04582699908195469
0,0.05993559565498127
0,0.6294751138035439
1,0.8225728355527394
0,0.2976909866740455
0,0.9316184442956017
0,0.011417112116036552
0,0.036623787984062746
0,0.018620094778465063
0,0.2831439693248076
0,0.022825897425306677
0,0.0719365810639011
0,0.00897989433264585
0,0.01154604751923517
0,0.17953377930648023
0,0.6563725371121096
0,0.014315846601172815
0,0.7478397942033369
0,0.020316523798328313
0,0.05464968016596565
1,0.8474049432348443
0,0.10746685728023919
0,0.3472611340232626
0,0.03460442106646052
0,0.04677390571555436
0,0.006771126027786953
0,0.08468347876311333
1,0.7747509317155463
0,0.379210295496685
0,0.3265725187757667
1,0.550442597299023
0,0.092064402274447
0,0.02445116717390767
0,0.058129251736631436
0,0.7067822932739639
0,0.21059668168257084
0,0.12460726170018367
0,0.08011749014469212
0,0.6959931122917656
0,0.43559173826431546
0,0.19515331514425718
0,0.7663753369174997
0,0.25981395254107964
0,0.017327879219489056
0,0.45294746293838534
0,0.4775488831780444
0,0.2202022544079033
0,0.28516434622062775
0,0.8005886450326891
0,0.049840833022096694
0,0.05659290272372483
0,0.7360507734800384
0,0.43020151781513466
0,0.86690651957712
0,0.8890243116826024
0,0.010342640428560975
0,0.07759908660339052
0,0.11302852093843735
0,0.03976619759943662
0,0.11256750505604737
0,0.8147663299783502
0,0.5021549495001474
0,0.24787999469095506
0,0.7809174129065501
0,0.6015787666277134
0,0.6328031164512621
0,0.08020831584774522
0,0.8033290549241207
0,0.08454464347023825
0,0.9176754028175238
0,0.0953758789862228
0,0.04165057278665838
0,0.13036962960401122
1,0.8669706475559507
0,0.010159652144190732
0,0.4565448198138089
0,0.08779965246709716
0,0.07546047526598307
0,0.48552441050843187
0,0.5401865129558316
0,0.14232914598994773
0,0.027457629736173862
0,0.06090976917153611
0,0.08395852159996293
0,0.01792433329090327
0,0.034876185180976384
0,0.02865591681166534
0,0.46439566583522834
0,0.08436419922709006
0,0.405993298717968
0,0.03611869732484038
1,0.6432799262379097
0,0.07946629103031026
0,0.03884526540165353
0,0.019008216046570596
0,0.021884090539145504
0,0.02977910558979394
0,0.5622978322825676
0,0.08503868131802216
0,0.042496277907649524
0,0.03603031809589645
0,0.4079846566710684
0,0.016220132719747413
0,0.038613499024290544
0,0.274387252487511
0,0.08392852999764525
0,0.3549394495010909
0,0.4148794413670395
0,0.061790667972880825
0,0.8017546031363859
0,0.2705212478046697
0,0.019281168720072732
0,0.03396995700308729
0,0.29184848529579854
1,0.5876054534517228
1,0.7698839062449226
0,0.021104315864813407
0,0.013126531587510563
0,0.3563762460865704
0,0.6188377692154284
0,0.05036686563997387
0,0.02209528320517855
0,0.7551975120724247
1,0.5059793295103684
0,0.2804812382811783
0,0.06370174783735345
0,0.49246041657036627
0,0.047144539444018106
0,0.22964704400094385
0,0.44289575233936973
0,0.8085919672972571
0,0.016105412857633644
0,0.055013092068362725
0,0.2607068457194005
0,0.0181007168024084
0,0.04263159617508003
0,0.64488274990724
0,0.01526338861944995
0,0.015021820586595507
0,0.3649677173321694
0,0.014518888292128973
0,0.028881748972163595
0,0.45146816924271876
0,0.11510794491100211
0,0.05865957730732049
1,0.8908506986419871
0,0.573706731706358
0,0.627197769369695
0,0.03783031167163169
0,0.7882758002221285
0,0.02437563084277508
0,0.19703214847950182
0,0.057214704551405954
0,0.04651860371088582
0,0.08049225964073452
0,0.4147045299655851
0,0.06953434745800778
0,0.24552237423541057
0,0.36672462961087493
0,0.015703291685420773
0,0.08594248241421858
0,0.5952005886985094
0,0.45015170157322487
0,0.009494424068637645
0,0.022688853928146
0,0.5967265224527297
0,0.8150410091106881
0,0.5325718632214763
1,0.8971940417706318
0,0.38379456495716174
0,0.027770006181860665
0,0.28744613968981514
0,0.7392204758264331
1,0.6102924220233674
0,0.12379141445016122
0,0.6547779437918546
0,0.8545488582885153
0,0.01706562147036549
0,0.919944104660308
0,0.020045452392412486
0,0.5406002869605778
0,0.7946219972526023
0,0.5405966339041959
0,0.030834184540065198
0,0.4925835967341713
0,0.06614131490288538
0,0.01795762235820403
0,0.1498827709871126
0,0.08877568755998874
0,0.03623527199653255
0,0.565928220345676
1,0.833579759467727
0,0.02753385490291773
0,0.3543805946015804
0,0.4472607471340859
0,0.09846676887714931
1,0.852938826671258
0,0.6481137180028215
1,0.7008906194130016
0,0.026955264210287374
0,0.629780625386736
0,0.10678492923702447
0,0.44332802702531715
0,0.7768750778763429
0,0.040906797400156555
0,0.03148297252701917
0,0.40163052156063167
0,0.0978027364068103
0,0.13462295398854243
1,0.7689633967535215
0,0.602776370667119
0,0.70315346316173
0,0.8893818610238745
0,0.38659572508276313
0,0.1316575674121214
0,0.18741159584380435
0,0.1023391375300356
1,0.897713154425513
0,0.06393313250502065
0,0.04993137158153245
0,0.5120563754438676
0,0.5713840100034889
0,0.8473540223797931
0,0.03696867774226082
0,0.02875215598448967
0,0.40369680777886874
0,0.42878273845812415
1,0.8624519257492311
0,0.4287140970287079
0,0.8712247946478647
0,0.051079217947569415
0,0.014860753250373167
0,0.5209968906048713
0,0.030501384816328508
0,0.06907204187478481
0,0.20463369739264073
1,0.9060513411201393
0,0.018689818041323657
0,0.5742934813192943
0,0.4362832525578979
0,0.20322523438353968
0,0.028306816992117536
0,0.7362611590290051
0,0.06833270852756143
0,0.024706933052098697
0,0.02874781855565831
0,0.8510898637828671
0,0.06013492956822159
0,0.04086427744902319
0,0.3798865059498111
0,0.01849201865426231
0,0.3665080548554906
0,0.38564001530736164
0,0.6993021461186414
0,0.049788809885960635
0,0.015734167684806444
0,0.03513559569497199
0,0.597662623941338
0,0.5815734744263229
0,0.811715223899096
1,0.8159746959070517
0,0.375023691280139
0,0.5573251704475523
0,0.08425027938674698
0,0.15143524815673598
0,0.029108569620797126
0,0.6653629939552911
0,0.17498985962857935
0,0.7164586283684917
1,0.8729795343255752
0,0.061251773478753935
0,0.01542922642523311
0,0.36279893578690003
0,0.09789515628550145
0,0.026963602566881455
0,0.5603182535179666
0,0.3160226252220457
0,0.018474288849701304
0,0.3377003576617367
0,0.0501593086979124
1,0.8248872335395817
1,0.6824006124308635
0,0.17710399821595899
0,0.06900883173375726
0,0.4240705015578295
0,0.6902501374523842
1,0.8374893468301086
0,0.0274241781921518
0,0.09963801225122419
0,0.028860130612570197
1,0.9279319509749052
0,0.029019038810940076
0,0.8373911013573666
0,0.390703026842598
0,0.0529832098074423
0,0.03571382866941688
0,0.3327373194505786
1,0.08704288705790983
0,0.42535576144603277
0,0.05227836846838266
1,0.8503691958403595
1,0.6874423086943678
0,0.11766638413880247
1,0.8666448311638301
0,0.8951148747223262
0,0.18672307116395856
0,0.6405322535225217
1,0.8911786693526866
0,0.030659805873999996
1,0.17194326346075856
0,0.025702395729890453
0,0.10113695435511415
0,0.38823450903024964
0,0.011951198457319843
0,0.13478201532326084
1,0.8712592662054859
0,0.2583322022425917
0,0.029200347780655694
0,0.022500138279564465
0,0.18574908951641325
0,0.23403204926748547
0,0.6781653102055919
0,0.2847456981346093
0,0.3062737226828562
0,0.7682257844501739
0,0.1817603834751036
0,0.08538343034087298
0,0.0952289054851021
0,0.027220519088383483
0,0.3982018213514306
1,0.9344332623467044
0,0.08166582558830467
1,0.8808689883717041
0,0.32075392570932515
0,0.05483284980209747
0,0.029618153275007893
0,0.32453664351786343
0,0.03097097780027401
0,0.3649608610871993
0,0.029865582902484034
0,0.5715691810761971
0,0.07033416826784415
0,0.19252378586115532
1,0.8712716292702051
0,0.09105533090757553
0,0.24173613066791963
0,0.038823126721752414
0,0.3310476700892972
1,0.6630705018267024
1,0.7588950772968172
0,0.20342430153429114
0,0.8737032561776675
0,0.6876277032023195
0,0.3770203506980546
1,0.9174664326494286
0,0.2269881411728844
0,0.6745503911861984
0,0.024863930662434607
0,0.5986822315594387
1,0.6155501791042411
0,0.07746884244257213
0,0.6297232813707856
0,0.11001523911267899
0,0.09692195748189075
0,0.04283472762324295
0,0.5256412052291402
0,0.011990173855697438
1,0.7437169734250006
0,0.31959386462683087
0,0.03857715523554292
0,0.06219197412539442
0,0.6988511698964988
0,0.2601813871578386
0,0.4697970362569159
0,0.6382211392088929
0,0.5240560185034505
0,0.7733964248312366
0,0.05455844916454943
0,0.04067367716423278
0,0.20995820819010788
0,0.6189396923339878
0,0.048587932446035494
0,0.017466275115972145
0,0.039267049426181755
0,0.05189857367625664
0,0.12688637279596376
0,0.9112451504534634
0,0.19792285302918647
0,0.03319269663606606
0,0.11778215220518215
0,0.2590980418344243
0,0.925910781427823
0,0.1384368680311739
0,0.51047843901931
0,0.31764214222001336
1,0.8683577507278436
0,0.5601530333854537
0,0.047692980277999286
1,0.4862079612542366
0,0.07700578185698752
0,0.37512574634627543
0,0.031117304308007333
0,0.7103926368861766
0,0.5425648064901587
0,0.01644039243291977
0,0.6646766801238745
1,0.8282793915879156
0,0.02580698229842671
1,0.6983692133395542
0,0.048958725133868425
0,0.04823956558630876
0,0.021938030992246234
0,0.1896035834179083
0,0.07924961111674748
0,0.7866511278866006
1,0.9211157258553162
0,0.3117456379421126
0,0.05609447786168443
0,0.3140891126882289
0,0.01749919553989148
0,0.264370095106464
0,0.037124576868963505
0,0.05116225536336151
0,0.1406103709743631
0,0.77993874231155
0,0.9037969138459605
1,0.8490312449172698
1,0.8732411721822289
0,0.03580666789127736
0,0.06093121434132717
0,0.2560543003131338
0,0.18551406024456166
0,0.4678753129971469
0,0.6267999473028311
0,0.03413699728405736
0,0.7898166882793692
0,0.8397916896964521
0,0.013693104851048457
1,0.9328601799383767
0,0.4524857598560697
0,0.06222195818895022
0,0.07685509675534465
0,0.16142988772116468
0,0.3591431726812202
0,0.5675250583030416
0,0.010913256944605772
0,0.0140322618327003
0,0.09594394534806137
0,0.014904921139832154
0,0.12204481091512154
1,0.8745101949035361
0,0.073671296130276
0,0.08821164971286315
0,0.10899596934077607
0,0.2887734941755689
0,0.026234248794156045
0,0.08205409360425298
0,0.023531048817991923
0,0.08527127639743684
0,0.047436618875683
1,0.8809245123751209
0,0.0061665432115320246
0,0.11434998325009123
0,0.07441388296162932
0,0.10223227542658939
0,0.30280249195101294
0,0.8843971016047786
0,0.03448784574113241
0,0.03585607077720717
0,0.12330058982097905
0,0.653745962111122
0,0.5654803396979913
0,0.6800219907018157
0,0.7693179862368508
0,0.36540900580999885
0,0.7971621729956103
0,0.12041662144157414
0,0.0917346995063444
0,0.3902436691080556
0,0.031470647776730615
0,0.7646017655309352
0,0.179020774090154
0,0.014929952870200327
0,0.17396220876578938
0,0.5851882815157742
0,0.5209200501749375
1,0.8408573752020334
0,0.24716367694695437
0,0.6361526897053384
0,0.041280625549632514
0,0.22903383421806697
0,0.06149348635609299
0,0.3905561286251512
0,0.6262941732158778
0,0.2212859981836416
0,0.048970629660591854
0,0.5726040620275705
0,0.4947602826618894
1,0.9029296645253845
0,0.49225745898398526
0,0.16232737213467693
1,0.862319209856639
0,0.45015936166652415
0,0.025442835658995012
0,0.6764543122953482
0,0.898057516168888
0,0.2208692756321253
1,0.8933475760757907
0,0.1584677232785549
1,0.5761645905155841
0,0.717429220971964
0,0.22482128894411915
0,0.021355130773524172
0,0.03233600656159044
0,0.5417057613394731
0,0.2333942559954
0,0.013313532602395324
0,0.5810174069928798
0,0.4675206642406738
0,0.021158434870971063
0,0.3190044696930969
0,0.1875403914573254
0,0.8271586297339409
0,0.7504052948695042
1,0.26428040391717433
0,0.13972951972847683
0,0.08507717427863662
0,0.24216519460028815
1,0.15553240918717925
1,0.46215997029809724
0,0.32728719912745097
0,0.33100583636740705
0,0.08170714014975926
0,0.009951326600479942
0,0.07946730389672009
0,0.6592898668380901
0,0.10180422013700828
0,0.03885585988136363
0,0.8528566040580005
0,0.05103738496686399
0,0.5106256391031793
0,0.2381396626762701
0,0.5939236853260654
1,0.9027423649892983
0,0.834377737019903
0,0.024201412911754646
1,0.9834469140984109
0,0.27740912681879965
0,0.4551642358188605
0,0.018739444848875273
0,0.4989802639959116
0,0.048169323269984486
0,0.9290817157793444
1,0.7845556607438314
0,0.008485370891472667
0,0.16038188027649442
0,0.1683680872989903
0,0.3492665485757376
0,0.09467991996366597
0,0.1156311946312138
0,0.05527806950754214
0,0.04271239530615221
0,0.526858584525599
1,0.5569893461514259
0,0.028541488747014017
0,0.01901460291207726
0,0.49174364561618605
0,0.012096341118016557
0,0.41930693119295337
1,0.8970475474999725
0,0.22742060866759295
0,0.5785859498957636
0,0.24738380344360023
0,0.020003145921046357
0,0.27645052592983194
0,0.59105407172765
0,0.187278307673072
0,0.041007463854231437
0,0.12388855808556563
0,0.04766577911587737
0,0.3619950764858349
0,0.018910799128814746
0,0.07759915520215474
0,0.03787142543036354
0,0.6585545989630113
0,0.5157755341718113
0,0.6395613307383469
0,0.6951028028896981
0,0.041671300086387975
0,0.5707461314375084
1,0.804071142195828
0,0.09006508087940449
0,0.696327872552086
0,0.21442936580861632
0,0.045983308751927236
0,0.33591412749682276
0,0.134833257881018
0,0.021656821613252122
0,0.06356713582457699
0,0.04446822343933268
0,0.03909809251885896
0,0.7571121985405654
0,0.01448376355320747
1,0.9102791674961587
1,0.7646319995913159
0,0.4446048005188214
0,0.16193969673842334
0,0.20393531350287997
0,0.040765439990932906
0,0.13758879705127208
0,0.04977120582327469
0,0.7364340398982482
0,0.004789448372077642
0,0.4837617411114743
0,0.10274941700176314
0,0.06419664275944763
0,0.13906957034647704
0,0.4087006700264247
0,0.00811557178061142
0,0.021963921340472578
1,0.8780534332883011
1,0.4946437030302202
0,0.7984660462079427
1,0.49265605045212524
0,0.249426362313822
0,0.7349627806976808
0,0.9281242113792616
0,0.13602265162520752
0,0.027025332020897203
0,0.35297952512186337
0,0.10107607068066034
1,0.5700868697642785
0,0.3594683159823019
0,0.7247842297639083
0,0.24888301702158666
0,0.4393811483263784
1,0.9721287332782353
0,0.03649269921151988
0,0.29806946393243006
0,0.5462314349926594
0,0.017213100724778913
0,0.5364152670477176
1,0.3584804939024667
1,0.748975312014901
0,0.24075127113778405
0,0.022773245034746026
0,0.5977500798092666
0,0.09941305631388352
0,0.013575408807621705
0,0.02115523491548672
0,0.04817349925176436
0,0.2810885641605228
0,0.04757455621756854
0,0.028632302841346883
0,0.031191051727642985
0,0.2027036333500194
0,0.0317505955675428
0,0.049719948459607206
0,0.06675599667148074
0,0.3830551522109783
0,0.45625578772094544
0,0.7774713017970051
0,0.2535855120951791
0,0.03220735227113226
0,0.0339549946525065
0,0.5297707706797243
0,0.025530062629208056
1,0.9223858305020306
0,0.13565049491272935
0,0.17914988116113223
0,0.12471635856008378
0,0.02259668554222236
0,0.09143915632897671
0,0.06999602584129566
0,0.01800709582027802
0,0.19982735166090276
0,0.07773628467831878
0,0.6523320551370415
0,0.1347918606619881
0,0.006351750932509374
0,0.15186077959346944
0,0.11663441709531067
0,0.5093849369214837
0,0.013612999071177738
0,0.3054573664273155
0,0.038247549501823096
0,0.07805952588709056
0,0.05643469226987392
0,0.24994302382392908
0,0.05240788233011219
0,0.042102603865175336
0,0.6964384844581168
0,0.025389459549519978
0,0.05242266386373624
0,0.07124130434683199
1,0.6595226896149495
0,0.33832380804341644
1,0.9082294441845692
0,0.769874364993136
0,0.5459475727845186
0,0.27862786702025055
0,0.06794703147770889
0,0.04883299584529535
0,0.02142066872146052
0,0.8265261805268643
0,0.8113908492474351
0,0.6214732161350411
0,0.7369384838395874
0,0.5122514248230551
0,0.41346648566682737
0,0.019708232352429425
0,0.034031823047007075
0,0.2894307800580309
0,0.11741986686807442
0,0.02142066872146052
0,0.4867616265433047
0,0.047520102204537576
0,0.5605709503505849
1,0.8191828847140827
0,0.09958222164804599
0,0.1692767385551625
0,0.2785115565575832
0,0.42111525014961304
0,0.7011897497747013
0,0.7512947282934451
0,0.013535873950813047
0,0.2864033022263711
0,0.01817909810877786
0,0.8985240097736461
0,0.36670324945420185
0,0.023348970726910355
0,0.685755711405282
1,0.6163309428552556
1,0.5541880160035495
0,0.0669949194457861
0,0.48500357481533574
0,0.5523626677331417
0,0.020701927336867397
0,0.5218878852040479
0,0.7208988364046076
0,0.1403666671195727
0,0.3762504230208795
0,0.248075543716187
0,0.04197644208393666
0,0.36058745607457665
1,0.7212131271158758
1,0.9340835240729657
0,0.5183140531363797
0,0.3465716509292693
1,0.5414600214800696
0,0.11836502739638556
0,0.020307543596666332
0,0.08967364886042635
0,0.7029403455208006
0,0.6181633415552881
0,0.1355297598506916
0,0.4104541224544381
1,0.763956296258792
0,0.021856613235743817
0,0.026372402003066082
0,0.5248387831335009
0,0.8612924121368687
0,0.04397699309145241
0,0.17879941286000695
0,0.05023409955942385
0,0.8981206891381646
0,0.597389658661279
0,0.18741159584380435
0,0.04314059207557235
0,0.0429828397793451
0,0.050255513851514895
0,0.02777056245598011
0,0.03797649818510493
1,0.750560063723302
0,0.02081115092350472
0,0.47626866597932505
0,0.2473590708426751
0,0.004840036786194424
0,0.17946544759186672
1,0.3211850417048038
0,0.36124760087640206
0,0.3657640608260315
0,0.4516585773668821
0,0.31356303757040194
0,0.21254749047139063
0,0.10532042824551455
0,0.6493300122570129
0,0.7776254679789794
0,0.02635354665696481
0,0.5046918403849215
0,0.7933685169649344
0,0.47291100992224894
0,0.011489502931162425
1,0.9550804599896913
0,0.1238693342108467
0,0.04519722441255915
0,0.035842437778494246
0,0.0522965765211849
0,0.02357659044333484
0,0.02609879134697202
0,0.011990079826074486
0,0.013337736710751906
0,0.4340990209162915
0,0.649863187314807
0,0.21350731603866732
0,0.0343527656904607
0,0.5601035167908378
0,0.1826594810854084
0,0.4043259690839583
0,0.369734280669934
0,0.594915723848741
0,0.5515063222801008
0,0.38077585859922386
0,0.06916748370972339
0,0.5903944676663233
0,0.0408155725317783
0,0.3221185904869212
1,0.7770259163701401
0,0.012761926737559319
0,0.4393039759050959
0,0.42980351216047363
0,0.009909624121366263
0,0.9006180048477574
1,0.8590119685995521
0,0.02235412222008123
0,0.488596420471133
0,0.656750244768605
1,0.8226521144767506
0,0.4537428018276876
0,0.33912252903533363
0,0.053070849967712615
0,0.39506044992034495
0,0.031129699091103424
1,0.8430837587426654
0,0.06759182955252645
0,0.03331964232474586
0,0.29117009389212295
0,0.6780188733216926
1,0.7930251623615963
0,0.04179683994837926
0,0.7024464787398529
0,0.7689687274831614
1,0.9511985893466551
0,0.5099721169923767
0,0.1418495039271733
0,0.3992399592563217
0,0.0747926470538834
1,0.4705496997260856
0,0.40943486240894156
0,0.48811782429213474
1,0.4708284614015513
0,0.5358621723872501
0,0.11223874484508783
0,0.06405948175796881
0,0.862325370066832
0,0.025485726166420416
0,0.3196944868153295
0,0.5337088391588802
0,0.172489610678806
0,0.1194675939795493
1,0.6975310117959278
0,0.016472617035610208
1,0.6893866013065577
0,0.9541499392582212
0,0.007944102990321382
0,0.02143118529564564
0,0.29412585081185044
0,0.12775116735041242
1,0.7591473582785799
0,0.41379927607883565
0,0.8795512129110546
0,0.0486213769566958
0,0.03365622174251652
0,0.6361585574088793
0,0.7431603579467948
0,0.5103654493503202
0,0.3635231507984986
0,0.07186212727730726
0,0.929622520138175
1,0.7982954679091067
0,0.38708591681451227
0,0.01191177547967336
0,0.6276729709900365
0,0.9575127943221977
0,0.05783851521866922
0,0.24112483876226357
0,0.8199529361396771
0,0.11847193888027438
0,0.06002780929396061
0,0.2040551339916137
0,0.8448022352451079
0,0.07564186398078926
0,0.01021365523867799
0,0.1208208035613774
0,0.3069360820057842
1,0.24127108526183663
0,0.4681360641359987
0,0.7543836889015851
0,0.8486495424616869
0,0.18741159584380435
0,0.44065228451255756
0,0.49546196933858444
0,0.8076850348119041
0,0.00971692145298196
0,0.41082698815311897
0,0.9206049284540907
0,0.017213100724778913
0,0.5864774849382511
0,0.19583077196525123
0,0.015615886072029754
0,0.8814087051406495
0,0.021751191341822164
0,0.0525228065382524
0,0.12359621829757325
0,0.016393470052749364
0,0.12212105377583227
0,0.2607178404029641
0,0.6118627192787679
0,0.7555515574149086
0,0.32642297505100265
0,0.05309009666850365
1,0.8300155699904818
1,0.8422666227322179
0,0.46497100024755345
0,0.6051911447445034
1,0.7972309970432507
0,0.03820801301129352
0,0.12967360371352168
0,0.39614711869740715
0,0.8743044376770737
0,0.08123623730995914
0,0.026933173138039865
0,0.0594880716796221
0,0.31241094017520565
0,0.7735654092316189
0,0.05770110878116817
0,0.8052935563656188
0,0.012976933357206413
0,0.15099909197061628
0,0.023071879478235635
1,0.9055523515884881
0,0.700917621481686
0,0.7277588971023443
0,0.27448490791885716
0,0.42460441047814346
0,0.1037556256825303
0,0.053713292374934864
0,0.8775782685558643
0,0.15616833206585579
0,0.1749806457797854
0,0.8376814775145458
0,0.6937300456235931
0,0.22295827573988333
0,0.012450856835855329
0,0.1114629061135384
1,0.14712760693484153
0,0.20398743449416584
0,0.42325404730342453
0,0.020199894087790306
0,0.564085664641487
0,0.4779698471393899
0,0.4551930988737235
0,0.015488429451224386
0,0.13052511421745203
0,0.5815219156474642
0,0.03952435082493669
0,0.023598801574995044
0,0.5816882370758094
0,0.19514769973452264
0,0.5165236871176497
1,0.8662662045207801
0,0.05807118745989896
0,0.06136807779998172
0,0.07320500554364946
0,0.43569045596922495
0,0.45985634932837377
0,0.47647163222768124
0,0.12351333315011152
0,0.4794887051912305
0,0.014337825936607063
0,0.1948745154899877
0,0.028711241903312437
0,0.2144942015440436
0,0.11401928554120178
0,0.44240595442057107
1,0.7523947123821538
0,0.2747088716484744
0,0.43632818997762396
0,0.6159518715265604
0,0.06112423309497491
0,0.04044865711908172
0,0.5514533964886801
0,0.3525554795963601
0,0.7880407047185133
0,0.4335766881512971
0,0.3809018048178786
0,0.03487925092374394
0,0.21778464147090706
0,0.20649232845737872
0,0.21237531265568324
0,0.892677576132733
0,0.043250738508124276
0,0.45157470254300264
0,0.5328986480481518
0,0.2596937228475822
0,0.1821913447414204
0,0.03752491489001156
0,0.02098846566204646
0,0.18651297363949407
0,0.6258547520559383
0,0.7272407396634731
0,0.5145779160073615
0,0.8489461924860119
0,0.5793382032329222
0,0.2482584561978609
0,0.010566759204136042
0,0.09892198387684523
0,0.011442362696692887
0,0.3405554888473431
0,0.8201124528824275
0,0.2700627682657875
0,0.06852165642626278
0,0.7475390249942743
0,0.2288264576734446
0,0.24395650087220752
1,0.5514331448056555
0,0.07569637540990853
0,0.02338853056397823
0,0.6448591243171685
0,0.776798498793492
0,0.46267039454808334
0,0.3482453209854619
1,0.6817511159655563
0,0.01630403341664433
0,0.09654109371324006
0,0.5332096855930292
0,0.68597112999825
0,0.3679476016521022
0,0.8513956849454483
0,0.009428391870922885
0,0.1328895235277035
0,0.013666888389082432
0,0.8856255475337416
0,0.12104200595066204
0,0.2313563347050362
0,0.25799315445937165
0,0.06424136655690299
1,0.6095869995969773
0,0.48143232828372184
0,0.10536791142400355
0,0.3037811797493691
0,0.3545289275970233
0,0.08194712230906066
0,0.6373429568694631
0,0.7677954658408364
0,0.034830073621376224
0,0.015309405448907595
0,0.05753780438795137
1,0.5945964061778062
1,0.613633389339681
0,0.6218234558840576
0,0.7353423220895938
0,0.11182012931672834
0,0.030444307037945564
0,0.5244495423556689
0,0.3074487899585315
0,0.03741002554998781
0,0.4114116508935478
0,0.0587169205137741
0,0.7590123807502185
1,0.783685100899486
0,0.22117281226627758
0,0.3982018213514306
0,0.32507008032202755
0,0.7332245378351289
0,0.5327157392648588
0,0.06641988718552133
0,0.7061948596301448
0,0.07705457117649922
1,0.43843274027466134
0,0.3146493001654198
0,0.3597533450345036
0,0.7416036215790571
0,0.04295164352720454
0,0.1357768287048271
0,0.9241685949212491
0,0.8453208712014435
1,0.8105735404945719
0,0.18493649523913755
0,0.05476618839684472
0,0.5757218732832179
0,0.5642476871238429
0,0.7301429939902404
0,0.6031807422380173
0,0.26218087569433113
0,0.23308260464311906
0,0.7002242783156473
0,0.247373861357674
0,0.033239272547210645
0,0.6347923922936755
0,0.7678436750760768
0,0.07566320932369154
1,0.6559486152857904
0,0.9740973181893139
0,0.023143974047944067
1,0.8507702506644005
0,0.19395761392463534
0,0.14571386248654258
0,0.7263427943997808
0,0.21713099086876617
0,0.6853755494584283
0,0.24709995385733752
0,0.44445445180093884
0,0.10708974072947576
0,0.6700512487397805
0,0.5782206890201826
0,0.03268428202078397
0,0.22827024874993213
0,0.34068146761699203
0,0.3543964756700968
0,0.8619480374057298
1,0.8623449964515436
0,0.03305471282092923
0,0.8326962730069204
0,0.07496779627880748
1,0.392826975086734
0,0.07432445781690901
0,0.6647171048803288
1,0.703552047211557
0,0.27323625033346854
0,0.4676291704241215
0,0.2692292530796499
1,0.7921792174321934
0,0.40934245356393406
0,0.6682241090282887
0,0.8081938014396526
0,0.5642853255195609
0,0.4988473899765558
0,0.7585138501361881
1,0.9421899890187855
0,0.12000153453937143
0,0.010562844867406324
0,0.33585725779525455
0,0.9298255401713991
0,0.24497683096399708
0,0.05193423096400957
0,0.4614701236444617
0,0.43043200532364057
1,0.8775895997680667
0,0.9518534387354085
0,0.021061378273479214
0,0.6854053631699802
0,0.008931555260568765
0,0.7891794341278612
0,0.04222349295078865
1,0.8310271192330886
0,0.1510835525512313
0,0.6091069184572967
0,0.018738032137456305
0,0.05588518790937316
0,0.6518004300096792
0,0.8449162497883954
0,0.38306907739596874
0,0.16080206680143228
0,0.12708806015636537
0,0.6510500495334567
0,0.0147709615392682
0,0.15587155430102714
0,0.0830899647200884
0,0.3686961282318959
0,0.8443669738966557
0,0.5944364153532067
0,0.01916409112085524
0,0.11090954120255982
0,0.6130064551107839
0,0.023380620418742133
0,0.3819902198098339
0,0.30102356025752713
0,0.013371135697151537
0,0.8840888103875018
0,0.013115516979791724
0,0.8935196338650991
0,0.6410709172147372
0,0.49677989290091185
0,0.3744812854914484
0,0.40419479446014067
0,0.2519641414742762
0,0.7631143372922238
0,0.021893080118185613
0,0.6117499179769876
0,0.5374664670877806
0,0.5415497760294576
1,0.6340752453355467
0,0.6353479024764404
0,0.326783177130883
1,0.8422738443783203
0,0.0252316743251026
0,0.018335997846300616
0,0.22903348291960632
0,0.6458068338247229
0,0.15580255373538143
0,0.48515785075509804
0,0.31562292977328527
0,0.3194505323687392
0,0.5992151703500389
0,0.30789917290637625
0,0.10869590120014534
0,0.031681436770187275
0,0.707283353831247
0,0.20604346051150826
0,0.618387745099151
0,0.9074810092783638
0,0.27521968813834485
0,0.20382469449484272
0,0.6732185600219796
0,0.009276490724923772
0,0.024785637565543382
0,0.46433048549979017
0,0.02719933813014092
0,0.9267197396133653
1,0.9305928824949055
0,0.016567834764204103
0,0.024024998824450413
0,0.05398488898332918
0,0.024425366634203513
0,0.5926738845843352
0,0.04421096034712659
0,0.03419265455908474
0,0.8301744640035023
0,0.019773409149174182
1,0.9015943316091181
0,0.4767123395454118
0,0.03527789913387122
0,0.049305185803354766
0,0.24765623786037783
0,0.8038019568638899
0,0.7330480740141055
0,0.7935853213637326
0,0.6690355766598325
0,0.30316157365071844
0,0.6006825460225416
0,0.04965887910960504
0,0.02218473864478642
0,0.20458787126332834
0,0.01642315001344849
0,0.1861807835096676
0,0.049765311683645425
0,0.6032395818475358
0,0.008677612228452484
0,0.8089279810084672
0,0.8067794581243576
0,0.1597187176288865
0,0.2541411475463397
0,0.47498763468446104
0,0.784882432490132
0,0.07967699891558803
0,0.4353008205052849
0,0.7065569718456606
0,0.741482125494066
0,0.12547649515391418
0,0.7096996488091529
0,0.4279312392007661
0,0.0483148201315736
0,0.6226882548478483
0,0.08113597264381582
1,0.7738790693055709
0,0.26068390135938374
0,0.10664101446250294
0,0.02140579661044484
1,0.8963964130622951
0,0.167085020874679
0,0.39762543504359676
0,0.06012874441062394
0,0.5483643896664632
0,0.4249538344210267
0,0.12603872196800833
1,0.8531028281855425
0,0.19931306107491686
0,0.455432830946887
0,0.030909212179030046
0,0.4791696176022927
0,0.23666172858094
0,0.5492084591641493
0,0.02697041815168343
0,0.6665206728690117
0,0.8269035099480128
0,0.10866609944987587
0,0.5643378526292053
1,0.739287105912512
0,0.06370862279674076
1,0.5973698257421383
0,0.03397617330596116
0,0.15475464272456005
0,0.03641881778666394
0,0.25290427812206967
0,0.013937007190702606
0,0.6668118903830893
0,0.16881685540293453
0,0.7466394668940642
0,0.051402942981297
0,0.023647256613099545
0,0.3112952338910233
0,0.5421588932127893
0,0.016955232454437173
0,0.5512878202745619
0,0.6611988683389207
1,0.8465427550143296
0,0.20610453669001488
0,0.15788268225765376
0,0.5263552452741398
0,0.035694885333508355
1,0.7076017310519093
0,0.07749669674311396
0,0.018347398993848928
0,0.28717080537879597
0,0.010901730741160848
0,0.027387851166559993
0,0.17524140972209698
0,0.41001374632461557
1,0.751912947775762
0,0.10910797416012809
0,0.6097712869678948
1,0.8631042956260714
0,0.08137702551032225
0,0.0847126983533934
0,0.025136672637450865
0,0.8806154240587755
0,0.44608020601196885
1,0.16056288287465487
1,0.3859939259714472
0,0.495461421779992
0,0.02599495245994173
0,0.022395309920802776
0,0.24945406886587568
0,0.785109024031722
1,0.8677335206464143
0,0.22797396131230255
0,0.03729205864582615
0,0.01664674133836331
0,0.3325133410942284
0,0.054773556190837486
0,0.7413756220345673
0,0.10343351388094352
0,0.02356166408749508
0,0.10654410449614651
0,0.03873515731078904
0,0.08293725584074528
0,0.8372062986877425
0,0.5321935101840637
0,0.31341652241598794
0,0.49863636585381427
0,0.15037360341546716
0,0.7384552882346321
1,0.8164511607488794
0,0.023850087844224536
0,0.22869762628296156
1,0.27970905430371185
0,0.7673995099641542
0,0.25472346110801086
0,0.04897590881756994
0,0.06790293873892106
0,0.44691011869344316
0,0.054835957973008026
0,0.049194231210234696
0,0.01561924277828676
0,0.7340098159831805
0,0.9229122385862283
0,0.14278471846292556
0,0.021099663245052292
0,0.5181566879593722
1,0.9219782123686218
1,0.8935346171041862
0,0.45442206358165066
1,0.9686024012177056
0,0.37492506623192834
0,0.774869795229994
0,0.7882675014619019
0,0.020623588642378787
0,0.03275763744326565
0,0.02603085475524211
0,0.14194029026624744
1,0.8172972796790913
0,0.9431495113502489
0,0.6545304547923257
0,0.024649587885816667
0,0.5982269920409097
0,0.39492472634497083
0,0.06708546356555305
0,0.039757588007105764
0,0.15394010888849455
0,0.01039847529004214
0,0.6430853838294163
0,0.019832682430156446
0,0.5186885788476321
1,0.8893074218275981
0,0.021523055312030186
0,0.18316148872200244
0,0.026401051380141823
0,0.7048782971204981
0,0.6670302868328917
0,0.3264676395052326
0,0.06211693874447626
0,0.6062735353097828
0,0.06696103260275689
0,0.01125627212423173
0,0.27602659748165836
0,0.3248776473643426
0,0.07539807133873208
0,0.43343134249831516
0,0.04082613337132284
0,0.3622534534626567
0,0.26472471507580997
0,0.10467705230280107
0,0.045553701399737835
0,0.09977935446830564
0,0.022357128840029383
0,0.8165367070067238
0,0.028758762615680354
0,0.2420973387988941
0,0.4945142799172358
0,0.02378924470883196
0,0.042330608882106754
0,0.05319383260146492
0,0.28163086425755895
0,0.05853363608886874
1,0.7694434536875177
1,0.8516082966593387
1,0.9028074693282772
1,0.6794779288452484
1,0.7470212036210321
0,0.7897974393216458
0,0.16512950531550985
0,0.031041785959135024
0,0.06750882007748468
0,0.24630081786102404
0,0.13343696780693906
0,0.13082675871524146
0,0.043751476001919226
0,0.02691184269513549
0,0.011455099146521815
0,0.03335494019177847
0,0.6730004022584236
0,0.007377637118006945
0,0.5341673085679498
0,0.7906267921471531
0,0.49917246379107627
0,0.01222296587874331
0,0.3312360088734805
0,0.3563762460865704
0,0.6704674076103186
0,0.028729897584755644
0,0.6297306668549468
0,0.26704562561008216
0,0.3429111540552369
0,0.058449498807302575
0,0.0102900487952167
0,0.429711222431193
0,0.09319781593739987
0,0.3729773084755349
0,0.6012462427304683
0,0.7282318345514679
0,0.10667803652435794
0,0.019921446951425094
0,0.1726742491577272
0,0.5460366891304402
0,0.3390238033321756
0,0.02214575339762638
0,0.179094921242961
0,0.10465939714546167
0,0.013840695868721031
0,0.7527043716789531
1,0.742673529558601
0,0.6325694058667395
0,0.8028119827731958
1,0.1578581014228455
0,0.1560447149674232
0,0.12962402311612578
0,0.026643999795889734
0,0.07170422797071288
0,0.4450540157942102
0,0.012670348015007942
0,0.03278133805825702
0,0.051557198805226426
0,0.018961244431748774
0,0.03067015468985766
0,0.06350676388921904
0,0.4024875438579454
1,0.7798638529553574
0,0.016274388771856392
0,0.714302597425659
0,0.698669363405537
0,0.7529346511674018
0,0.027915667365800804
0,0.021352573304041833
0,0.015132117889957001
0,0.12906283179415062
0,0.43215662664552046
1,0.755832949071835
0,0.015441053470397575
0,0.4730140837340812
0,0.04347055291351101
0,0.05526024687493287
0,0.08416874905528855
0,0.11387566778676571
0,0.12170306569454103
0,0.4051002099044144
0,0.019080751283671992
0,0.5230529755486815
0,0.20992719411690286
1,0.8913800167771408
0,0.7502941331250208
1,0.692254149214064
0,0.020752666595871015
0,0.8325667333238904
0,0.7480192547751697
0,0.5790438387205569
0,0.2990859572594672
0,0.7539508355394522
0,0.30174488692092816
0,0.22571563507942416
1,0.8866747127916881
0,0.5029072145973179
0,0.7389834055377943
0,0.011231207163777414
0,0.5053217871662771
0,0.03440136955871813
1,0.7386947512399972
0,0.052644042453805114
0,0.3505455802997644
0,0.023327179500033175
0,0.012825094852932024
0,0.7138092167430079
0,0.034780754745834
0,0.010212978777683011
1,0.7440648850889788
0,0.016230938939741868
0,0.1889942209813453
0,0.27720248172812084
0,0.07344902970305346
0,0.7976368826868477
0,0.023073107515390278
0,0.09565774100751331
1,0.7119697774811473
1,0.8156094941071781
1,0.42924183690343365
0,0.03115837830610514
1,0.48467681924337347
0,0.0041541943993512265
1,0.896256663234661
0,0.24492562887876657
0,0.026177102241695848
0,0.10882070599425625
0,0.8385081792856631
0,0.016927209369451923
1,0.10811631907718075
1,0.40115473729304785
0,0.4226087723707096
0,0.07672776252919696
0,0.7017530611613902
1,0.5157459562413181
0,0.05062985696422769
0,0.02222426692367119
1,0.691571528354903
0,0.02278042345162318
1,0.6405569049010478
0,0.6913274924868499
0,0.010323164950439171
0,0.4405807030648786
0,0.020025672780940282
0,0.6238246748469396
0,0.6228465853350997
0,0.7401264076905109
0,0.7822629154602997
0,0.041438787216547486
0,0.7754279379707204
0,0.11825636972171523
0,0.11139233520627206
0,0.05712924111578909
0,0.6703850428882159
0,0.4262915527317717
0,0.34736133641734135
0,0.07854436714995937
0,0.14302757081627704
0,0.6779898964204568
0,0.20579862594329038
0,0.7514424719746178
0,0.19769238944460896
0,0.734145605069317
0,0.015455197788499409
0,0.3060335406914574
0,0.8365209081883869
0,0.09659731949966077
0,0.10033112329640552
0,0.319936708933961
1,0.8924110579105042
0,0.6671713260198483
0,0.5570403469084659
0,0.5329515713420752
0,0.023038633927221913
0,0.01992966545598363
0,0.4315801716029649
0,0.009519712050199068
0,0.014293972502332688
0,0.30142173922689247
0,0.5049708799196818
0,0.843214198087436
0,0.23114779577513633
0,0.09854737388875613
1,0.9022352991218328
0,0.015349768650591549
0,0.18222025202060835
0,0.025678876860823246
0,0.5440140079524836
1,0.7598326851301429
0,0.2946454225746412
0,0.5396811443098828
0,0.02660551355692942
0,0.557986836989241
1,0.7740318181685281
0,0.6445393964199002
0,0.006168443429385317
0,0.12351648910577051
1,0.7573265898462156
0,0.9679612829569766
0,0.042854392083745675
0,0.3571711790513318
0,0.8034156355844391
0,0.7333182372547576
0,0.04227051578828765
0,0.7566396006133763
0,0.6548444357939431
0,0.03462172435346093
0,0.016730139516544378
1,0.024133297026837985
0,0.7821985433829752
0,0.6051055073232836
0,0.32062975512033703
0,0.8398876641418797
0,0.6664153312955741
0,0.06106189451405253
0,0.042326411269495566
0,0.006060187227902508
0,0.3709830957818732
0,0.0169768892030507
0,0.027122213977730732
0,0.6194179495244643
1,0.8229719481702464
0,0.6669523374002865
0,0.4594528553893328
0,0.02227293377253983
0,0.3219744277972774
0,0.9466183519067143
0,0.4039326054838869
0,0.7218439732146946
0,0.11454171699849884
0,0.35858645976305487
1,0.9117369464609817
0,0.045381672158345834
0,0.756767372271028
0,0.053178171556408034
0,0.3517233821034576
1,0.8789490975842037
0,0.02154067923778212
0,0.07457164069497191
0,0.060886868122401176
0,0.5192530086293169
0,0.9298211795182754
0,0.6363180632130818
1,0.743371300606987
0,0.021377810912511938
0,0.5257529948267038
0,0.4354665993008353
0,0.021578942038015535
0,0.3159428775509786
0,0.04984119251065809
0,0.46357020325868176
0,0.26579810414162275
0,0.2686443564272173
0,0.07551173843199299
0,0.8162315711593207
0,0.07633060981756781
0,0.19875278604160224
0,0.7767319824396033
0,0.685546719642088
0,0.026674832314547876
0,0.024374071609888533
0,0.11229107490756521
0,0.01734979733550229
0,0.35129407968635007
0,0.05243520752238157
0,0.044283520333794804
0,0.7135139796160468
0,0.060012195249437406
0,0.16175221459098868
0,0.6077751304483007
0,0.4132377952776185
0,0.6885838313322417
0,0.6554804462394327
1,0.6297578839436725
0,0.4915236839185854
0,0.8313951898323945
0,0.5826154907522072
0,0.014461858450944887
0,0.019457891445388974
0,0.2586669834061866
0,0.8531922528339918
0,0.3294697758190525
0,0.00934512595374919
0,0.07069046027971185
1,0.7335697420071198
0,0.04742012009099808
0,0.49338570867065124
0,0.338073357481664
0,0.024675697070592785
0,0.48467165156898917
0,0.022507373046586895
0,0.05694256892900975
0,0.07218692927207733
0,0.022600631465677392
0,0.3213682694731796
0,0.016723118414074555
0,0.009080891539102753
0,0.5294960759367906
0,0.15992245479202613
0,0.026099976101041422
0,0.0913052566349771
0,0.6631577361179222
0,0.0956278407288231
0,0.46189198707879453
1,0.8326458006742699
0,0.6533000222501129
0,0.4886773736393566
1,0.7365878072638165
0,0.3726621284184316
0,0.764770983648614
0,0.11310561971737139
0,0.03423634696669681
0,0.7618640490007578
0,0.3164303821595332
0,0.13293628170042301
1,0.9118069534928739
1,0.44503875106764673
0,0.2251035800578894
1,0.8899044834667894
0,0.47498142025285445
0,0.35814897257024564
0,0.36592108030234327
0,0.4100047206876133
0,0.025916442516402818
0,0.4118468518604126
0,0.2660197251405582
0,0.03156195982202295
0,0.02449994181133503
0,0.05209146230014444
0,0.0753861747691433
0,0.024421386337234882
0,0.31045070571510147
0,0.019238102278048123
0,0.28646554581709593
0,0.3528356325981622
0,0.5173391312133617
0,0.37359680871670903
0,0.17902923384513184
0,0.42692547363782823
0,0.43936613452658324
0,0.17844143902719642
0,0.08248657139379159
0,0.3265157741688528
0,0.2096448440229431
0,0.23761319961784266
0,0.3235759069038109
0,0.8699060948490112
0,0.018275094664909883
0,0.44554529972400225
0,0.028668862946941025
0,0.05877002047693189
0,0.05649457382689374
0,0.41339905305727626
0,0.36159746444218915
0,0.7299611958380097
1,0.8015562280827568
0,0.050842860397931754
0,0.27902910167523126
0,0.10387470089539169
0,0.04654686446303064
0,0.40421780773291194
0,0.3082285963522998
0,0.22879911327282332
0,0.07546047526598307
0,0.05652779658556999
0,0.20827792649943744
0,0.025204717162834452
0,0.5593482969053187
0,0.05409746117725689
0,0.024046061877964764
0,0.42389035950532317
0,0.04729677186965711
0,0.03795195416841714
0,0.03181514402414566
0,0.6266694978601084
0,0.544824352782042
0,0.139191638242242
0,0.8171480766829211
0,0.5826630170821764
1,0.7657843415800121
0,0.7573103537273279
0,0.010348012119371496
0,0.10238822313406767
0,0.6707583992118484
0,0.37868509079981855
0,0.16657035065473744
0,0.8308636210272674
0,0.04552708383970271
0,0.12318503014957517
0,0.7982442872849881
0,0.18282845115994817
0,0.00968581627956552
0,0.8241775664102305
0,0.7212337296187684
0,0.015103911351393582
0,0.590164896433024
0,0.02774878937242766
0,0.08117753577722196
0,0.05741943947968915
0,0.025542940719036587
0,0.049301199631636955
0,0.022424040987072933
0,0.3629770789406413
0,0.04298664503327199
0,0.09091943825098234
0,0.03279977123521361
0,0.052623363214153215
0,0.034027976797574355
0,0.016336634768327956
0,0.8126214027932297
0,0.02536467121990583
0,0.41179639488020486
0,0.04587942673172186
0,0.022197214932077023
0,0.614318160950782
0,0.030149812861545732
0,0.3830615852237659
0,0.683544725504536
0,0.11885699938378286
0,0.41546122742668395
0,0.05364882861083452
0,0.20183412191698846
0,0.16955567785472095
0,0.6349627574621178
0,0.044289608860259344
0,0.3788202189348274
0,0.13783747839646027
0,0.018965830183284686
0,0.32917693710654855
0,0.06294557860568915
0,0.028574085905299043
0,0.015175888328713695
0,0.08793210303505376
0,0.4777543093182928
1,0.030123232440259336
0,0.016371972905441092
0,0.011498529908288826
0,0.21781786115653037
0,0.2663337276016532
0,0.2291797550076671
0,0.45534021170018435
0,0.6322973902065855
0,0.745040694932961
0,0.0917802028085058
0,0.9241172440468325
0,0.6253039884576974
0,0.7405948099619052
0,0.11909995901541838
0,0.101580362392145
0,0.02046562562967432
0,0.4203438020364416
0,0.08757212438125485
0,0.6013404134280498
0,0.013209719668960365
0,0.2691140112005031
1,0.927040206401334
0,0.029719045215814078
0,0.2557882571318132
0,0.6240348359223171
0,0.9094654699579021
0,0.46584193802299884
0,0.1253230639542429
1,0.8632710125722618
0,0.3506360840325797
0,0.03253454282447529
0,0.12108188815756953
0,0.3715806445048645
0,0.6485736196416538
0,0.3294288065922348
0,0.21325311628538926
0,0.673871674656652
0,0.04740759648996121
0,0.2652378526726102
0,0.0562805622396734
1,0.8763409280448184
0,0.3346564370497175
0,0.23237038302997803
0,0.5920105259341152
0,0.39798094191060585
0,0.011771391527240053
0,0.15273035304814392
0,0.46757917288428624
0,0.011420855293627496
0,0.016744341335945517
0,0.33221956519800355
0,0.7341525171834887
0,0.08175422755826785
0,0.32581950398098564
0,0.023286154386053238
0,0.026764249736416803
0,0.1682726606786256
0,0.029330872534533
0,0.5282032503781354
0,0.6245466317386368
0,0.4213340150148171
0,0.011893710794293062
0,0.34133991270926567
0,0.022395309920802776
1,0.6092807722074479
0,0.09427997071098375
1,0.7235591869311196
0,0.32174817108896336
0,0.24634241384272185
0,0.22756105368765267
0,0.0402206882438601
1,0.5419458086362463
0,0.08275095796535618
0,0.8547557648678665
0,0.02066916158617419
1,0.8655515009755044
0,0.045359215155729354
1,0.8293388585839371
0,0.4573065503405182
1,0.7978683217093779
0,0.03919803229835646
1,0.977365078579259
0,0.016652184707070538
0,0.014360695365056297
0,0.673918514943373
0,0.7552349551069739
0,0.05061922503740611
0,0.09480768652788389
0,0.8952737724263581
0,0.8285406669149712
0,0.021814203971379717
0,0.8412039316711949
0,0.05464194910576311
0,0.0267559735146591
0,0.47781400128866275
0,0.17489474921189754
0,0.292995210525428
0,0.16040207268659412
0,0.28555542730216416
0,0.3096463049057488
0,0.32089925981303064
0,0.09100279790881372
1,0.9459617154002428
0,0.02945971876507676
0,0.17087348484930115
0,0.6537147587717447
0,0.1191059145978567
0,0.04282748312556653
0,0.061208652199317294
0,0.10112269527327272
0,0.007049689374927844
0,0.045176787774817435
0,0.18550742483169314
0,0.0700395401368993
0,0.643233656497691
0,0.5242352233953246
0,0.09700975916426578
0,0.05944557057828838
0,0.01896847819365354
0,0.6185747435364904
0,0.06592414837660324
1,0.9017565232177612
0,0.7677144273689589
0,0.12685701611692837
0,0.46849270041756375
0,0.626952639263348
0,0.013185469885743678
0,0.4074864223462608
0,0.16630517677724208
0,0.7804486624108189
0,0.8195338229685588
0,0.6585160387712445
0,0.03394621609883597
0,0.31556679137283655
0,0.05305182542307221
1,0.8996916671780575
0,0.12955851824346468
0,0.8063296375424834
0,0.6024924770832548
0,0.926407233161917
0,0.9183010482805785
0,0.795854993901155
0,0.04317613612803236
0,0.6700775218488295
0,0.008141341250669306
0,0.4590978874451324
0,0.4789481546135283
0,0.8388100230292794
0,0.0326244448310939
0,0.569154362543244
0,0.6365881575824015
0,0.020637337625666996
0,0.10340606652601222
0,0.021910900311672674
0,0.013616733291251288
0,0.027676352583299774
0,0.8122233893154647
1,0.5731792205732545
0,0.48362856336697496
0,0.609113802681371
0,0.015507092331274714
0,0.504324742990889
0,0.2795924230816714
0,0.011033464461595194
0,0.6223969933358541
0,0.015657638943309224
0,0.330786451812612
0,0.018091230637187684
0,0.7096771996833457
0,0.367256847939245
0,0.8133629358444514
0,0.3402028626082702
0,0.04019069945911572
0,0.030499425264130058
0,0.2846428982675223
0,0.023342398180614433
0,0.5897655546505078
1,0.9863589979317595
0,0.18730777686073086
0,0.030693387592770176
0,0.20156812037590208
0,0.0900868099436978
0,0.10542302862711274
0,0.028265687255640576
0,0.04670246253488293
0,0.03761117590548946
0,0.5429588181387718
1,0.9266529629038641
0,0.29648214244113624
0,0.010702800920867499
0,0.04428149079508694
0,0.9003148775059879
1,0.8504966474659192
0,0.3852721486418997
0,0.11611995494782591
0,0.04672836841347188
0,0.3443406030142663
1,0.956134582785785
1,0.9124158543569661
0,0.8893223604047736
0,0.9177292843733923
0,0.20857617517599178
0,0.041229384035410245
0,0.010091926986896217
0,0.5084522497368983
1,0.3022189334501501
0,0.06631612076825712
0,0.11524361514639243
0,0.018392984507177537
0,0.31823189847366906
0,0.05889939424457848
0,0.21526986829694353
0,0.11892574128945563
0,0.07065018168864928
0,0.22255479052423277
1,0.8266854966824575
0,0.2814138298297689
0,0.5794854332259138
0,0.021544496466202084
1,0.8258751536791546
0,0.9087417455629339
0,0.06043638311181983
1,0.4192901121811645
0,0.730862335386136
1,0.9310791515818668
0,0.3452923555417462
0,0.014820933298741722
0,0.42385394878282134
0,0.021176731792710877
1,0.7779166860063021
0,0.08346595659171038
0,0.011655612390269824
0,0.06779922591083039
0,0.4867788853844695
0,0.11760397911086433
0,0.7693370382438889
0,0.8737267243953506
0,0.06793340889887159
0,0.6037497414586889
0,0.36291151914483066
1,0.7087929792393339
0,0.1740159701996741
0,0.7519759829194511
1,0.7182339871053827
0,0.051842291057058024
1,0.7342416819501159
0,0.7110594033379102
0,0.1166866827003355
0,0.6495427163180191
0,0.6681844282689404
0,0.022834593491593953
0,0.6899918970139886
0,0.2503762815809758
0,0.20462913121713722
0,0.05113145676214992
0,0.7992659507363817
0,0.35056236646925887
1,0.8332008668500263
0,0.5058739464187708
0,0.12470838348803089
0,0.44293080602878454
0,0.5947943857966199
0,0.5462802261228568
0,0.6325093288477587
0,0.09570341115695824
0,0.02485484474882042
0,0.38843386543206165
0,0.6729103698723182
0,0.7587513381283042
0,0.2515520166344446
0,0.06143536748308492
0,0.02300871638060475
0,0.011250044535077004
0,0.023557663602297968
0,0.09155042976799677
0,0.2998031108011699
0,0.0592422942858222
0,0.05491458103579571
0,0.38421743320842977
0,0.017867702769545045
0,0.11450887945698776
0,0.467196941628197
0,0.396011671753912
0,0.4813958723940686
0,0.2845120372056292
1,0.7018312974041647
0,0.8234167834556181
1,0.8700866183236458
0,0.024865526463933002
0,0.4777213022337995
0,0.13901829410858754
0,0.4070568131872034
0,0.07460257713500348
0,0.023041732209655545
0,0.07745665857339828
0,0.07136196143730063
0,0.8261366821914267
0,0.04569805439223254
0,0.020782183952764797
0,0.8727820210302736
0,0.9312165814473472
0,0.03184274865001455
0,0.2533450111659757
0,0.0413431521694658
0,0.10283759332926491
0,0.48016829341726974
0,0.040880746422807854
0,0.019454650167116644
0,0.7081983911638063
0,0.012337503115243606
0,0.4200522254174876
0,0.31026451704334057
0,0.5189017120479152
0,0.30243206654720806
0,0.08285030897586013
0,0.20697058689217995
0,0.16342175253641955
0,0.02802192586995955
0,0.019427477444443775
0,0.05572790411588635
1,0.8065169320443223
0,0.8251396135189915
0,0.5415280028858707
0,0.10556696375251307
0,0.017697359516125364
0,0.011479850684865664
0,0.728284695481052
0,0.365012194823826
0,0.46263651905548864
1,0.6672583787779072
0,0.5228627359639344
0,0.914111076941447
1,0.8309989289596862
0,0.2728878438138951
0,0.5920060020157233
0,0.41658803121552485
0,0.14849011799929943
0,0.17371801851687604
0,0.4393951067535023
0,0.046759098115189544
0,0.04992003422133845
0,0.04714425534669516
0,0.22990721944858233
1,0.9551255083355785
0,0.012221496324329081
0,0.09827784421707159
0,0.6248172490366165
0,0.01205434788671054
0,0.9447234290762055
0,0.5361018681745114
0,0.4352577434569601
0,0.02256503961673059
1,0.874095489041283
0,0.42329435874033594
0,0.3408527375352257
1,0.6053450951470003
0,0.8541811777690385
0,0.061357902425303375
0,0.5177174033106674
1,0.621088035578518
0,0.034146835818109574
0,0.3418882002011378
0,0.05975684820758475
0,0.03726449559972511
0,0.4450576124381614
0,0.5981620375470285
1,0.6725332684853262
0,0.051850695657924835
0,0.12342700767492117
0,0.8073697246158548
1,0.5379509920155563
0,0.6159307556629241
1,0.8335411554313837
0,0.2418735083871185
0,0.0793372363412315
0,0.09354067209921654
0,0.038723463878052276
0,0.040419992860466956
0,0.029740273500664275
0,0.04196859541533514
0,0.7073758073417121
0,0.011466087494027057
1,0.2805115267916474
1,0.5099437144573821
0,0.012122576887873892
0,0.04528297594527269
0,0.029619066831709336
0,0.83178245059402
0,0.07602288363412459
0,0.7771067275072638
0,0.07956726809995424
0,0.011132536519168764
0,0.4763601165924948
0,0.025110394015017967
0,0.33571026941739657
1,0.8885707919025905
0,0.7735099847316905
0,0.015230181877776975
0,0.09355056057127108
0,0.3690114551910669
0,0.05597419899482503
0,0.14521061462271725
0,0.019916840296099407
0,0.3883442253993972
0,0.013394237027322257
0,0.3727400297575247
0,0.016876962045056013
1,0.6871527700944338
0,0.08162341696268151
0,0.017077708626753216
0,0.03639962746916432
0,0.02305546257187678
1,0.21699835283697266
0,0.42398211459787777
0,0.25592586012246216
0,0.5644924558239297
0,0.06815246689942017
0,0.07989782634185495
0,0.010523982432433817
0,0.6911435554670536
0,0.2393673923500934
0,0.03254397392664584
0,0.04858968277139555
0,0.4841933607663561
0,0.2174778792763227
0,0.7870687334091753
0,0.030418869586679914
0,0.7776849985753705
0,0.10163223192958264
0,0.022049734072111554
0,0.010422916324811304
0,0.02893817154510769
1,0.507469433770099
0,0.48134781080324657
0,0.025038245308911414
0,0.4803897736496688
0,0.024972466423943834
0,0.4112271704702456
0,0.10839410051121522
0,0.2516507317882916
0,0.2229378417713081
1,0.8016406246073203
0,0.5896643746229305
0,0.017625381676207155
0,0.01939305498780542
0,0.2133123776296762
1,0.6088785436657917
0,0.5809673920852222
0,0.016606903200444854
0,0.4354424204937871
0,0.8280424503656457
0,0.5816207804899081
0,0.08263666204971287
0,0.1205722603810772
0,0.47762659413407066
0,0.4222960686782631
0,0.034139636075927446
1,0.5405524963016652
0,0.8196033506280367
0,0.07287113348899582
0,0.28000727855150326
0,0.9426044921821831
0,0.011125627599579474
1,0.7065189620293515
1,0.4107785967330225
0,0.514987846926805
0,0.04461934568688864
0,0.6541265740585308
0,0.7238585611572067
0,0.016430885178010706
0,0.16357676591698822
0,0.0530474056957778
0,0.023246572300514537
0,0.2592139760646473
0,0.0792702041712802
0,0.1441107753937418
0,0.08802954163401709
0,0.0920639078954154
0,0.5167224035221077
0,0.19056528504823658
0,0.007813051524766083
1,0.40482943052802145
1,0.15876134575229436
0,0.7111560062009102
0,0.4473461885555282
0,0.014034005791485388
0,0.04196280424484296
0,0.3238658007207319
0,0.07021557780060453
0,0.5905526030560875
0,0.39964865139181416
0,0.015464763439544775
0,0.027657515366865074
0,0.16562167608675146
0,0.01837907336545976
0,0.4538821675162031
0,0.026134167090688745
1,0.7174328755119347
1,0.6131228050989088
0,0.06590406634590601
0,0.402748001918454
0,0.23287294594255123
0,0.03312465006637363
0,0.48063818335546044
0,0.57106424087351
0,0.039004868038270774
0,0.20039928813277483
0,0.3502139217598164
0,0.0609881081462259
0,0.0683567806789345
1,0.5648068846036114
0,0.37986944524465316
0,0.009816890727010525
0,0.03512581114106755
0,0.7650995007281395
0,0.03305471282092923
0,0.014615213592379401
0,0.9006676502227274
1,0.734236270629207
0,0.02423646238904155
0,0.8466068504623666
0,0.2197408568950714
0,0.7692186152397833
0,0.09516189615831776
0,0.06437854141003131
0,0.05864117638800145
0,0.5619081930306914
0,0.07221396193656832
0,0.14245634899489348
0,0.379485979711685
0,0.026243250153721833
0,0.04446366738843737
0,0.042191258783538126
0,0.0197489405803582
0,0.6542764637874955
0,0.6478496495729291
0,0.8004550591442724
1,0.8063410140657618
0,0.048110919705100334
0,0.06503482585092672
0,0.26357933884864215
0,0.53882881058799
0,0.25194220950415547
0,0.008710774616164622
0,0.0831895061446712
0,0.5985612843357875
1,0.7506121181163675
1,0.8601876318521492
0,0.4482685392837373
0,0.028498590274330157
1,0.5058833138247102
1,0.5606444796582398
0,0.09864993405220229
0,0.04219056915145936
0,0.41434249960842484
0,0.8774255589301447
0,0.028659102903026694
0,0.028965301948621656
0,0.77524980604233
0,0.6756728874524335
1,0.9447827169978654
0,0.06392249386587928
0,0.5545692188992374
0,0.42579057838200923
0,0.7594854125495997
0,0.21642264443334183
0,0.38965418438498606
0,0.7894647669504412
0,0.03323478751701764
0,0.49025378996601243
0,0.5324762683201253
0,0.21721506109444497
0,0.744877816270502
0,0.01041858248480993
0,0.7930758659672618
1,0.8927036783146303
0,0.034078053541418796
0,0.11445333827273783
0,0.015932728834750894
0,0.853323078401169
0,0.18506205436929468
1,0.833541206605677
0,0.6830076650002291
0,0.577856068083364
0,0.02489433570701805
0,0.06564856596217629
0,0.04010194942079803
0,0.09897669334260459
0,0.30540306372557885
0,0.023154557021784063
0,0.011777260850196175
1,0.7236111163191734
0,0.11004317047916046
0,0.02102993638601795
0,0.06541055211474976
0,0.5939579342257498
0,0.08322146461190354
0,0.10258344355212815
0,0.027324445576442192
0,0.49461552117982843
0,0.028729897584755644
0,0.022030629124759796
0,0.012552512808077518
0,0.6286787605931918
0,0.5721249222659489
1,0.744520650943351
0,0.01074242398404125
0,0.9055796234001907
0,0.3897115857456692
0,0.576378809458284
0,0.013631524448200543
0,0.03175995977903929
0,0.03546786280583061
0,0.018148755666445342
0,0.6878195377126908
1,0.5958916994627153
0,0.8232687554883595
0,0.03570987614719535
0,0.6740887177786806
0,0.4139887533933912
0,0.012619135035504124
0,0.2248753207231156
0,0.3876818438505814
0,0.01924301838610793
0,0.9311840239639301
0,0.10130445349735338
0,0.48911065932436115
0,0.13512946927279135
0,0.3462525270292855
1,0.5913479461636472
0,0.8564900809284796
0,0.034189248648634485
0,0.08495945850843054
0,0.4257504204565496
0,0.04050692897990158
0,0.02623188471165771
0,0.6758524695267312
1,0.43918039039706064
0,0.604861275561584
1,0.6316938965864541
0,0.5119693976455175
0,0.21926949750245203
0,0.008933236043674067
0,0.015885359882006584
0,0.14024557158011353
0,0.018103153637127018
1,0.35284225119400864
1,0.8996410770040293
0,0.018861358221212134
0,0.01371699347498423
0,0.05646718034002261
0,0.5299544376687849
0,0.8752399909135061
0,0.08185938351924811
0,0.6736053709131605
0,0.4188457592044157
1,0.5240138383622337
0,0.03741002554998781
1,0.7795232245040233
0,0.12774801705291466
0,0.4303768630036306
0,0.4129807157696698
0,0.21512757787826683
0,0.6456017512902961
0,0.4076913508013361
0,0.024943692123088237
0,0.029646166472727914
0,0.6234775265880309
0,0.4936663606149563
0,0.7743484731909662
0,0.39902965775494775
0,0.021467944405003707
0,0.9175025550766442
0,0.015383257895628421
0,0.05442506307731215
0,0.805398816159296
0,0.6706711101909092
0,0.24167019825531266
0,0.034282979843077765
0,0.019143697462656678
0,0.8099217832201989
0,0.015820210901222043
0,0.47378719148913173
0,0.591864703485014
0,0.021286715580413965
0,0.17325265281219562
0,0.4840913652922794
0,0.8666125218413094
0,0.113389919991398
0,0.8210726696155175
0,0.27312701257722044
0,0.3604552009248985
0,0.06671011783827423
0,0.043423762364797704
0,0.3204379069092716
1,0.23944731610282294
0,0.02802929357386712
0,0.6268918785535165
0,0.791217996101666
0,0.06479817554701177
0,0.5113756807176946
0,0.1541062694999126
0,0.4129198904861304
0,0.3736933284083589
1,0.8346433748591098
0,0.04361127133491736
0,0.47669865881437573
0,0.27745555282881823
0,0.6550664892822444
0,0.7630324810122693
0,0.17684020464732347
0,0.04954525091334768
0,0.5107304012287017
0,0.22371226619994963
0,0.018120977896517444
0,0.062385476913890715
0,0.4162143463229188
1,0.5274475918850376
0,0.3919316720959204
0,0.005293937191220405
0,0.027585604456051998
0,0.14020327463808174
0,0.09867688827481011
0,0.09189600724254875
0,0.08210605907309097
0,0.6638447571051999
0,0.07121999302811682
1,0.8216847308713184
0,0.04618816116933526
0,0.2651963244143688
0,0.04596026204918639
0,0.17573800144712498
1,0.8869963128694238
0,0.6915440551776486
0,0.6183186107176314
0,0.18715809061067534
0,0.49981103459871135
0,0.29707896511140086
0,0.012103379548162293
0,0.4692099303930321
0,0.8351487247263137
0,0.3466659795038632
0,0.050173251524668165
0,0.18139819659341713
0,0.05821368409898256
0,0.5509631346151856
0,0.2387404787268779
0,0.22182034066638617
1,0.8274968628248358
1,0.9654428870936884
0,0.06897031262848158
0,0.10614336821540851
0,0.5621936871237463
0,0.2721511076039211
0,0.06215147010452795
0,0.23752584988931424
0,0.8661166881405338
0,0.34988770771515093
0,0.03772621379149519
0,0.08217708308325931
0,0.27893231526618584
0,0.01606305592438917
0,0.029613208253570247
1,0.6761362926835278
0,0.2813393494092551
0,0.01283338387156292
0,0.01438766334291346
0,0.32290837812277806
0,0.7711691961049868
0,0.05560772569144655
0,0.08590169074366186
0,0.8035380318959539
0,0.042498789507560183
0,0.05161989578353734
0,0.691672643906773
0,0.8358927010229793
0,0.3975397280641303
0,0.13995424407749177
0,0.260511557000387
0,0.28888302612512046
0,0.016636170579985236
0,0.028014291388632682
0,0.647554087467598
0,0.41665063454010093
0,0.033469629617004906
1,0.9582117832521351
1,0.6943434771271197
0,0.49909879277907804
0,0.036945868127132624
0,0.05869543560820161
0,0.017065163273233108
0,0.7840682546733811
0,0.016872640688411558
0,0.22758745666252875
0,0.4906029503557496
0,0.57980037808997
0,0.33980908375291424
0,0.04678743011540586
1,0.9170612053464813
0,0.0222777469365986
0,0.0229497206714029
0,0.05877687189081104
1,0.10576623368232049
0,0.399790460893191
0,0.6076038105554866
0,0.835604233442757
0,0.05972564921473606
0,0.0809591296120799
0,0.8019294830210514
0,0.23664299108756182
0,0.5969623042682729
0,0.34917534494349983
0,0.18822372820477504
0,0.422376260449251
0,0.04806454744386303
0,0.024797699066858817
0,0.025644420487690254
1,0.627843118919254
0,0.0935968301175071
0,0.41091327758471885
0,0.020299629799713566
0,0.09253024083682312
0,0.6740956472282394
0,0.013698724069220975
0,0.7694191929307412
0,0.21255551976657797
0,0.5218296135714293
1,0.8201033462491774
1,0.7952986487855263
0,0.10472332997025727
0,0.6926296283688663
0,0.06296787140588325
1,0.32604980897311203
0,0.0578835011070307
0,0.06279036135304397
0,0.012734934727407067
0,0.12641719044751235
0,0.06791594068790217
0,0.8141046022750779
0,0.43221141192439533
0,0.8743913543104892
0,0.5288355617484297
0,0.055592607828547726
0,0.6917508847354806
0,0.396343462405825
0,0.28808889187633807
0,0.8175572147795447
0,0.04509807478667854
0,0.0339072213783787
0,0.017030568692762652
1,0.25495236087836637
0,0.06390314745438577
0,0.7887369459637878
0,0.07751722574947299
0,0.025814080115207038
1,0.9174864127030671
1,0.5867966806483174
0,0.016439856505071924
0,0.050152403857138726
0,0.6203102630633065
1,0.4330644354946158
0,0.019261511724072852
0,0.03397008170244379
0,0.4801926352596377
0,0.014507597754589471
1,0.8074887756083671
0,0.7926155282196756
0,0.6025455734073052
0,0.674313251757923
0,0.5024704459901504
0,0.03612381659229966
0,0.237758309102319
0,0.026390295739287382
0,0.21672794953742636
0,0.9064351262494865
0,0.8051668869910364
1,0.7191031800796205
0,0.026012496198465077
0,0.02853424155478935
0,0.03885989907971178
0,0.5322783517804135
1,0.6665584785124999
0,0.06781019659495245
0,0.1251027666283023
0,0.048449627786571706
0,0.06360822185029906
0,0.06498118097208547
1,0.8815940476006942
0,0.05597541414653064
1,0.8613055689928882
0,0.09286633402514774
0,0.05794003980134884
0,0.08301178089662106
0,0.0954149725432756
0,0.0074934565851554995
0,0.08450845845372566
0,0.07351792510602381
0,0.0759575106135212
0,0.7819494498629119
0,0.3473352849379997
0,0.19458705732819706
0,0.6102004677627269
0,0.6991505527781099
1,0.933365909829365
1,0.6727612531558617
0,0.03436902415749913
0,0.39337446010424404
0,0.6213114153835302
0,0.023088450589448403
0,0.020517967978193
0,0.020349944410711064
0,0.14064045785207038
0,0.25341261909766033
0,0.8378533815369531
1,0.8080555798107537
1,0.5513599582988975
1,0.5302627028579981
0,0.8314138512107315
0,0.16469771826525373
0,0.5416326329562351
0,0.6245924983643842
0,0.280609860477683
0,0.24656567317598785
0,0.35921956769504304
0,0.032928896872396356
0,0.07212649277003919
0,0.8368994509758255
0,0.029391735749105207
0,0.01911427609765508
0,0.9166537019921324
0,0.1028583515900566
0,0.577705627626722
0,0.05653230349982513
0,0.7340343148224341
0,0.08947566762466207
0,0.7792146851667507
0,0.5885325204231973
0,0.9097608194067376
0,0.020161102765193915
0,0.5557423289659779
0,0.05447338891548644
0,0.007200102636344712
0,0.034452001116186695
0,0.02912291608484776
0,0.025799605270076072
0,0.46869750975790164
0,0.01650348094875248
0,0.2766629238702913
0,0.3266175822431742
0,0.42155076261806573
1,0.8606356490780901
0,0.216386075059283
0,0.1595906642217183
0,0.5508665134175212
1,0.7545404957712091
0,0.28442027992168717
0,0.6395769901822697
1,0.4419290885813571
0,0.012576663490091166
1,0.021817458874764706
0,0.9174947210893564
0,0.06676598274182192
0,0.2968337452700781
1,0.48226688680001845
0,0.2692585581992642
0,0.06759525002348583
0,0.008961888230707812
0,0.6504112400435603
0,0.9602133916920595
0,0.04475314363799075
0,0.3790464617906511
0,0.029579353700022598
0,0.4925017545063705
0,0.5674147470821592
0,0.033682356917818485
0,0.1057687931024063
0,0.024408516746878158
0,0.02637403584327874
0,0.051500288383636156
0,0.0353221154639784
0,0.04641567479188084
0,0.024100095414521926
0,0.47239756754904194
0,0.042807215033181585
0,0.06259719065260615
0,0.04977637842883646
0,0.8767427134025744
0,0.07992960284396745
0,0.029136107003035542
0,0.6358174544749162
0,0.025912184280995742
0,0.04038329684269028
0,0.2851710927231698
1,0.7014363661919607
0,0.22007063284116385
0,0.7198386939544603
0,0.1436756350499381
0,0.6428354093810316
0,0.8192939653297857
0,0.827043717010415
0,0.7694769985358463
0,0.9133451254150631
0,0.02759032939254778
0,0.06123537475238237
1,0.9152413535126809
0,0.5141663799397136
0,0.30896937724743717
0,0.826667773782447
0,0.6246305570236241
0,0.14762734484341428
0,0.16677053336732056
1,0.7694569291108623
0,0.6444536258479113
0,0.008296973092719076
0,0.36133483545584544
0,0.2080379050184019
0,0.6164498642851962
0,0.7554479408164514
0,0.5410749085492985
0,0.14064630085685947
0,0.040983923532230807
1,0.6192224735938251
0,0.09249739381385737
0,0.017428441145907164
0,0.5948124577194683
0,0.048809034530904113
0,0.03728167827434178
0,0.02719933813014092
1,0.7626578893153648
0,0.037799521823920025
0,0.040475693882776775
0,0.06074066713456882
0,0.7913718172779556
0,0.1717124668982194
0,0.23563088437407456
0,0.3419167535675462
0,0.4612271340138947
0,0.035336285474671755
0,0.3760160970027258
1,0.31447150563407866
0,0.7683261752660974
0,0.15687804698672883
0,0.030415528974314345
0,0.6345990345710506
0,0.8825471709384871
1,0.7729967482084611
0,0.659085133152766
0,0.28607843178274056
0,0.43474951622301594
1,0.625473272379268
0,0.1734529539202438
0,0.024216915701550885
0,0.2079285176703829
0,0.0946581692274945
0,0.5936756215730633
0,0.6413934368032318
0,0.533150927425303
0,0.7801964741532925
0,0.09206987330686787
0,0.12977549034459387
0,0.11035498550476566
0,0.18848179814485969
0,0.7041230500887861
0,0.10878605165111495
0,0.025658363898883686
0,0.4161736857174878
1,0.39646697042062884
1,0.8762070622372554
0,0.6385873315420547
0,0.09698799555520288
0,0.013076554666845357
0,0.020447059486626503
0,0.009519712050199068
0,0.08375347904406541
0,0.4630211647217123
0,0.03504330051857509
0,0.7905401528608902
0,0.1229872790484967
1,0.7729448038951479
0,0.20177112224973598
0,0.3736059349078976
0,0.04450892380708018
0,0.08709942975198083
0,0.7763258917373995
0,0.5581614164307506
0,0.34616684767704325
0,0.04029196831380902
0,0.016543573014071153
0,0.06170743369474241
0,0.3936983659735868
0,0.03625554697148471
0,0.03265195866207865
0,0.020357936839143376
0,0.8229496621570299
1,0.872654836564372
1,0.8296696451339568
0,0.774019326816316
0,0.3548524161824297
0,0.4731463782395258
1,0.7025453820679636
0,0.06631606142674942
0,0.7642357944243355
0,0.6871390856021135
1,0.4919546260026052
0,0.3471407015032826
0,0.034578895972781847
0,0.6967788399859447
0,0.27149836126582083
1,0.3113075622111042
0,0.5753820376036508
0,0.4546161070247253
0,0.29891050094531624
0,0.3896505307519875
0,0.3364680150382217
0,0.02385771067479221
0,0.7538018315875737
0,0.7107043499216594
0,0.21949048220752693
0,0.02314735055419011
0,0.7576429038432233
0,0.6905090590949101
0,0.8010731124974952
0,0.03852449454058866
0,0.023431559480219626
0,0.018242649204524765
0,0.7313161615668801
0,0.012139148946938535
0,0.44181229042520676
0,0.5058762683862805
0,0.03667422046864316
0,0.020414543101207744
0,0.040384977943668236
0,0.32627190595584993
0,0.05008355398707199
0,0.012760132881751615
0,0.018922535469153127
0,0.05181327130367991
0,0.9099030968179974
0,0.47653291386304014
0,0.18070453836498668
0,0.6736767078643189
0,0.28810669180686194
0,0.04471922950785718
0,0.07610645704179872
0,0.03025564017855226
0,0.06044250928650006
0,0.40455577547041827
0,0.009139686293112343
0,0.5399024393463134
0,0.08039084678366455
0,0.2891403430038191
0,0.23622632596007823
0,0.6048567853252265
0,0.3835016878824354
1,0.8877806522848639
0,0.029746500879744273
0,0.013368584722501017
0,0.02121613412724554
0,0.3388175418581427
0,0.023963998789799202
0,0.0087598747087575
0,0.838068767883238
0,0.03661271495879428
0,0.124117537392839
0,0.10118863914078877
1,0.4055972730843999
0,0.07972126061397011
0,0.3715373547075129
0,0.016522921926110302
0,0.08906015448722467
0,0.06718268436881825
0,0.059409435036939615
0,0.6668744398035024
0,0.2535982777603936
0,0.04533611803372019
0,0.06185053395273264
0,0.5250391355708253
0,0.01844826423530683
0,0.03179942894965924
0,0.011420855293627496
0,0.14481695572497788
0,0.3354822284909309
0,0.41349662408826576
0,0.5749588467765963
1,0.534877650661918
0,0.44021210078823725
0,0.6137164654361852
0,0.0348734878603213
0,0.04260667399262095
0,0.8633989234805666
0,0.00854520251746621
0,0.07388954758459947
0,0.030666050738834067
0,0.016248270487619492
1,0.9604342799591528
0,0.0647920085415722
0,0.8741502973636519
0,0.12719531785929897
0,0.09106233830620004
0,0.6780718464035592
0,0.6492103387097056
0,0.3856889593323267
0,0.8397649919129422
1,0.8038660717404823
0,0.04316981113020563
0,0.28469676367046204
0,0.39555952022731755
0,0.4256073610343923
0,0.025073333495754815
0,0.034680092846547335
0,0.011226122143140624
0,0.9275222981516024
0,0.1899962925894614
0,0.24291361606224232
0,0.04614267074887297
0,0.09881686767478425
0,0.46253813103938146
0,0.11344558886911357
0,0.252030963553803
1,0.76333619353746
1,0.8290705275002684
0,0.09454190716367367
1,0.9048524321579069
0,0.5828043162564686
0,0.33406429758889666
0,0.08275536175148923
0,0.021360209009665315
0,0.6491614717430138
0,0.01924724005778014
0,0.05942319089776325
0,0.498607679226858
0,0.03868822221927925
0,0.17453903514323116
0,0.5690699798638031
0,0.03622388619286843
0,0.03449806264395162
0,0.5757558015312948
0,0.3316108742042987
1,0.8961189335013605
0,0.016061873115683478
0,0.5387623154117132
0,0.01133353926208316
0,0.10630614341684973
0,0.033464593112549165
0,0.006439119084759491
0,0.15778166557198195
0,0.3632040341481597
0,0.09243734359070778
0,0.15033407563631254
0,0.7564617255124717
0,0.22555605005821425
0,0.17540371864142187
0,0.055001490183466055
0,0.04178626617659704
0,0.016825165586035775
1,0.1032559711809315
0,0.7356771256471006
0,0.1377097174831022
0,0.027841346987135137
0,0.1037556256825303
0,0.03159532807535207
0,0.7790666508052965
0,0.3598102133790161
0,0.2361537244597454
0,0.20709665663464974
0,0.0905536264446143
0,0.015118110329803112
0,0.07033807779124845
0,0.0507856327510255
0,0.42666844654541314
0,0.0890446091005717
0,0.04547528504033924
0,0.015791756419950946
0,0.3220886787046897
0,0.4370310335454339
0,0.47974821046152866
0,0.07839018382549007
0,0.15460821650213843
0,0.8825300212604019
0,0.49101029093834186
0,0.4364082779394446
0,0.20764083722771615
0,0.7482501918163644
0,0.5856019784868608
0,0.4201316535246269
0,0.6858727767906961
0,0.8349665668053012
0,0.040971341652119554
0,0.11843930043435064
1,0.760979754839933
0,0.05558646359824604
0,0.07539401440441723
0,0.030012119643377466
0,0.039855856626757405
0,0.5520968717069786
1,0.753147104911526
0,0.2847456981346093
0,0.6408783492920134
0,0.25859021144799177
0,0.22905304848249544
0,0.8040829525261521
0,0.14925433201860924
0,0.6041843761211696
0,0.5571262513656957
0,0.3392649148208974
0,0.5918166170274484
0,0.057634918359283915
1,0.7786642936713691
1,0.10010446722697953
0,0.5926471189520377
0,0.5292695285503923
0,0.5001163832294829
1,0.8966740796789867
0,0.023505032766155984
0,0.035842437778494246
0,0.0660214918930325
0,0.5008049779597592
0,0.05117232540745971
0,0.9141882175393353
0,0.03725189440336855
1,0.8358213877049903
0,0.6656027568971027
0,0.30556993164718393
0,0.02698466454549565
0,0.09336942524878364
1,0.6880594584839949
0,0.03141363557121712
0,0.020159444732095546
0,0.032820929631625806
0,0.3243282206888307
0,0.061565615854002644
1,0.871226811388609
0,0.044755186324804054
0,0.07439045557765461
0,0.6651029798008664
0,0.0725947864535198
0,0.18056303397323945
0,0.8872499168986595
0,0.046822936802621104
0,0.2817988618786824
0,0.03399843366670795
0,0.056578267577995014
0,0.8952899457761828
0,0.5276342786284716
0,0.49598759336496767
0,0.04693271115394649
1,0.7257931466377778
0,0.1541316300957838
0,0.390612847910945
0,0.7891057897678806
0,0.01855037021042018
0,0.046608864821633914
0,0.11806954956908602
0,0.01924301838610793
0,0.3731785598249743
0,0.5383868179307374
0,0.0589832410755575
0,0.2329716313963985
0,0.03970090749646398
0,0.11399898394100033
0,0.7755335689506265
0,0.043493186548689416
0,0.6918716894294837
0,0.5961454217405097
0,0.49884363528395986
0,0.01321641849122438
0,0.44700974001743127
0,0.05144552295351187
0,0.03377426500254696
0,0.04286363041332332
0,0.6287537086045498
0,0.011240710282455666
0,0.22057435732637368
0,0.020547368028050877
0,0.07277366423455348
0,0.23546097933206428
0,0.79659358365712
0,0.49800057658858427
0,0.23310561359290177
0,0.8482394677954018
0,0.02182803068447498
1,0.7844404185983807
0,0.05998645428679173
0,0.022612785670735963
0,0.7989286066660702
0,0.08399074116491079
0,0.10045726823076243
0,0.689611776767673
0,0.19828846135845726
1,0.7879559824131032
1,0.7792723805565369
0,0.04790276003561987
0,0.08928726646810352
0,0.03609417470970419
1,0.7126721906070976
0,0.46094718583033456
0,0.042921607626197414
0,0.05512351490865028
0,0.13817480559906975
0,0.14631521208512988
0,0.22120755353619215
0,0.21578977022123294
0,0.02534648337959016
0,0.6079500368319728
0,0.029498583716551445
0,0.015476372143470661
0,0.023152179894259557
0,0.8066219282990051
0,0.7801755845819875
0,0.7113669617652053
0,0.6400726593719017
1,0.8179580289293548
0,0.8571989608230145
0,0.09383084934042484
0,0.028727505912196527
0,0.8017715120209348
0,0.11608703902749823
1,0.9174794984855941
0,0.08386698696044698
0,0.026624859426739103
0,0.0835929251242446
0,0.03847388572342001
0,0.14728728878656935
0,0.015615886072029754
1,0.9204036727101447
0,0.6497740235975631
0,0.5950596760841932
0,0.016377804610582657
0,0.029067487774220406
0,0.014816825018061964
0,0.9132228043794891
0,0.0105033966609087
0,0.07264171691318268
1,0.788122838014353
0,0.05691081306632858
0,0.5570852897313088
0,0.316042044203999
0,0.05142916386945693
1,0.7618058466901985
0,0.35344664518084107
0,0.08295882976817044
0,0.05230571950028284
0,0.1511555549371809
0,0.009504384535811724
0,0.8658152532474882
0,0.043556080978129005
0,0.1364704477057969
0,0.012527636115438875
0,0.3515457097210513
0,0.22683954793594197
0,0.016173441024088138
0,0.26385591199022235
0,0.053474485162883764
0,0.2824981450587783
0,0.0221743002738726
1,0.4748809443946193
0,0.08340673770682347
0,0.023095860315266052
0,0.6035840812804488
0,0.17630828805243468
0,0.03614105407037218
0,0.019838188315421477
0,0.43110517171325247
0,0.32545518504036675
0,0.06705951825586864
1,0.8544579610230201
0,0.6119116514599995
0,0.9014519926819805
0,0.2596280453036797
0,0.02310228974733898
0,0.40375316304778597
0,0.405737280116489
0,0.6909461866290273
0,0.2545631643873031
0,0.7028380310255808
0,0.8044851607509133
0,0.03627561202021399
0,0.2059597413357743
0,0.0470052051012215
0,0.01442675848514113
0,0.08736907691900936
0,0.015025645622507574
0,0.01195266639686558
0,0.9269551258977596
0,0.3516237592693844
0,0.8862790457560197
0,0.021195751504975775
1,0.48237611934577523
1,0.9321629646462243
0,0.113695170678646
0,0.11567664710546866
0,0.011085566457723704
0,0.039740175037568874
0,0.1665479682276159
0,0.08329046208930879
0,0.8464107622306681
1,0.8883290057345066
0,0.7346076975319586
0,0.026364284679381247
0,0.03252087396075723
0,0.4358126513889247
0,0.8265233513222863
0,0.03928769955110438
0,0.02446172953309882
0,0.05472592573270479
0,0.18277014966466898
0,0.3470883784204165
0,0.6694846818374443
1,0.2443689112987451
0,0.031063061538153015
0,0.519807281184836
0,0.6425225975130037
1,0.43770922640916676
0,0.13661408752467552
0,0.07462705838253951
0,0.05786007164644671
0,0.025190660208026235
0,0.01464885370607654
0,0.24996099981635372
0,0.4498836293962642
0,0.7635758414696091
0,0.017799108713801387
0,0.6076538538408979
0,0.040203998027025685
0,0.2489987199178644
0,0.15099284820964656
0,0.0117582609468562
0,0.020099021087938377
0,0.4961772662255787
0,0.6572244206821667
0,0.859552777315605
0,0.2877963649121614
1,0.5101311087459567
0,0.18202655788220343
0,0.5683811244736586
1,0.7523848967196529
0,0.1374742063678044
0,0.006770808122696412
0,0.7154619737833042
0,0.5050113873757334
0,0.42358355754105226
1,0.7732601323452535
0,0.038920555590537094
0,0.16531861974937642
0,0.07596741314122858
0,0.6800229402824728
1,0.689145438432284
0,0.015484477664190161
0,0.0423260681377163
0,0.6832707360727608
0,0.024340508438849533
1,0.4416154289706782
0,0.7344316444506832
0,0.07717777380214517
0,0.016437698831567798
0,0.032412692222646027
0,0.06707353937326116
0,0.22182034066638617
0,0.6088961102979753
0,0.010762000866862803
0,0.027244072567957838
0,0.05018169085177905
0,0.7573518439542918
0,0.20511249393052264
0,0.409105665316488
0,0.035753827878280915
0,0.2970690587040619
0,0.4389048315042549
0,0.5864639778303335
0,0.06297869625614116
0,0.018632816036975575
0,0.695308444548656
0,0.04128814344144827
1,0.6774733550819796
0,0.007315508465847865
0,0.719394057308112
0,0.05498064522414632
0,0.019618257773380644
0,0.059708059991168565
0,0.6477092063142563
1,0.7954751168652708
0,0.04060662383903109
0,0.03474139987283807
0,0.19097384469170536
0,0.11324727451542584
0,0.33670237295321076
1,0.12299310323682375
0,0.021400389177792842
0,0.8709315242080492
0,0.17372478019760731
0,0.39598299182911845
0,0.04258617219984407
0,0.6311124541177572
0,0.29611730019044286
1,0.16801630957699104
0,0.6239325456073603
0,0.01920055861321321
0,0.530812563603282
0,0.03560226482883113
0,0.7605837140245356
0,0.00931446904807275
0,0.3305834830084233
1,0.8211626354332205
0,0.293965101133779
0,0.7393830702783151
0,0.08978748770615291
0,0.04984833758388045
0,0.04229249145464195
0,0.060752436804586384
0,0.6666116304389678
1,0.7420013380444094
1,0.9330053256448476
0,0.32164697162244293
1,0.9250978809875193
0,0.0329346850016453
0,0.05708126411595662
0,0.890906630066573
0,0.3362938472483378
0,0.16340158657066803
0,0.2944151064184985
0,0.833909413381057
0,0.03022593709792146
0,0.46976066001919103
0,0.5149883413917403
0,0.08929496825569277
0,0.04288810491473304
0,0.11553632804695411
0,0.3518207108247889
0,0.07865806486557471
0,0.7229384979964822
0,0.02713145815330371
1,0.7410223168080645
0,0.5952876375994651
0,0.017630991275783575
0,0.4324461782232643
0,0.1284693817952117
0,0.030787032725297935
0,0.014346135955857322
0,0.17495787283278247
0,0.011491391632071593
0,0.021251504570508315
0,0.08168185554173249
0,0.02724669095007978
0,0.33560347381495137
0,0.2766921711129839
0,0.4877603174077897
0,0.7446940917740822
0,0.05366487281548069
1,0.9463710022552896
0,0.021257961500625745
0,0.6456388585111754
0,0.5134939318646206
0,0.747229938179387
0,0.30328532141722
0,0.011605653139336721
0,0.02037719280465766
0,0.4770645127038479
0,0.25479680813445926
0,0.00896097118309585
1,0.7784295164710274
0,0.01364114277934868
1,0.3548255544891937
0,0.9124326829472953
0,0.12100833482649478
0,0.05634580793349418
0,0.053727642101957906
0,0.02276638603349727
0,0.019240529450423188
0,0.7373267902353677
0,0.05270872466154479
0,0.09333422479187144
0,0.3851754930163941
0,0.9047619859515479
0,0.022310148559646956
0,0.04152824451584989
0,0.02222925107483014
0,0.40915898660147054
0,0.0281202738131165
0,0.014124502856346973
0,0.4208109430916474
0,0.409045633384725
0,0.01894026794502933
0,0.10788502733603464
0,0.012872418833704848
0,0.02937972657776503
0,0.3051504194686129
0,0.7435940783524607
0,0.028593011790442893
0,0.3736829451213008
0,0.705636856448612
0,0.03442934987689184
0,0.05460222842036646
0,0.807880236894744
0,0.017412203054007137
0,0.45034551692887137
0,0.8087639482179828
0,0.8640723125752877
0,0.8833350888399352
0,0.3420065467218054
0,0.019568591105380014
0,0.3470412826889346
0,0.18774190822582904
0,0.07257346225487435
0,0.015319630187207415
0,0.17937237844363665
0,0.753431201091076
0,0.0543718530520477
0,0.12349043283440979
0,0.7908896478595675
0,0.07887936044677263
1,0.6386843543501997
0,0.5210273542312839
1,0.7968315310282231
0,0.7386949684847711
0,0.3652768128447649
0,0.2353037857601395
0,0.02894626175918335
0,0.08388924110213598
0,0.06359708060808163
0,0.8195142933584023
0,0.7121646011566302
0,0.79694063440614
0,0.1456296023518022
0,0.028099762230172194
0,0.3966550017092025
0,0.063636685410106
1,0.9054746357544248
0,0.07698848345397619
0,0.7904464834061101
0,0.4240046104169643
0,0.3844578016613098
0,0.03068818868876722
0,0.5177988146836592
0,0.42524216163600365
0,0.9024244920055192
1,0.7139055600692401
0,0.4122605611958879
0,0.05521713311653037
1,0.41480156579648886
0,0.5005023810964082
0,0.018279907304110183
0,0.8689689807765346
0,0.14035496635339975
0,0.04519686006212679
0,0.020607880767423457
0,0.09742584082529346
0,0.33636154512867056
0,0.09238838786612076
0,0.6590172568386717
0,0.7443167216996404
0,0.487184338267898
0,0.5714779298890649
0,0.41019636020857175
0,0.040539340925007605
0,0.15551109743896205
0,0.6835329553039072
0,0.08699219399556245
0,0.2058475221207398
0,0.04925775864923828
1,0.46023261333972243
1,0.785503701642087
1,0.3843395289808817
0,0.35430504299786114
1,0.7541485125044392
0,0.5391020712261422
0,0.037806340300736443
0,0.20686703897110661
0,0.5356278802855781
0,0.19125555602057873
1,0.6209208904885049
0,0.9531267495891539
0,0.60592313377293
0,0.3694237234447839
1,0.8842838257977405
0,0.04427233695233525
0,0.01322958459932
0,0.0961282913605851
0,0.3504403890305721
0,0.2908729106638671
0,0.16285557918228596
1,0.6248147288228978
0,0.017349286818675865
0,0.15218439259359148
0,0.01075993879535834
0,0.538133116501041
0,0.6962218297291186
0,0.03365622174251652
1,0.46184037213375473
1,0.9324649822566803
0,0.11444271073988581
0,0.06443668224598233
0,0.04096265358433268
0,0.09246436043873163
0,0.4279838156329109
0,0.9049321183842362
0,0.016110843484372975
0,0.02982890813639162
0,0.6609165808103424
0,0.038034894767976
0,0.5375676486220882
0,0.0964115341600012
0,0.01256032506931984
0,0.2815075461821288
0,0.026214755187518386
0,0.016465609772968813
0,0.6309143258086989
0,0.05465030389574931
1,0.8188278295399658
0,0.7309485098756089
0,0.7305428965602128
0,0.05749902010147828
0,0.20022231537244667
0,0.3472053195631129
0,0.062381000593652175
0,0.43626537911194996
0,0.02031101824903845
0,0.03655514388171239
0,0.023318175430505544
0,0.281326112939963
0,0.09922258483694206
0,0.03374535354834945
0,0.48827671903498104
0,0.05040002180650711
0,0.017944360960861033
0,0.44664235050766293
0,0.02143931756818084
0,0.07390379604224756
0,0.006285090993653002
1,0.6253435639263571
0,0.025094551182461466
1,0.7723730694185961
0,0.5157740819606336
0,0.7372847955414767
0,0.38656619059870395
0,0.29182447989838134
0,0.017478124199251335
0,0.3015184637877192
0,0.07371658737559955
0,0.1260067110221214
0,0.8917326278804982
0,0.03371138573265284
0,0.284260044721323
1,0.9043161669367362
0,0.20177528745344442
1,0.35655662571279423
0,0.09283060868021739
0,0.6030727349560232
0,0.017526138563953755
0,0.04440499714312799
0,0.34664151621607475
0,0.34107321922056205
0,0.10645455272394486
0,0.013569300206848378
0,0.018283916040420026
0,0.6662822015185947
0,0.05165287114335525
0,0.341507733147018
1,0.9174124081535826
0,0.580025855701823
0,0.7013838264161705
0,0.08302512155449399
0,0.297796101789374
0,0.030329288687789027
0,0.5558387299921352
1,0.9211918548901864
0,0.09899414651956608
0,0.034186228662426765
0,0.038851023213543605
0,0.027856298751452922
0,0.01069276977242068
0,0.009042748059518577
0,0.3381436639864352
0,0.48992328734553386
0,0.02800788978486704
0,0.8414292978224831
0,0.02984161462257196
0,0.42512017403764507
0,0.3570358458830938
0,0.34824440454422767
0,0.01596039621238864
0,0.05585271983566147
0,0.05512797941729893
0,0.04865281583957621
0,0.27393225950809597
0,0.040706812256322646
0,0.00965716883903146
0,0.012338477532601888
0,0.07746539851369866
0,0.02290562620823021
0,0.3162168011451744
0,0.7880846498335862
0,0.007123138735621646
1,0.7998282548020275
0,0.060870271192470654
0,0.03643515285790621
0,0.2754200705953496
0,0.01842059584221812
0,0.08989019142098285
0,0.03240746609666001
0,0.28281516086354364
0,0.04921527241126719
1,0.7198312187924086
0,0.2662880003167735
0,0.8646680320760433
1,0.8674529040393255
0,0.18775472283302985
0,0.026478191750097604
0,0.06235623860606721
1,0.6755725371608935
0,0.37787860446408233
0,0.02633811682782693
0,0.564917731924702
0,0.716536172223226
0,0.2778643811986836
0,0.3196260407311978
1,0.4091366745687202
0,0.018523015568041788
0,0.19531719837111236
0,0.022102689363406414
0,0.6395090912510384
0,0.6799563294847265
0,0.9080867211315221
0,0.6230886988453855
0,0.6463385970962429
0,0.7325040997108062
0,0.008940654591002942
0,0.4890332443794919
0,0.08157069914011957
1,0.9362652297436496
0,0.5292042202410855
0,0.06985707852643544
0,0.38803494217577866
0,0.007611061523415763
0,0.05973234803971688
0,0.013742387435585087
0,0.6062118984191369
0,0.3155674468670624
1,0.8052306778743439
0,0.33425840007904656
0,0.4588867704390306
1,0.9126990548897418
0,0.1951845140140669
0,0.8221904731603571
0,0.006613352541121316
0,0.015162739060338387
0,0.3105640135024883
0,0.05003935956809879
0,0.6861742134882827
1,0.8743890170160203
0,0.01141846298702431
0,0.48505353492204045
0,0.0429542605217723
0,0.424076385193515
0,0.386913419431206
1,0.6040039089426859
0,0.2799372746472679
0,0.33634054787654166
0,0.007431876331490902
0,0.021176731792710877
0,0.009271394304928952
0,0.6298817137824418
0,0.015447400781824997
0,0.28863292700788207
0,0.7791102122362922
0,0.19742073356199444
0,0.012757371407117694
0,0.6778341356559435
0,0.15057299433640647
0,0.576863732390802
0,0.04366739448672671
1,0.7965867226945096
0,0.9447033162782346
0,0.09601053804531604
0,0.40359947022430354
0,0.5769174308862052
0,0.8967247821101818
1,0.6086898984730952
0,0.012572345180391995
0,0.05725042588081612
0,0.013344777257680473
0,0.020064031478607393
0,0.8238708164049483
0,0.0798629129455323
0,0.21114618311050629
0,0.16066058912150274
1,0.6594223483665979
0,0.2080169009708911
0,0.0831860059926025
0,0.4291905101480488
1,0.9384681935454288
0,0.021914184514265217
0,0.1695520242762108
0,0.17349950641917877
1,0.17748710358338796
1,0.25730748917764773
0,0.07733072584094655
0,0.36607919652565585
1,0.27504430181095607
0,0.22837093302073846
0,0.7017748831620281
0,0.6017213795601968
0,0.038357197676040955
0,0.012949007584658227
0,0.3907709923794229
0,0.03741394799522928
0,0.15169467513859114
0,0.3754962967617093
0,0.0556839739326072
0,0.02198567097784633
0,0.024582356644600886
0,0.3468626429652829
0,0.3624464881653759
0,0.23194291566612416
0,0.008618467427405225
0,0.7087928656359261
0,0.07966347943622427
0,0.02739567424299038
0,0.2629999309069457
0,0.1672414962997306
0,0.15583728855607376
0,0.2450245123382024
0,0.8940811788629562
1,0.7815695199860295
0,0.11248948103770808
0,0.7860197343761974
0,0.15784261275879038
0,0.6018816246409866
0,0.053904109810919504
0,0.5744044703684607
0,0.033810754097615525
0,0.014236051910076151
1,0.8846616102888326
0,0.028777922052553855
0,0.01987425103631705
1,0.40992018090503296
1,0.13084601428488268
0,0.015012590216790616
0,0.039237651670239515
0,0.43216164475228575
0,0.3581541850928421
0,0.11423861331714873
0,0.2197408568950714
0,0.8760702050289546
0,0.06022919567357697
0,0.0764209198538684
1,0.8913624161071991
0,0.4375220456394882
0,0.2768441805574424
0,0.22151747687890053
0,0.035755004841390846
0,0.013248940903562389
0,0.7061808894029141
0,0.5732830819309108
0,0.474733230367645
0,0.8722181729135347
0,0.062303696105513715
0,0.0657601008928247
1,0.4044619020196792
1,0.8493710784759833
1,0.7615133363315529
1,0.24427201023217263
0,0.015363637066744934
0,0.24071226079574495
0,0.16239223425433477
0,0.07488131092830574
1,0.9483167677784875
0,0.7637300482897913
0,0.14670131953327317
0,0.06951551123341863
0,0.2338590428921636
0,0.3682299955277369
0,0.5285743651166529
0,0.6659376822737745
0,0.019928888247675934
0,0.43378549600654365
0,0.05226613501530131
0,0.515717188850008
0,0.6819420918737036
0,0.06944375549879497
0,0.42631296675119773
0,0.053031925725977765
0,0.014004333076307255
0,0.414162534718668
0,0.010624663683912476
0,0.6361386066591759
0,0.013676504599764428
0,0.02247632760414347
0,0.7128532968657596
0,0.18020185445709117
1,0.9465883663654772
0,0.19678528038493068
0,0.817694950769008
0,0.29884362368431994
0,0.537317889176071
0,0.07012850450161792
0,0.12075967022343892
0,0.7290220092496844
0,0.8731478623002895
0,0.8862360352261941
1,0.7461865714191696
0,0.04241565023429342
0,0.7491750436995438
0,0.3620459798384099
0,0.5548336075399152
0,0.5714118577742413
0,0.03168401647027086
0,0.027723756549607795
0,0.4093270515023658
0,0.10173542112990679
1,0.91554091814836
0,0.16783047146736718
0,0.429125438502696
0,0.42045628087134695
0,0.5996800231282257
0,0.058140779321881594
0,0.519744903422812
0,0.031235698360899962
0,0.07171624610449741
0,0.5567008875309984
0,0.3456118077842313
0,0.39102763736044543
0,0.05124285496503425
0,0.4668453698934155
0,0.19158353376082896
0,0.39548848375242185
0,0.197368158174357
1,0.2706875819360577
0,0.04066375964494228
0,0.05031948197025643
1,0.920635465895458
1,0.47852308066462107
0,0.038358686626784454
0,0.4175631370638501
0,0.5321309582081358
0,0.49513280316464714
0,0.09556555912599865
0,0.02074111750877916
0,0.014887504865872328
0,0.7520635979351249
1,0.7923625156315954
0,0.03796860437830869
0,0.6781586049144949
0,0.5799629634601449
0,0.075494945799451
0,0.9700034951695331
1,0.7238394687425392
0,0.5774530431218344
0,0.04633512233838437
0,0.3780725183423352
0,0.014460159436070092
1,0.7528148772442147
0,0.08734374518999302
0,0.025914705251263524
0,0.4159271732322007
0,0.2885274683493557
0,0.015840859884822436
0,0.04582500717704613
1,0.7598492679045851
1,0.6340544955216969
0,0.3897516992255233
0,0.3633608771725902
0,0.26720826701664085
0,0.017026234579517574
0,0.10610323701957955
0,0.04375901254327469
0,0.2635766839352663
0,0.017585496344640485
0,0.028715557262125112
0,0.02742495827597305
0,0.6651976756102267
1,0.574000355265686
0,0.3930667516216936
0,0.7459579622057569
0,0.10835348346764749
0,0.3765015479185368
0,0.7470865997718164
0,0.03428869552663368
0,0.7808680120582271
0,0.047505371771884936
1,0.845605696895228
0,0.05770743522384881
0,0.5187919514404215
0,0.3503488486106945
1,0.733108674882172
0,0.009846142027016943
0,0.02782626059483665
0,0.1476911142176283
0,0.9553180594500043
1,0.8009534433535598
0,0.03834458420358366
0,0.0616294361539
0,0.2843637392476602
0,0.007972188091821406
0,0.046915571215477195
0,0.04603558536181849
0,0.024835957106264094
0,0.08731598143533101
0,0.07117550610927995
0,0.7355330476112967
0,0.03345588433699501
0,0.5128763477831786
0,0.08339052471014327
0,0.33900238124809356
0,0.12621288084568838
0,0.08931412189649676
0,0.028489811419420117
0,0.023484584145282265
0,0.4659453186901065
0,0.7380146000853104
0,0.8150937698019639
0,0.19421697281841083
1,0.8563805427711162
0,0.048898142402826555
0,0.5275563033794021
0,0.7560121637760893
1,0.9551563801190445
1,0.7369806765598909
0,0.7827395426962103
0,0.4169465790047477
0,0.8045825806212454
0,0.7833828378511064
0,0.3406932976233204
0,0.22519124523195702
0,0.17196678402626397
1,0.9200728911242178
0,0.3225652520443077
0,0.16122638516288515
0,0.017735515423330492
0,0.05060951082780523
0,0.04060773994582339
0,0.01769092896703147
0,0.09411232300972473
0,0.049881767548819796
0,0.4807690498017779
0,0.021768946246211774
0,0.3943489261593346
0,0.019432043696892238
0,0.016910905021109483
0,0.8668618675350782
1,0.963613720719011
0,0.4270137313803484
0,0.025443988072039073
0,0.23023392175531765
0,0.36889624025929313
0,0.08642472809812644
0,0.037450621244451726
0,0.39626638979969747
0,0.34541354768517135
0,0.3470507266214719
0,0.5979944544144855
0,0.035181062431462906
0,0.011556922024523205
1,0.76572421144342
0,0.0218228968546736
0,0.025773962462414684
0,0.047368955512164926
0,0.020159444732095546
0,0.03302508768040364
0,0.6005245263347985
0,0.01581866884287997
0,0.6183844625401415
0,0.045993919609011266
0,0.005059608339489894
0,0.014003643642949242
0,0.6739134214805658
1,0.6886427208992756
0,0.011308982035834511
0,0.48858384447587494
0,0.4408810680802447
0,0.17709046784292343
0,0.07773628467831878
0,0.03541901873837761
0,0.034934797718492165
1,0.8744569173872545
0,0.14180308830675745
0,0.02338853056397823
0,0.4470684987258364
0,0.029564669812650338
0,0.07344478475826298
0,0.2113844577648545
0,0.25872889866369386
0,0.031041785959135024
0,0.7293799745026379
0,0.23143609503733797
0,0.282733717895787
0,0.07740376370965653
0,0.029754957739116947
1,0.7598432724799471
0,0.37993292559848363
0,0.05160452759877072
0,0.02485484474882042
0,0.8484176294002094
0,0.058968588589456125
0,0.04033476008257223
1,0.7057814249647743
0,0.03792138270939586
0,0.24308929779680233
1,0.8494542279414489
0,0.2051217146976023
0,0.06540087370293098
0,0.026837664392679435
0,0.11168350441861608
0,0.24589753562587396
1,0.7548975017943396
0,0.021264888845366054
0,0.19089389668742351
0,0.016196870681033725
0,0.546686697130379
0,0.23330318464436114
0,0.4873113363272783
0,0.03539512660401333
0,0.6221889846706828
0,0.01198986653052752
1,0.6414224931521441
0,0.03710773853449481
0,0.024799665713202704
0,0.15839405170179643
0,0.10647297268986218
0,0.1077984042404767
0,0.42197483213348175
0,0.21027825179381845
1,0.8242781286251879
0,0.8960826309346155
0,0.15966541094420653
0,0.1697978411187792
0,0.03832576689060188
0,0.486548290381718
0,0.09613379538121146
0,0.0636044398563937
0,0.021277145602869432
0,0.1314066377395671
0,0.06557938024271584
0,0.05768131712138391
0,0.13301459484049694
1,0.811094985367669
0,0.3598438191649067
0,0.01965720010562125
0,0.7184378662644082
0,0.6599433635612134
0,0.08174128173873212
0,0.2810157291382996
0,0.3682241088155485
0,0.008451271573239359
0,0.6975210461411052
0,0.6380481793575171
1,0.8097775071352885
0,0.10114744149461387
0,0.6502478737949897
0,0.009470949532006065
0,0.20888581677283657
0,0.4796902581371135
0,0.13849703347149453
0,0.4386625500582165
0,0.8019292558373442
1,0.72345655681324
0,0.019703891595187366
0,0.63563278506312
0,0.010589127378494021
0,0.5586709456418237
0,0.911899432630644
0,0.8714740423758398
1,0.5344987596540567
0,0.06646542851755843
0,0.576257081226574
0,0.012753684888879705
1,0.700788803572047
0,0.6947410496019735
0,0.2590940688901848
0,0.8172972853793902
0,0.07533128879773837
0,0.18046152609392094
0,0.03774673050053098
1,0.7936238483516204
0,0.8091516096056036
0,0.3036601684128504
0,0.7408414956157536
0,0.36310376775396014
0,0.30920436717205646
0,0.476019848364858
0,0.13881389022675283
0,0.4170869668770829
0,0.2913523995163099
0,0.6392902093941312
0,0.8023384512916972
0,0.03588471161542282
0,0.6735420702395328
0,0.16840616943839878
1,0.7522262069209634
0,0.5133496771896517
0,0.6902955188561671
0,0.29558184900526885
1,0.6916076849203805
1,0.6525031106201514
1,0.6473883400063082
0,0.23941721557374002
0,0.013053278197510005
0,0.08331837783365251
0,0.008325901082589524
0,0.39243382501019664
0,0.3765096761973029
0,0.680740274720108
0,0.10441807335086895
0,0.25036846709595817
0,0.03084949334032396
1,0.8075280854135766
0,0.2661068983931683
0,0.023145042863869883
1,0.9419038388069423
0,0.017043568685047215
0,0.5931260719323388
0,0.27384723625492613
0,0.03573228882310396
0,0.02371105856468731
0,0.0399165929160359
0,0.10808929675424532
0,0.35306909234594175
0,0.048968183312584686
0,0.6854727208999452
0,0.5111082975096038
0,0.21209016773388156
0,0.04723916826687022
0,0.07733208014760148
0,0.018064973820062506
0,0.9065846863120428
0,0.03745249371311272
0,0.7022331887455738
0,0.07925175809431682
0,0.6811511407632521
0,0.7871230958551637
0,0.29656097023782513
0,0.32924936967594515
0,0.5034203542903507
0,0.008361990703052043
0,0.08897580188116175
0,0.4511624323591717
0,0.026322438551304166
0,0.4846737053321882
0,0.06435254131368721
0,0.08089212093936582
0,0.2735863938624019
0,0.09096767446144646
0,0.23811349977455223
0,0.2417938060409441
0,0.42849405788093453
0,0.021928560740603762
0,0.10986527806848584
0,0.02753118252218337
0,0.5160153600450532
0,0.024325953348010906
0,0.7337223339573609
0,0.41370558811383396
0,0.6895300773698901
0,0.08856539747967307
1,0.7420364793267661
0,0.012617736387160863
0,0.4820529118907573
0,0.02331326503853337
0,0.4506462180175323
0,0.08742615877035836
0,0.3958409137031343
1,0.825027552562394
0,0.06769449603719147
0,0.1955009132033351
0,0.04951993537579563
1,0.8303614653369227
0,0.4546161070247253
0,0.8635451714683127
0,0.3843080262208622
0,0.10117443137688886
0,0.70373721766547
0,0.026030107153477144
0,0.5826971195212229
0,0.0313333901027134
0,0.9063462084991847
0,0.7399665133820001
0,0.017496959730319034
0,0.6504360131733192
0,0.30415293542775146
0,0.5990613631648235
1,0.8644839593217984
0,0.490423237608322
0,0.3621322225782037
1,0.5030680992529288
0,0.16854644427879426
0,0.13382038101725927
0,0.5722914012767317
0,0.07106141933780306
0,0.682116983094405
0,0.7069475728760901
1,0.9728670754578199
1,0.9755953918012114
0,0.19332414058845773
0,0.06836108860142898
0,0.027338032070099196
0,0.23312465271728836
0,0.2861025625425256
0,0.17120726282812715
0,0.035739435353931204
0,0.23834211957524168
1,0.8695183070421846
0,0.05666782285146541
1,0.7150680363561933
0,0.02838579058372169
0,0.6505799385133466
0,0.7309941747338387
0,0.26154725996841793
0,0.032491538155644026
0,0.46267149884539377
0,0.04180706416479794
0,0.02826860698378679
0,0.01920965777649429
1,0.49777218013497615
0,0.6488822949225423
0,0.04446974498193347
0,0.03829143651142034
0,0.0316253097020084
0,0.014253351761781035
0,0.1758761620773672
0,0.10255976221828624
0,0.052282456746743054
0,0.5701286833532205
1,0.6178432481294811
0,0.05857201181731969
0,0.18698513704299205
0,0.382149434505012
0,0.040315000418500786
0,0.5336204888648125
0,0.04655360154536668
0,0.07715613098449332
0,0.6102422903533826
0,0.00989630265530258
0,0.036036942859028795
0,0.5154303557052013
0,0.12215407663976614
0,0.03768915590207897
0,0.7751281494380432
0,0.5570776329034236
0,0.05771100168367867
0,0.8064118764857883
0,0.015688708451380633
0,0.19430703783998587
0,0.8158281055855773
0,0.038024248555753856
1,0.8784039493384374
0,0.8360390885055758
0,0.5322749149997197
0,0.08032407827733673
0,0.04612843046195507
0,0.1863504124462945
0,0.05768131712138391
0,0.18214210409079196
0,0.17563590365570675
1,0.18526995881973204
0,0.7999976746706939
0,0.514473904269656
0,0.027422586343467975
0,0.12176745264429209
0,0.021814203971379717
0,0.7904044442534875
0,0.02407307834151965
0,0.893674426045387
0,0.07800593386351978
0,0.7441268917082221
0,0.4226998632905894
0,0.70398456090975
0,0.689770180737525
0,0.6863543006167396
0,0.7756999719598595
0,0.032609977399880564
1,0.8189367888327926
0,0.2992038903423518
0,0.09814926704912107
1,0.6718070499813961
0,0.7841327608473605
0,0.8296131853044754
0,0.9517858380870162
0,0.18936808355055026
0,0.28362170854106467
1,0.3623653827105809
0,0.4592286890619707
0,0.04597760878869513
0,0.9141682560923016
0,0.6776436522165983
0,0.43080288590363286
0,0.940148169246904
0,0.6047346673145327
0,0.03837165148149478
0,0.7695344952750857
0,0.6276630167828049
0,0.007640742008569021
1,0.4913095464855212
0,0.23426675310588813
0,0.41465104035922823
0,0.08909225748098132
0,0.032706586617686516
0,0.216386075059283
0,0.7566108126841979
0,0.0458024219168913
0,0.4641222007144339
0,0.06222195818895022
1,0.8892337162808255
0,0.0317118660445298
1,0.06114990953200252
0,0.7172122804970694
0,0.5754429959612215
0,0.015618632861024858
0,0.17511218511737328
0,0.4549623897479572
1,0.5388758076171575
0,0.7755062788354518
0,0.006524875199114175
0,0.6271851960854165
0,0.03463434492032677
0,0.7095639935185615
0,0.7270531317622457
0,0.03041793069561225
0,0.6257137961099818
0,0.1960051584584181
0,0.6180122098048012
0,0.061154050130689475
0,0.013927934857799425
0,0.03444031315382337
1,0.9299427914136066
0,0.8587511400416974
0,0.27034730042180555
0,0.05464968016596565
0,0.9561099538954637
1,0.6724174228974633
1,0.9551014500672971
0,0.012428866248393792
0,0.19080981022760385
1,0.8014969519128364
0,0.3646620400823797
0,0.8883928493683317
0,0.10666782176376478
0,0.015033899299397302
0,0.34993179266040075
0,0.5270301925382063
1,0.7884709674054485
1,0.9205915756527785
0,0.2996474452980638
1,0.027089029920302835
0,0.21246594258064336
0,0.21178525515258284
0,0.7061651729648799
0,0.08706073934105817
0,0.5846914371469539
0,0.7431125026045106
0,0.03933045515667871
0,0.3925249289553612
0,0.4323804361745758
0,0.22720168128542545
1,0.7918285460006836
0,0.3315604458976001
1,0.636127005118431
0,0.015847715696431813
0,0.03922450099471322
0,0.042887612375056956
0,0.7151149580051053
0,0.3184731959320078
0,0.4106960804531613
0,0.7510635855761129
0,0.03805174567396436
0,0.21554166222507454
0,0.06946641844444569
0,0.013797416999711303
0,0.03060535858565897
0,0.024068014761343823
0,0.027960643348345082
0,0.27862786702025055
0,0.3518408642180796
0,0.05143389180798595
0,0.03610391390804446
0,0.24488907601896975
0,0.3527287495554457
0,0.09763165319375267
0,0.29097156730835166
0,0.3564722967578633
0,0.43282201259905617
0,0.03234391203925371
0,0.7271462003608812
0,0.04182178676324907
0,0.15065082097793878
0,0.04134659151103363
0,0.5160127607175286
1,0.9057024938028391
0,0.29719878320074594
0,0.2868591905067036
1,0.46075095868089544
0,0.043498536800754654
0,0.8748615454105394
1,0.6983716417491465
0,0.6972267271039017
0,0.5197381843869641
0,0.3560572124849813
0,0.5434384754636017
0,0.2377451624031652
0,0.10909828488562574
0,0.0100109116785857
0,0.042341610192632544
0,0.6018533246839848
0,0.5081693818601234
1,0.8775992877448803
0,0.04738933197854199
0,0.20917994607105694
0,0.22557315816166493
1,0.4046378685450331
0,0.01989341573805834
0,0.6878491453350442
0,0.9030293677934
0,0.04098808188866867
1,0.9345216789166095
0,0.04140919202192056
0,0.08324297398798579
0,0.7149027193353142
0,0.43331477813064917
1,0.7365056294493567
0,0.7812286794106126
0,0.44114068835627407
0,0.19920776981332852
0,0.10600273874635728
1,0.3696099451078401
0,0.6525668722994986
0,0.04774207299474614
0,0.07195333623280092
0,0.020604504711295737
0,0.6148703839527981
0,0.016233211677487015
0,0.21326416972337636
0,0.02159794266302397
0,0.018955718213893392
0,0.4567639624782777
1,0.8011120904818799
0,0.7405657398332905
0,0.025207343823006958
0,0.18056414482721217
0,0.14974936934159883
0,0.009464361425174221
0,0.49371286159997424
0,0.056223079493030965
1,0.43335605692471224
0,0.7205022933134463
0,0.33812711675418766
0,0.13677598497645446
0,0.6040267846513337
0,0.7629131542722105
0,0.37857861098129253
0,0.022161145679810233
1,0.8661621450516251
0,0.0760684230442167
0,0.06242438889714898
0,0.7761310641428487
0,0.6323817336368388
0,0.04321445583448645
0,0.024985129154017596
0,0.023905629957075025
1,0.41364837870789056
0,0.05830666122566795
0,0.7720982049199371
0,0.454857479882016
0,0.5990119379461234
0,0.029618153275007893
0,0.3502180298660291
0,0.7426926679047526
0,0.01369256517614175
0,0.5425450786261846
0,0.5641655053141985
0,0.7064276790918391
0,0.0918723748410744
1,0.7867106267052899
0,0.009821571020227996
0,0.5189452403260199
0,0.11246933480989979
1,0.9378335066563286
0,0.13844281511295478
0,0.8355590974810666
0,0.5097794208306726
0,0.00859109366654035
0,0.10837924780957854
0,0.037251842352059784
0,0.4683559594775721
1,0.9071483380355421
0,0.033090307941569023
0,0.028034437467456028
0,0.04344307405123588
0,0.07643688490635468
0,0.015615886072029754
0,0.024723286153768717
0,0.4275621625752168
0,0.0806513872046899
0,0.18790928773142418
0,0.25691459022670793
0,0.6633169097321515
0,0.8854026198143692
0,0.03454225512693635
0,0.7549116985855872
0,0.801205465249196
0,0.01584704209657713
0,0.597022916482263
0,0.8194863052585001
1,0.864333010693328
1,0.4502298089025255
0,0.08545882616021287
0,0.08666819684305344
0,0.251733772158044
0,0.06330437855351444
0,0.3228290455676532
0,0.43786974211161644
0,0.14970045301958193
0,0.045564341374407846
0,0.40061429747600563
0,0.03551650706883474
0,0.9210908192249785
0,0.14050470039285104
0,0.02114712135388986
0,0.014136342152249773
0,0.03986634585017478
0,0.4510759914811537
1,0.9470705002239517
0,0.012471936479792904
0,0.491650934337118
0,0.052825409236776436
0,0.5692831333805501
0,0.7576822085577324
0,0.12198009067627054
0,0.056061111424401185
0,0.15042001341953576
0,0.9432705166361381
0,0.8635433294624604
0,0.34417763918228395
0,0.08732291590038141
0,0.05431672758281539
1,0.924524010243401
0,0.025334975084127676
0,0.5632078507739644
0,0.13621432709727685
0,0.2517766438608171
0,0.583430311151985
0,0.13822882934173802
0,0.6987566739119779
1,0.8792120943523181
0,0.0334610810188975
0,0.4773810468448678
0,0.09538051188468297
0,0.5724034521533917
0,0.4428265808734689
1,0.5103842059147757
0,0.022168404351704942
1,0.7315492003866788
0,0.7384006653864528
0,0.1829407589665454
0,0.08656975735444755
0,0.008255765607307603
0,0.060671671877303816
0,0.10200925385473036
0,0.014188949444269516
0,0.6525647889868894
0,0.1608083831950191
0,0.11835051493342741
0,0.39334840158735523
1,0.6621512558987083
0,0.05739986569959703
0,0.10188156088624913
1,0.8491784399388458
0,0.13099411374859918
0,0.6189427438942778
0,0.3211728471379158
0,0.46957199085027573
0,0.7395568440397315
0,0.6058610236197095
0,0.034853441776495866
0,0.04152628475390741
0,0.07513351883229581
0,0.08125509134964477
0,0.3270745488716052
0,0.3455159840239918
0,0.6069727118703051
0,0.018403132781676122
0,0.04393394895845315
0,0.07989815743096507
0,0.14538419054285973
0,0.518773453392778
0,0.015435708101656516
1,0.07623407216595834
0,0.05333584287371079
0,0.6458775421956793
0,0.7417924940487204
0,0.8066660802290515
0,0.02233401298019545
0,0.27211167876629266
0,0.7538820020451743
0,0.1305197485492761
0,0.21515671137588463
0,0.010853092634979519
0,0.024637565907744408
0,0.010646994513670198
0,0.015596586490246707
0,0.021997221531482505
0,0.04211934007166106
0,0.14461627761057144
0,0.610111777617336
0,0.12244254923761239
0,0.00991579271834049
0,0.02214877657999843
0,0.1880876813915642
0,0.4289794125300384
0,0.22676499220201618
0,0.03340914512197952
0,0.010514969348565958
0,0.5659444060467328
0,0.17732758952868646
0,0.06755892893027925
0,0.041565164720885305
0,0.09306554083640639
0,0.37669276640121097
0,0.05952504045929731
0,0.6468518658231143
0,0.8640723125752877
0,0.044542073074676995
0,0.06497310976381883
1,0.7703550891200528
0,0.20444357208914332
0,0.2401347904069626
0,0.021523703827876127
0,0.04421062776517263
0,0.8012504845820406
0,0.020657142738542213
0,0.019483685572501047
0,0.026933068628379808
1,0.8110544989508758
0,0.5189919876115567
0,0.02951316363093821
0,0.35196793912658025
0,0.8734151288350642
0,0.29792219607235165
0,0.025842068940890087
0,0.07270378910097118
0,0.05280795525114061
0,0.061260330644255095
0,0.4968338777673134
0,0.12367407524732789
0,0.600113057183266
0,0.00673915058934039
0,0.12493611207914881
0,0.6619774596419301
0,0.19376172817685092
0,0.519423032546964
0,0.018024423214424094
0,0.19422684608286403
0,0.014691030606103711
1,0.829681988603724
0,0.7385366205314836
0,0.7387868460866855
0,0.012054093800872811
0,0.6111744009908823
0,0.029093416107029948
0,0.4947794439689613
0,0.26957975098505177
0,0.06663006832376543
0,0.1474831793894807
0,0.6056635939171602
0,0.02199456159923142
0,0.020941325525720342
0,0.05762391024539106
1,0.6741507097458154
0,0.053183216179335614
1,0.6342467385858994
0,0.6586744335983014
0,0.11604401437609585
0,0.23195404444346396
0,0.07876220617608844
1,0.34773448278572555
1,0.8374496494376591
0,0.5824438626227719
0,0.014654439232643087
0,0.48494039409341416
0,0.7558213945652578
0,0.8802183595427043
0,0.6692884409396879
0,0.043861528614618304
0,0.021609589747440292
0,0.8793979279359834
0,0.22010253485374268
0,0.029791546585960362
0,0.039208013952314914
0,0.35226722048303694
0,0.7842278379923272
0,0.3027757378916067
0,0.01915279494381595
0,0.9129758010186095
0,0.06583691751352151
0,0.71377368793322
0,0.30184042695078134
0,0.042108304258876454
0,0.02030862345868448
0,0.0813633225139942
0,0.10840895926005982
0,0.42373031153582863
0,0.027925427750838405
1,0.9080641773172268
0,0.011496463842996968
0,0.8318882645879795
0,0.6664217434857048
0,0.7261563318196687
0,0.045347705760811624
0,0.031563333863628966
0,0.04260436890731901
0,0.3679337415314775
0,0.02639775228538384
0,0.010092224347997614
1,0.815966524723924
0,0.007606669587268783
0,0.07200720983957276
0,0.3292454798003977
0,0.04833498079291162
0,0.13186930991158838
0,0.22869762628296156
1,0.7878428811585284
0,0.024763992196574984
0,0.42164772051271515
0,0.3357688439599041
0,0.00925642010269297
0,0.5595000300695303
0,0.09083737787008224
0,0.7339972960397514
0,0.02082221915147865
1,0.7198624025530137
1,0.7566468881434287
0,0.3783010749055414
0,0.01929433355023005
0,0.26480806864180395
0,0.6543076707755792
0,0.019804620245881678
0,0.05962248247370994
0,0.5121572963373259
0,0.021040890619589612
0,0.5749324823446543
0,0.6040168480085362
0,0.009324305286699372
0,0.020455824662805322
0,0.32416174171121315
0,0.5316269433732745
0,0.2622558586139208
0,0.30806897435640573
0,0.3493301740750497
0,0.12771604455371866
0,0.8202167126940354
0,0.10509035383545187
0,0.006881753486778648
0,0.013236667556529066
0,0.5144740753580853
0,0.332527483021339
0,0.18986575617046875
0,0.6146338985887573
0,0.8214729020187127
0,0.01568606791058616
0,0.3654532059701334
0,0.49845518429807034
0,0.02069372072909798
0,0.018132969904685724
0,0.07586761040354993
0,0.70388643287741
0,0.90061657036148
0,0.43037010445558566
0,0.18210550026474617
0,0.8243928094920268
0,0.5080104415399496
0,0.21785472801263103
0,0.6736794873239914
0,0.021279704370696043
1,0.555078870349229
1,0.8162221778750404
0,0.5389203983068812
0,0.015314450661086883
0,0.49110257166324706
0,0.6906537133877504
0,0.1204597258520891
0,0.022475554410892974
0,0.0901959669883759
0,0.14699377107194744
0,0.44759837789449514
0,0.012720588189948869
1,0.821573509372079
0,0.009669820959441884
0,0.01325837186157647
1,0.7216978846666066
0,0.7531782803411248
0,0.03686093685350774
0,0.14677070576689566
0,0.09008195582062001
0,0.7827206503087081
0,0.017017178611831756
0,0.009332383796153483
0,0.017598682540277768
0,0.5437607876861374
0,0.012826458230248996
1,0.816461036701973
0,0.08182009548511865
0,0.39054643018532587
0,0.01185664245132658
0,0.7135019694858252
0,0.035384515168627874
0,0.46026580256340416
0,0.288701128829161
0,0.3367932818974732
0,0.9552647837693308
0,0.5393020133223662
0,0.5478403575915983
0,0.6238089478588951
1,0.6153684080863484
0,0.7738433277421861
0,0.08639546419418836
0,0.2327467812874776
0,0.3543805946015804
0,0.10560509896992845
0,0.7289783468671202
1,0.653438799217548
0,0.8287295540906253
0,0.09547024247974066
0,0.027338700431678294
0,0.012507262136458447
0,0.7866440005372018
0,0.32707707862592533
0,0.30327450141583995
0,0.02694672160228176
0,0.5039688900098311
0,0.677270157920759
1,0.4162443415348596
0,0.04528410871890349
0,0.056916916211229865
0,0.18236852681319665
0,0.41676093859317886
0,0.5838058194708853
0,0.7308890202845298
0,0.5879796464561161
0,0.31998038936152545
0,0.05445547232767073
0,0.3754735082584398
1,0.6751934684921834
0,0.7820810056156464
0,0.7559714697103301
0,0.014795948116351553
0,0.06326454930947704
0,0.34211758590404234
0,0.07393813970029324
0,0.03192088568741895
0,0.22550044995859958
0,0.04331420678474091
0,0.691104306968344
1,0.7688713074788835
0,0.01572401857026419
1,0.5779392810961315
0,0.1239852242413945
1,0.9195078499162286
0,0.762348130115444
1,0.6167816172825904
0,0.4863583509282436
0,0.40573098740097596
0,0.46944231581570045
0,0.8300923577823719
0,0.14686735289900285
0,0.6123936294721694
0,0.49517286496316015
0,0.46628909933431784
0,0.2794876650341651
0,0.017517308290253466
0,0.05343225740797202
0,0.16022075468389477
0,0.01419298678292542
0,0.1662776031228764
0,0.9452531769710063
0,0.2981616683814836
0,0.6230364336334087
1,0.7985407552302182
0,0.21618943512794644
1,0.9412380251298633
0,0.02930531424750033
0,0.82597555689759
0,0.8613356588111705
0,0.4158579140905283
0,0.22843837501496367
0,0.3909217008774392
0,0.10630628308946329
0,0.9451637317243147
0,0.012507262136458447
0,0.4803021553742534
0,0.20243846858704587
0,0.34172793178748856
0,0.7712265676099437
0,0.057085957766285875
0,0.0541766831547224
0,0.02150553971129523
0,0.03166097483846763
0,0.17510765451675694
0,0.0453269471086897
0,0.06867233650938577
0,0.6036187090629698
0,0.036473150130186975
0,0.3219905972242754
0,0.41390380956565714
0,0.037873989329586154
0,0.020134101769178445
0,0.07722096594049183
0,0.3395701318958292
0,0.1390494453112056
0,0.3051019980673445
0,0.3266901987842567
0,0.41153132092046923
0,0.8505792287269521
0,0.6704972529257928
0,0.7013234529245521
1,0.8535442327118219
1,0.8492211477404262
0,0.03058767422387201
1,0.6958043251792594
0,0.7685328812094603
0,0.02663020755856283
0,0.21244921933248648
1,0.9627598638496484
0,0.014056222331251124
0,0.028529664350153493
0,0.5435261952795446
0,0.8767165910634737
0,0.6566456353646607
0,0.0103984167315855
0,0.39540945365541297
0,0.5637217969797341
0,0.646103841315708
0,0.07451365747513682
0,0.013355135685873161
0,0.0213469032147122
0,0.07337106854967217
0,0.2615269086920242
0,0.1486230775036978
0,0.01506403439326282
0,0.6588010342392264
0,0.6701386784537935
0,0.6599053313567305
0,0.15818756540568765
0,0.08764331487108847
0,0.024332981267916606
1,0.6409296426658223
0,0.862850004298281
0,0.6110950880546748
0,0.8244630040933816
0,0.2021307747080311
0,0.005890953615231087
0,0.7099018211587785
0,0.017259179439894485
0,0.09263331488148795
0,0.40831276731534183
0,0.6967640346683072
0,0.4019607500778875
0,0.5461163963078992
0,0.020932591578898048
0,0.8939989976930239
0,0.6894525449999949
0,0.4549201901457479
0,0.811405315970093
0,0.7421018022151749
1,0.4552282409185862
0,0.025947866315275375
0,0.09335886187078979
0,0.20152448440927725
0,0.1245297081236647
0,0.9410141660024802
0,0.01800709582027802
0,0.019898648241544515
0,0.08690430254050518
1,0.8572354398312894
0,0.8621924291476232
0,0.47994129859672036
0,0.662990442750771
0,0.4934790598048687
0,0.09903995107986673
0,0.79087121202475
0,0.38989788378523466
0,0.011265340457143386
0,0.47814114625677506
0,0.022581294453454664
0,0.6080759006758397
0,0.038821458772258594
0,0.07696720531627503
0,0.24508346152916038
0,0.5919582683962246
0,0.0872769458111499
0,0.8280311479646114
1,0.7797352857767028
0,0.6134679396212379
0,0.16423116082436456
0,0.24575720432869566
0,0.3685101860673229
0,0.047281963004765976
0,0.6819420918737036
0,0.7096570561746179
0,0.5526339635177173
0,0.29038695090573996
0,0.742786557716088
0,0.05642539565076433
0,0.0380755881972291
0,0.49017866288085804
0,0.02289305514152458
0,0.02020125581774941
0,0.547168346598489
0,0.10055903173778727
0,0.0196920054076741
0,0.41708882519221474
1,0.9023914847921497
0,0.06807914874621471
0,0.7657463437616572
0,0.07050399562830684
0,0.9326605824310145
0,0.0922258394244187
0,0.03264396555057378
0,0.6871766113511665
0,0.09649780817550434
1,0.9534025930546377
1,0.7412689077277406
0,0.03891283156762297
0,0.7381445222019656
1,0.7128783660122398
0,0.30341266978711623
0,0.2783398546358437
1,0.8895530770516966
0,0.031014597729153104
0,0.27357584256787476
0,0.047189389197730906
0,0.01474550775534466
0,0.06510242151439907
0,0.08913103298600725
0,0.12585297259146452
0,0.6694594637553375
1,0.9753177314091163
0,0.10080869199408522
0,0.0973958181850355
0,0.04708138624532019
0,0.023168783250817972
0,0.6588431819279457
0,0.8501359394102587
0,0.0190137950825664
0,0.2928070997130163
0,0.27758619061213236
1,0.7773868903038714
0,0.5483868077057564
0,0.4469824882590442
1,0.6304755058540146
0,0.3145063208638868
0,0.3436817451120213
0,0.6756514573448663
0,0.47416210451145774
0,0.9158325940367287
0,0.17740079329383038
0,0.4755964857902153
0,0.04255570990888537
0,0.2120406523813127
0,0.5388758076171575
0,0.0556839739326072
0,0.29805678361173904
0,0.021109018416247623
1,0.851586327626744
0,0.14568978872733354
0,0.26028397464960495
0,0.7145219309651579
0,0.06676158132853582
1,0.9066059307698351
0,0.019580049210041636
0,0.1291564138773802
0,0.367819053537059
0,0.015734653224656163
0,0.40318971636378154
0,0.039810709131687126
0,0.02441077604062242
0,0.03946769496108891
0,0.06309675887990421
1,0.9065505361790644
0,0.5317936194185189
1,0.7999963250802581
0,0.2725794456189944
0,0.11262068804255698
0,0.04371312066193868
0,0.5508751277658467
0,0.01932705693731849
0,0.14948247929411082
0,0.3010596685908792
0,0.7006213874648669
0,0.1628908770212691
1,0.7493055044983696
0,0.11374066927292964
0,0.8261366821914267
0,0.018835791636331454
0,0.8649435159388145
0,0.05713390593043467
0,0.5751481978184637
0,0.1324295134581985
0,0.36048491818244455
0,0.6168592778604486
0,0.04646422303172253
0,0.20046945292165694
0,0.04662663553773218
1,0.6441989499947729
0,0.019432584636729894
0,0.8540251772950237
0,0.5179004388083844
0,0.10175653211364198
0,0.036048697542420516
0,0.6631618513923512
1,0.828252075162346
0,0.6499283654558891
0,0.22271798111567348
0,0.2372028933386722
0,0.10657671902210633
0,0.2525490372528341
0,0.18953364048951374
0,0.022819244254552687
0,0.8764167953775177
0,0.13232161108756996
0,0.5273653459759332
1,0.9594187903916653
0,0.07746285856886811
0,0.5346640854825913
0,0.028691617941242167
0,0.09493376426089638
0,0.5248888697839588
1,0.5613870866634361
0,0.056140701853384656
0,0.1311045021295356
0,0.5630500489880018
0,0.4874574643621106
0,0.030122289984144568
0,0.15233081976532034
0,0.014636733554522264
0,0.594226137661958
0,0.614368778622549
0,0.5912003288400046
0,0.4383853107831982
0,0.3975113864206951
0,0.11490475808606856
0,0.05135906009587595
0,0.053892745415954915
0,0.685134990597908
0,0.017546538614681778
0,0.7898225348199855
1,0.8952080429264903
0,0.8705723127924102
0,0.039554935017001795
0,0.606201596006865
0,0.3419401916266916
0,0.06645469519333375
0,0.07338916224576404
0,0.9079938264413424
0,0.024025478637853127
0,0.023881831835448744
0,0.12847995314852453
0,0.45054289311507034
0,0.6368365347691551
0,0.029548372168229135
0,0.0863538710513105
0,0.5535515538424295
0,0.6536077678195802
0,0.8066740291386264
0,0.015232680931134838
0,0.3942462389741467
0,0.01676880055927579
1,0.3644129029023878
0,0.1529951467609813
1,0.6799455227146926
1,0.10723003244167924
0,0.03631034008848785
0,0.08093169934679366
0,0.03402731921775084
0,0.5055831522061408
1,0.26709308806637605
1,0.5278237290550636
0,0.70692886130648
0,0.6076446539988596
0,0.013768053597061911
0,0.04091996091613999
0,0.9008112510961626
0,0.29529386071427355
0,0.046988684048090534
1,0.9621766472329518
0,0.8457660584594767
0,0.07761543481077361
0,0.4003320676934888
0,0.7934096935314875
0,0.030961293574070146
0,0.05160412380480578
0,0.3799968342623711
0,0.06767834981315811
0,0.08241119225706998
0,0.11287330455236522
0,0.3745653223355552
0,0.3711525813420486
0,0.027654742328444285
1,0.46780863094405034
1,0.9065504335020981
0,0.6665366254434661
0,0.7418670039439802
0,0.016571544862243125
0,0.1394564722578042
0,0.014924987304541984
0,0.30146601395063655
0,0.03662297837831495
0,0.30254435397459245
0,0.026734602760512084
1,0.8025160840665143
0,0.7453557792117986
0,0.3532227050235187
0,0.06644598457811063
0,0.7961984049092632
0,0.1985968567178741
0,0.6578232351569677
0,0.011755534136307234
0,0.019111043202177085
0,0.011196067465942833
0,0.01706365770811318
0,0.14480232765964202
0,0.5248562849885142
0,0.015220823460668078
0,0.030723812951626586
0,0.3127781906550233
1,0.9345005675500805
0,0.044799065943663556
1,0.7911329231008866
0,0.8924611091378659
1,0.9238463923210499
0,0.0549433721662372
1,0.4508911427250969
1,0.9158037261263141
0,0.7929820762753154
0,0.5337916726800946
0,0.07199190102944981
0,0.01653399407064081
0,0.011136981129464995
0,0.41969072322929135
0,0.6382849225309739
0,0.06776028490219543
1,0.5584362716454492
0,0.9663218642728185
0,0.22854324932754266
0,0.0075398010174006404
1,0.9042705551670362
0,0.6905525205809901
0,0.5337125848447506
0,0.3154486229612444
0,0.08438732911786069
0,0.5963005320798791
0,0.014433475559704045
0,0.23094738032484954
0,0.012763709500257106
0,0.0646257439903752
0,0.047496165855063416
0,0.35641544092315675
1,0.8179109080322766
0,0.7716222583697168
0,0.16409268416380612
0,0.39546875597136505
0,0.06584322150398872
0,0.01876183122880689
0,0.8744508419355602
0,0.042931568615076444
0,0.020126682449481067
0,0.043662277641662084
0,0.4733797458214748
0,0.11008032982602196
0,0.7089941520615223
0,0.013911238325641926
0,0.9330628183193832
0,0.031373186747335566
0,0.4274080077186452
0,0.6643034735702867
0,0.11538795249382358
0,0.016893829369044887
1,0.841163367741368
0,0.45488679973284474
0,0.03159532807535207
0,0.060842054358177085
0,0.08317507977103199
0,0.21993944801140844
1,0.5772387247953984
0,0.3567050941331806
0,0.8971910602148472
0,0.38006978645591283
0,0.521396538014328
0,0.038154781688896564
0,0.16490684838161776
1,0.7945094374561545
0,0.04972733881216046
0,0.6185173931786878
0,0.08928029765012649
0,0.023061307528749315
1,0.8985174270062929
0,0.024381526591954295
0,0.018098110541096935
0,0.5133267537675992
0,0.08232030918518814
0,0.3555153759177401
0,0.08934337810759127
0,0.03117045281223121
0,0.23149735970798818
0,0.7778453139394331
0,0.15241445630037467
0,0.292420547144489
0,0.054739359587882376
0,0.0872880894483338
0,0.7703174876174491
0,0.5827088574051081
0,0.011899886462578207
0,0.012894519276349674
0,0.8103164675137059
0,0.027681877468281352
0,0.06146983709516067
0,0.36403711851097387
0,0.557983880316735
0,0.07267593057904892
0,0.46740740257300195
0,0.6846876687876101
0,0.27869447450548446
0,0.022438242483995192
0,0.042092518676011464
0,0.21091744552201835
0,0.03394396175425351
0,0.14126577263192033
0,0.3207231945329526
0,0.42505681889524694
0,0.3755824152812768
0,0.034231405813963695
0,0.02772612088107373
0,0.29535124589411976
0,0.015464763439544775
0,0.727788594086022
0,0.31274747786768886
1,0.773196082573742
0,0.08633888296569317
0,0.2831887677252084
1,0.6759201117211149
0,0.14942443487546425
0,0.5290101560743737
0,0.6822091112359754
0,0.8199936561157627
1,0.8914856066024553
0,0.26281294861429494
0,0.6286029069076572
1,0.7424091779611101
0,0.6237842060792808
0,0.35329595500161337
0,0.0593400633791734
0,0.033504508398121816
0,0.012727552945297234
0,0.008805710255299228
0,0.13134397045710597
0,0.045472410590065994
0,0.5226964041285204
0,0.7614849126629277
0,0.09873960414000577
0,0.8513868181556928
0,0.5767322545630196
0,0.11046546624133652
0,0.16867359757325429
0,0.021145774716685262
0,0.8091642377885065
0,0.1272964570794223
0,0.4315651074222827
0,0.5989283009968163
0,0.6769701683863277
0,0.115913563091021
0,0.04032079522744237
0,0.6530206480388351
0,0.023465569566905438
1,0.7852883940337776
0,0.04152455013952226
0,0.10459474449048255
0,0.08876360138630493
0,0.6038618916103238
0,0.5543219329976454
0,0.6905109506255795
0,0.558626336409454
0,0.16202483338155615
0,0.15188629411663654
0,0.16032768280555218
1,0.858897520718534
0,0.6941191201930562
0,0.5571272342814088
0,0.06668376930983347
0,0.02505081467707015
0,0.02552323442876695
0,0.023669458968335465
1,0.887276584724713
0,0.03533547916142426
0,0.013362244011028193
0,0.08680266352416587
0,0.019937247487212297
0,0.03512290361666536
0,0.2001966575935474
1,0.8383217021943546
0,0.0878579017212581
0,0.11781533874915635
0,0.23842815074200216
0,0.034742544763671196
0,0.03156643856827222
0,0.5974489833648858
1,0.8062024642064451
0,0.8305268619620568
0,0.8826283356243899
0,0.03162533905269024
0,0.04081080623071359
0,0.910308505626324
0,0.06930256322774435
0,0.41766541123043927
0,0.043481476063317
0,0.12251095999304991
0,0.27049674076924773
0,0.027783057377986222
1,0.8880681903567922
0,0.5679154358834966
0,0.4781938185159683
0,0.7452147491044429
0,0.05837940174600237
0,0.0888379825266508
0,0.020307899723304622
0,0.018595749814611984
0,0.5145409957731952
0,0.7079892802460034
0,0.29319814091859653
0,0.05739986569959703
0,0.03075435464485608
0,0.5754818157603723
0,0.023624979304005436
0,0.01660176664954304
0,0.01523541094966592
0,0.6647119367763303
0,0.48199418041342923
0,0.5459555539899902
0,0.08265208830173372
1,0.43561714474377583
0,0.10710342696987851
1,0.7405031376897996
0,0.15551006269166764
0,0.05868536077787008
0,0.7878523355896739
0,0.04840221469652919
0,0.27017077513157606
0,0.5913124949172796
1,0.601115086593617
1,0.8936215154727899
0,0.3202823450769088
0,0.8269451278757018
0,0.8378893492254957
0,0.15031943452526314
0,0.15844763106135423
0,0.880923408603069
0,0.448748441457161
0,0.570457466816845
1,0.35902779309371324
0,0.6301201835506415
0,0.848226916969786
0,0.019792870619002503
0,0.6794949206092892
1,0.828652359585574
0,0.17223171636838588
0,0.6320343370471175
0,0.4258239039994854
0,0.014168807355588755
0,0.39466424886751506
0,0.867437802029358
0,0.25932196868079943
0,0.12648451185620424
0,0.18629076153810462
0,0.23312465271728836
0,0.3483196881719698
0,0.07502419238299517
0,0.3945686635380014
0,0.5951556083896435
0,0.39779137564736256
0,0.2097320493269251
0,0.028264694498740334
0,0.6331698976801908
0,0.1429125561304824
1,0.2734495130700503
0,0.14754173458674646
0,0.9043346249893421
0,0.46961092680517824
1,0.6486330030799295
0,0.7808558094774228
0,0.007232628070481519
0,0.3116251709847416
1,0.9141158650530713
0,0.01696925406079649
1,0.521632534074757
0,0.4273654933586713
0,0.7957797613910595
0,0.1957868780507397
0,0.5551555388333803
0,0.5210592126256246
0,0.016796957753534417
0,0.011461470804901083
0,0.07061973112194543
0,0.24744686260366988
0,0.24569072068166314
0,0.3919293177961685
0,0.43999013324563535
0,0.047024389603775585
0,0.09480817524305124
0,0.040674512041541336
0,0.40210204300922003
0,0.5835048622872484
1,0.47092008091912124
0,0.06334427788666958
0,0.14411012235881326
0,0.13872092535929278
0,0.015555558079217303
0,0.011648655232213458
0,0.023075761977343272
0,0.03380413121515593
0,0.07025067506056293
1,0.8755731127315526
0,0.02499226753919995
0,0.6316940104383143
1,0.5989584294679047
0,0.04547530768397733
0,0.7148483953168893
0,0.8457922091995156
0,0.009441616016632392
0,0.8541526137496067
0,0.9222062723665839
0,0.7307634797368672
0,0.13483059046186935
0,0.4165170141480193
0,0.6875514010758782
0,0.20672793505410259
0,0.014332046648810028
0,0.02501651439906582
0,0.022885013642583846
0,0.0582956909372481
0,0.9144155884797907
0,0.5996441591334972
0,0.48920202949631064
0,0.2931631067461013
0,0.046091266831095566
0,0.7664578903377007
0,0.14998835341081765
0,0.27574654303448387
0,0.3738581039887888
0,0.05964377115914221
1,0.8831677651353349
0,0.19520895234104918
0,0.26874958489555273
0,0.5005031335130136
0,0.908398663114629
0,0.02800145417930872
0,0.9093543762265874
1,0.878047061419677
0,0.04812110604777983
1,0.06624947586277966
0,0.014080267847707325
0,0.5622141478491426
1,0.20660366568821908
0,0.608178769181354
0,0.028705263446042927
0,0.6617113163021368
0,0.9312032083866221
0,0.3384678149469009
0,0.38344311742635573
1,0.7438501759685381
0,0.3203087151903151
0,0.11899825417441764
0,0.26004524430173687
0,0.7719163460439182
1,0.625224810744232
0,0.2684246316984503
0,0.016595864130741843
0,0.09847223436357551
0,0.5512076413227736
0,0.15273035304814392
0,0.007587230234921233
0,0.6755221904970451
0,0.2559322553002708
0,0.2429772312751964
0,0.08045723079268857
0,0.6177415151087031
0,0.047314685423321366
0,0.372487484268165
0,0.08716755580876112
0,0.02019366498727791
0,0.36627149260924247
0,0.43569220386532426
0,0.6193867762220076
0,0.506116301454237
0,0.008903700976349892
0,0.021590193739033058
0,0.06705525221868971
0,0.027958483270895628
0,0.05988230115889884
0,0.37371786408626106
0,0.0812268912625225
0,0.5232136674026042
0,0.06407397067570905
0,0.6784223514440517
0,0.06517556305979268
0,0.07756481122670926
0,0.8643028159575679
0,0.6096671237256843
1,0.7569334013822615
0,0.02274657170451379
0,0.019002727664631437
0,0.05366487281548069
0,0.7269782528043346
0,0.4743015784155607
0,0.048110919705100334
0,0.3560050471863732
0,0.04304712084805101
0,0.8155983716008119
0,0.8856238537634602
0,0.060899035249580506
0,0.24659869008444868
0,0.29521479494715885
0,0.7854101945696433
0,0.20137260086183276
1,0.09635548823834877
0,0.5190770488772539
0,0.06538393260146447
0,0.3504158869880871
0,0.08678404926129862
0,0.6732074195538821
0,0.6124267484811833
0,0.6440822403808306
0,0.8775506982006464
0,0.05897040854996614
0,0.0332672470616436
0,0.2416563359297592
0,0.027664752870335565
0,0.282589192938345
1,0.5682941451101359
0,0.026011095543701707
0,0.11361694364361358
0,0.45691735955308016
0,0.027935714739735672
0,0.8031612655550079
1,0.6977734515233147
0,0.7679544623773662
0,0.5841677847505815
0,0.024542263448890662
0,0.058164802559854616
0,0.23686215866363258
0,0.049751345983986735
1,0.36395372394111003
0,0.21788174644618805
0,0.10834498689801615
0,0.012914077050126184
0,0.3503493656116515
0,0.8050583983789849
0,0.24975298638446428
0,0.16612541398037078
0,0.5078595129025998
0,0.4323954317362149
0,0.9356099856369788
0,0.041074228359951476
0,0.4110821343190671
0,0.5673514861354549
0,0.16518096515774328
0,0.05052940473267448
0,0.9407555889969743
0,0.02610874837456944
0,0.012734336680640642
0,0.014780093142178142
0,0.448276685784348
0,0.015240409314835907
0,0.07194975169494562
0,0.01015366856839856
0,0.7788983892605676
0,0.018310793039190434
0,0.08341454485848795
0,0.7782380943728513
0,0.8797447925701376
1,0.7870759896878723
1,0.7638658625670108
0,0.05607690340070272
0,0.6206159252946608
0,0.6710677308644205
0,0.025964007999562347
0,0.28143280171744656
0,0.8977653908236243
0,0.5018567704500164
0,0.785195290681321
0,0.0667339059550879
0,0.49933578410041374
0,0.7560226340609975
0,0.5304391811024494
0,0.8843117689764295
0,0.018670023674081798
0,0.8707713903284696
0,0.02205515290064762
0,0.4567977976533786
1,0.26271692315539386
0,0.10299069822760226
0,0.01541002281174428
0,0.3940878033086555
0,0.025197502110047627
0,0.8007061538385846
0,0.09940495600859653
0,0.5001819480403749
0,0.0393112807889837
0,0.3863366350797087
0,0.020519746249141057
0,0.012123861782054868
0,0.6716900393787648
0,0.011522161411811383
0,0.12280738184377522
0,0.04858091367668057
0,0.04339236715997114
0,0.027188033074055307
0,0.04851113988294578
0,0.6199997809085326
0,0.007094541548182867
0,0.6326218383074045
0,0.023752213047491404
0,0.584225267334689
0,0.008719621434175977
1,0.35494279818708124
0,0.3907597073252929
0,0.01499144986098453
0,0.04168578400147226
0,0.5854816844303186
0,0.4511867218744281
0,0.1572573555870952
0,0.10949000924575766
0,0.6991033427491451
0,0.14841520389322782
0,0.029800633101466665
0,0.018742304177377572
0,0.4410959750821668
0,0.06552396888975572
0,0.11485160148939835
0,0.04753860493956422
0,0.017893054605664503
0,0.04623382522610136
0,0.039228893542469286
0,0.48694895252291215
0,0.018692496379306693
0,0.01590728120582946
0,0.10656666776454503
0,0.9404604226227405
0,0.46615672399963487
0,0.029019038810940076
0,0.17423434895485773
0,0.8324101879087825
0,0.08912098177800673
1,0.7251099649725581
0,0.02760008464500791
0,0.30508019106787443
0,0.04172794303202273
0,0.03046273492158473
0,0.34318192089683686
1,0.7844633094582162
0,0.005958092174900645
0,0.03870298824347217
1,0.8923285638911445
0,0.2716424662292765
0,0.7194198023258469
0,0.054884147821479684
0,0.42681621543810083
0,0.32938726340197627
0,0.10901859983802645
0,0.2365201887088703
0,0.8234163955704076
0,0.74321131572233
0,0.5873438725637594
0,0.6326508015500482
0,0.053901411911414294
0,0.09116317700668113
0,0.032146863326949576
0,0.2692991062541167
0,0.7074507421613291
1,0.9563498781668044
0,0.033421153794711486
0,0.06339530016565602
0,0.08457954407888954
0,0.03908540861181638
0,0.5359686378706431
0,0.2038277162915484
0,0.4937281974774427
0,0.041246716248195564
0,0.7769730152525406
0,0.05623919683274165
0,0.758454368768012
0,0.8267723163923991
0,0.05208527532910857
0,0.6789886246858552
0,0.5571771841475336
0,0.14832903186046978
0,0.7299832206806584
0,0.12473529659819209
0,0.15940383355594706
1,0.1793108181532862
0,0.2579684848217246
1,0.6217624051158654
0,0.8807764922849903
0,0.07543713457387961
0,0.7200904438778658
0,0.01810306878415119
0,0.9225983134328969
0,0.03568023801195819
0,0.7822366768502155
0,0.03990531392327933
0,0.7312963494675367
0,0.2815295449293095
0,0.3698439419905707
1,0.8848568378597155
0,0.6464602000860067
0,0.5911030369556334
0,0.18096596044511187
0,0.033420899155924486
0,0.22182034066638617
0,0.4461631688135771
0,0.21068172224525103
1,0.923776876355195
0,0.016599607608068116
0,0.6211089669006238
1,0.6066721798852709
0,0.8243515567787849
0,0.03928624925058661
0,0.014881087669442522
0,0.13446436095271835
1,0.4292199596073492
0,0.03952317715596761
0,0.009594378074047224
1,0.5233181734062204
0,0.8882728421297661
0,0.17995908547008177
0,0.03373916810280672
0,0.36298107581672084
0,0.03816709687007583
0,0.4546646591595542
0,0.6268838726155026
1,0.8184154134738628
0,0.8495536876606155
0,0.024437133925195136
0,0.15430922878271194
0,0.9015493705938444
0,0.3278207969228905
0,0.047200653073771685
0,0.11742691502520558
0,0.44236981912624307
0,0.05211481520642155
0,0.062048901315242905
1,0.8235455093233411
0,0.15545753288043782
1,0.663140922167311
0,0.33177052118648503
0,0.8237074785325311
0,0.22466911299315917
0,0.31107956996611236
0,0.023203101574627783
0,0.28426932154197754
0,0.3032848072693595
0,0.149104363711782
0,0.5846074383353661
1,0.638095417901498
0,0.04728704603918382
1,0.8824078557194994
0,0.03420429576089906
0,0.9244258975721842
0,0.3575198405291405
0,0.030711538212843063
0,0.03731841697423986
0,0.09832867666202488
0,0.1915610469815724
0,0.8621017091345823
0,0.6938985715553309
0,0.2182114009068612
0,0.407791181757393
1,0.5212945830144357
0,0.8490802149091137
0,0.32086341692651804
0,0.05926824116519013
0,0.048770055516433077
0,0.21397498351950128
0,0.2939529908906411
0,0.7879497446403515
0,0.591946363967259
0,0.04028840741420801
0,0.010237852994289733
0,0.05096167149476877
0,0.29108999690653925
0,0.053622478038518516
0,0.769793848047624
0,0.25555291699695387
0,0.026238178467518157
0,0.015789586387348644
0,0.7676280284288661
0,0.016380247376516353
1,0.010235971650502298
0,0.881713478021659
0,0.047618091255032594
0,0.1250429618849616
0,0.39820610850368326
1,0.5195307178818043
0,0.28130218009215513
0,0.17498513457472092
0,0.625886823258234
0,0.503404749694911
0,0.9129430589283056
0,0.043505958157893806
0,0.07710701107142942
0,0.06953510789864627
0,0.8486374592974303
0,0.19727410113059193
0,0.1307034151946705
0,0.5721287810254428
0,0.4134828895741996
0,0.36262916150236923
0,0.017065118380738955
0,0.12835159488797576
0,0.7501931887470589
0,0.6580425275909824
0,0.5905728770119089
1,0.6732653033859095
1,0.6626175616388293
0,0.037936299091884826
0,0.7928159579905018
0,0.4973454422735341
0,0.014445960600506878
0,0.032200899642378024
0,0.03861780522576014
0,0.6749332077767753
0,0.3899266738147285
0,0.07148494112417406
0,0.4928416999151315
0,0.024438046382568315
0,0.6787757775400484
0,0.021392494943557692
0,0.4628853516956469
0,0.6833411457699903
0,0.10024609513052317
0,0.1445616537731897
0,0.878119343626961
0,0.010014806953488924
0,0.4732571088118584
0,0.023303096079226034
0,0.013141343408727989
0,0.48675233626002923
0,0.06123127714505111
0,0.19852461669229657
0,0.5418681935480602
0,0.04624806102238301
0,0.3429889880080524
0,0.010429585997961692
0,0.009865784970035355
0,0.6373052656570611
0,0.34767345600826405
0,0.23353178343221237
0,0.022548870538907095
0,0.029263418231941892
0,0.8535202737207529
0,0.4327675945923955
1,0.486546902349336
0,0.457452429140256
0,0.19344583115602496
0,0.011567066524078039
0,0.08356017554671535
0,0.535758530929569
0,0.024371888705246116
0,0.7155912246213909
0,0.08620405519109514
0,0.24564073074046308
1,0.8064384530323586
0,0.2418859421567065
0,0.09675516258695019
0,0.35809345275497767
0,0.15285148731493783
0,0.4854840619218955
0,0.7389738482645893
0,0.339888507555216
0,0.5240156745640349
1,0.4669346873615715
0,0.6118441360020636
0,0.02760341996320304
1,0.9398584497648172
0,0.020561143580697466
0,0.10005679804674987
0,0.40359510376109536
0,0.24332858497056578
0,0.0756317597191711
0,0.23322961233589362
0,0.08648990991313811
0,0.09903831792132375
0,0.2520684716358902
1,0.414051976726101
1,0.7292420393379365
0,0.8594410609772839
0,0.08827313272256694
0,0.030578026388717285
0,0.0751718207476079
0,0.7167357841503225
0,0.6148608289098343
0,0.2549737455106518
0,0.5384338715875364
0,0.011586587314591737
0,0.052373011756489674
0,0.8069880556500079
0,0.07098231984136122
1,0.7879147884115993
0,0.2964581160624293
0,0.014963620892886897
0,0.0228910327438367
0,0.5191730619890957
0,0.020329034523167564
0,0.7009103391676433
0,0.5134128718790728
0,0.5181515869344151
0,0.769099332613126
0,0.10960843086724548
0,0.3680382433534215
0,0.6214003638703369
0,0.22943989463384415
0,0.027905926219800748
0,0.8883597111380007
0,0.809105038663715
0,0.018836892788005263
0,0.02395885543382694
0,0.6716321325712505
0,0.8319468184498511
0,0.009057074625956774
1,0.6387841185439006
0,0.5185861316945851
1,0.5651034909321435
1,0.9398554108005257
0,0.034509010154971154
0,0.751282007514671
0,0.3449262398686653
1,0.965445199469639
0,0.0904924977620984
0,0.41553696558199715
0,0.03739221404827879
0,0.3093787653265178
0,0.0269454606591787
0,0.48696038921100254
0,0.37463111015834416
0,0.02693151988510652
0,0.14716075486579208
0,0.02893817154510769
0,0.7052577785042492
0,0.03286516942401081
1,0.9659033016125542
0,0.028849110198439276
0,0.10736264231482662
0,0.3136275789474938
0,0.6529497980853881
0,0.392531728059615
0,0.2201455939574779
0,0.15325150358844178
1,0.724863426148867
1,0.737907811070578
0,0.018431233011392163
0,0.10856264441882921
0,0.11848745961350446
0,0.6397218846117599
0,0.2774895776050717
1,0.4868382222683203
0,0.8041618416706089
0,0.05701417449906664
0,0.7129687934269165
0,0.19853773788239157
0,0.6995355752095378
0,0.2959715693223873
0,0.6361746426676879
0,0.00712754169589212
0,0.03439210982877492
0,0.02265443897898471
1,0.1348145579247358
0,0.2860431625861955
0,0.9382813739833534
0,0.029813447680734913
0,0.01464885370607654
0,0.05230389203525276
1,0.8702046584949888
1,0.7849273936261214
0,0.01959704100768224
0,0.27089243051217093
0,0.02413093700310824
0,0.25838536843996496
0,0.7122516723914771
0,0.8985045201284371
0,0.28590082576689396
0,0.08298910142083105
0,0.7374742450096282
0,0.030164826495227767
0,0.6545538130971073
1,0.860736437430225
0,0.8658380515617997
0,0.027104910109784632
0,0.7280066246020995
0,0.19292788938544989
0,0.9325636112258315
0,0.07495062584674328
0,0.8901406201394801
0,0.01956428713129686
0,0.048061234769316064
0,0.9127860577735755
0,0.029317742138996978
0,0.02922617097768816
0,0.055172359454808695
0,0.30482075323363106
0,0.03836739488043082
0,0.3224546775403177
0,0.5200034274949078
0,0.8883437049781687
0,0.22794278003749702
0,0.019067111299377233
0,0.07859884570680824
0,0.4190251978430239
0,0.4487306371335017
0,0.8985041741848604
0,0.3723676816560089
0,0.6212907025354928
0,0.0292181494507531
0,0.6579669973874227
0,0.6125514324407335
0,0.053283552192502755
0,0.014902494474583736
0,0.7809291279014627
0,0.23173712733067098
0,0.05205855161027538
0,0.1286786274418617
0,0.5431252109373018
0,0.23253167555803872
0,0.17821004879785796
0,0.2028098676241861
0,0.12293771642122855
0,0.018315213881484223
0,0.12742054408334344
0,0.038958842596635984
0,0.019285690731721428
0,0.8941513688886013
0,0.2255949641835112
0,0.7563237642563058
0,0.5230919897981817
0,0.3574801408873928
1,0.5692947081301883
0,0.11586882795696479
0,0.023325397224670308
0,0.030172718666050667
0,0.33890853634711976
0,0.02781251690566993
0,0.6925829818597382
0,0.40385568041489517
0,0.13635623986793807
0,0.4597660001357889
0,0.0827606904864406
0,0.04597524778607111
0,0.8489035604737584
0,0.008102843259382165
0,0.6204914913276057
0,0.4577297780795911
0,0.43659166881757067
0,0.2038927052959579
1,0.7601712399879506
0,0.7345024044628243
0,0.055793173196611284
0,0.17650188826528573
0,0.06616806917237769
0,0.3499709817034431
1,0.06356745576995118
0,0.40511668309472865
0,0.033826322989324885
0,0.5931187679188088
0,0.39682188924200534
0,0.8268618003022702
0,0.737520362378227
1,0.9288936456305459
0,0.12281026769915211
0,0.3647456755441131
0,0.30218350648811154
0,0.8569612058209126
0,0.4944844401269626
1,0.654328966796871
0,0.011615849257300045
0,0.03113845179996284
0,0.1892175560277399
0,0.03925107722400884
0,0.047967809902983334
0,0.4692911059131379
0,0.02237347845266122
0,0.05649667498217017
0,0.04412721199597339
0,0.7617575017720597
0,0.3614091758695126
0,0.14183461588835178
1,0.8510201702736118
0,0.8542133024575416
1,0.8962564591813301
0,0.026996116821073418
0,0.7691067663311331
0,0.04336682877537186
0,0.2286609891239257
0,0.6701102405904722
0,0.7557572792184104
0,0.297872237226458
0,0.6143372275380756
0,0.02089748822315774
0,0.7550899643761407
0,0.43691414760276004
0,0.608943003070744
0,0.3586962960464007
0,0.2718216469032433
0,0.36431354479865563
0,0.4795756099140851
0,0.026277113251159234
0,0.7523414504696705
0,0.2391499925848996
0,0.622483994406468
0,0.014906309879766254
0,0.6057260265366995
0,0.7056792900616082
0,0.05522614237652212
0,0.5048114093486165
0,0.06253672372559368
0,0.5838188664608642
0,0.42339109984399526
0,0.018448289770185897
0,0.05452819159023306
0,0.3159458775797021
0,0.05888362452865923
0,0.2529369932005405
0,0.06188430943548875
1,0.5011231855824919
0,0.5103186810066633
0,0.7295893152561935
0,0.043699804419451045
0,0.22790523396337314
0,0.9208206201120952
1,0.8234744467258438
0,0.0943342808695088
0,0.8981389471039988
1,0.6465142619346992
0,0.48680585626106104
0,0.011829329722058352
0,0.04443516731353637
0,0.14258528012953395
0,0.05787033064753885
0,0.09147834204904155
0,0.36842958286437455
0,0.05708236309779193
1,0.4937871205899441
1,0.8695368437869566
0,0.1358860763303715
0,0.6297701098117262
0,0.23802753880546396
0,0.6145111631355781
0,0.048969520528275357
0,0.5053204243236608
0,0.4805607477089005
1,0.4123587586322787
0,0.02235465941665423
0,0.3119044335443982
0,0.03937394190893348
0,0.6616531300689603
0,0.4316937501517197
0,0.8708839028859501
0,0.25791488801454565
0,0.6536050081763263
0,0.04172010120531938
0,0.07905421781234456
0,0.06039909601396815
0,0.7085779635096308
0,0.5083316285820894
0,0.010771632786431009
0,0.07418624179334164
0,0.43083269061844987
0,0.10728184542065818
0,0.017095663625965953
0,0.020435314150344802
1,0.8649806158032497
0,0.2783398546358437
0,0.01491596490307393
0,0.21430528505987223
0,0.4229789627116059
0,0.05670258754937564
0,0.368331334973019
0,0.2760808403607504
0,0.05224910557867801
0,0.016330173501636104
0,0.038502924890008984
0,0.08699219399556245
1,0.7799504166373304
0,0.015449652945244764
0,0.2263068562634397
0,0.48137203582507615
0,0.03529877023271417
0,0.3279816818431172
0,0.623194517266079
0,0.05280324500494936
0,0.6542853136603978
0,0.17410674688719008
0,0.487131169691043
0,0.030887218363479785
0,0.9434488582393935
0,0.34547572184045805
1,0.8051339799293451
0,0.0943329061698898
0,0.2126601452381572
1,0.7687479620427357
0,0.19653784570470037
0,0.5634902146275269
0,0.6822912118084041
1,0.8507040559051803
0,0.43010543219539205
0,0.010617866571448333
0,0.08193316655313791
0,0.02840987436744084
0,0.3651178192142885
0,0.3413180662075806
0,0.5302374328783317
0,0.015577138821219999
0,0.023431559480219626
0,0.8370944130899942
1,0.7074275455683736
0,0.022312869437824435
0,0.004489018038179076
0,0.5067991835800005
1,0.8542936241350548
1,0.5556156137692807
0,0.03975898230836842
0,0.026861051152738045
0,0.7632892321126266
0,0.028346693039255712
0,0.10431084268780107
0,0.012983255842061172
0,0.813061121724071
1,0.8694851273717323
0,0.3988932700753135
0,0.01718189239107722
0,0.4251752838606996
0,0.05315952839261694
0,0.7660023912475205
0,0.028284691627716255
1,0.8249034898883023
0,0.7960961714236054
0,0.013688801949333817
0,0.25612420782460615
0,0.6193968862534672
0,0.5221036779653027
0,0.015271758811115293
1,0.3382222614413124
0,0.8415965226463811
0,0.023682024292111217
0,0.19386876425373104
0,0.5005206919868777
0,0.3460394696519335
0,0.18660599157722416
1,0.6240535888007446
0,0.03866959641721507
0,0.050211631595311286
0,0.2484184670497612
0,0.18886641545934807
0,0.021224906140199243
0,0.5273646224112628
0,0.7213601125047334
0,0.046843536627381166
0,0.03271349892001203
0,0.18795453821250963
0,0.6920314388569734
0,0.1623759418633577
0,0.0753725821006224
0,0.11239655823347733
0,0.047570649204317965
0,0.3619756470651289
0,0.6277182116886023
0,0.8861312250262795
0,0.8195091178240123
0,0.30078701397100277
1,0.575356759349172
0,0.4508160280325001
0,0.04415226180294189
0,0.6986873460101116
1,0.7999633557217013
1,0.6041256881905891
0,0.01633886765485653
0,0.8423382493499141
0,0.10221895263554559
0,0.058268121103565974
0,0.5890193970563891
1,0.43457360528164474
0,0.016842933028767073
0,0.0622466171153478
0,0.3446602846759476
1,0.7946630079249859
0,0.07395743506882614
0,0.023758051154227328
0,0.13359983558374403
1,0.3331273343116572
0,0.021470460989935065
0,0.3241160837959576
1,0.9074878211457159
1,0.8834953742104643
0,0.029716768707961916
0,0.030488000746370262
0,0.043872152955176894
1,0.7878751686097277
0,0.009025908270664938
0,0.13250986908146165
0,0.21517968248980238
0,0.38247040668310434
0,0.3614091758695126
0,0.03496782100510817
0,0.039021264981581094
0,0.00968903620808852
0,0.030971712606441392
0,0.5175240222798863
0,0.06859920314216932
0,0.02531304304431777
0,0.1341737722891197
0,0.031440796110222546
0,0.04816527918360198
0,0.6482135572933673
0,0.8254125349523143
0,0.012507262136458447
0,0.011698797005481
0,0.6180885524809687
0,0.02286838749348376
0,0.7803731852869993
0,0.07490295122605921
0,0.0602123591846951
0,0.39406614230694337
0,0.010165990980156983
0,0.7804778365431432
1,0.8725475719759321
1,0.07498342082837758
0,0.01626995058387456
0,0.1084502360664327
0,0.21600145187015415
0,0.041903296670057995
0,0.575928339187174
1,0.8480250576259291
0,0.06839833471531548
0,0.31148986854945504
0,0.027030146942602112
0,0.05959616283972848
0,0.26125721270622704
0,0.08979160469636575
0,0.7240782284842958
0,0.05442471382185751
0,0.12921326591756976
0,0.3011885795847687
0,0.02894089169153222
0,0.7437562400776696
0,0.7589582137052329
0,0.7797121587046292
0,0.4534744995685963
0,0.6621981990366834
0,0.26562746641846624
0,0.05657252824968377
0,0.009103845499127527
0,0.19889212241108237
0,0.01673494877725323
0,0.05552287058878259
1,0.9565131146787222
0,0.0350700043814091
0,0.8287605536716258
0,0.14909798810093056
0,0.17494144797955222
0,0.7572298439507551
0,0.04396261771411657
0,0.5326967980448374
0,0.061422477212637605
1,0.5599093955393379
0,0.6712526925286489
0,0.009174046276880201
0,0.548172188250831
0,0.10484375859566358
0,0.24583433115529604
0,0.18194486705101115
0,0.511748287131766
0,0.029211083872034752
0,0.12206537811253608
0,0.0500299279800161
0,0.1874130637401396
0,0.6699943619551304
0,0.2705773304152887
0,0.04789618947293301
0,0.10535245511520142
1,0.8411876407426796
0,0.04065964067446375
0,0.13458674763367523
0,0.33375617402812774
0,0.006547952598415818
0,0.6869498577203246
0,0.03172275117994999
0,0.13299201007362027
0,0.08587640013956266
0,0.6583763646707441
0,0.3739507674437996
0,0.8559596447527729
0,0.022353023300512944
0,0.01705811090181606
0,0.4838512105927657
0,0.5921584069269865
1,0.5282040870390711
1,0.9446839022195384
0,0.10731316242512867
0,0.0546248400579159
0,0.024258515564217514
0,0.8348587880299011
0,0.012267118291664625
0,0.683118439567603
1,0.8224707381625747
0,0.026788757723336654
0,0.24492153386643645
0,0.39855452807407
0,0.013423731827949622
0,0.5210804835959462
0,0.24465948750248764
1,0.45427364820578414
0,0.2522137776619059
0,0.2022224388702248
0,0.03462456102286413
0,0.8569121911730653
0,0.2392881769423422
0,0.11196161210839135
0,0.873950536370726
0,0.016467913404173744
0,0.3096808860444408
0,0.05789454978676551
0,0.10253345565107581
0,0.0452089845227528
0,0.015940661806205965
0,0.3258196379957106
0,0.04340815267116186
0,0.19358999465976892
0,0.17008920548080717
0,0.2191171534100917
0,0.04906956555175758
0,0.022551953922400288
0,0.7538526291486989
0,0.029935348828211833
0,0.005917668045012845
0,0.13260896144011744
0,0.021377023486183255
0,0.27256083439442774
0,0.030271167564269376
0,0.006103225802721808
0,0.6068787490378581
0,0.21463819022341318
0,0.01183077553991194
0,0.29106650861592187
1,0.15849589136917486
0,0.26894593023875174
1,0.7945237963687016
1,0.8665383390881156
0,0.6279708106272938
0,0.014538963205385811
0,0.09452793403012669
0,0.10409212829044591
1,0.7125981637000609
0,0.03394419910410664
0,0.3566400481060255
0,0.7816789554355399
0,0.013631136517038452
0,0.6028659848333738
0,0.1373566023446617
0,0.08414243093062859
0,0.4824914398237095
0,0.6088032088209416
0,0.09910907305713447
1,0.26146082839208695
0,0.5242918698085169
0,0.850228732002401
0,0.20586620003667566
0,0.8684667151107102
0,0.006660269222157557
0,0.01933312064303062
0,0.05020367278833393
0,0.27747943095566785
1,0.2824330157676478
0,0.35579518586631176
0,0.03409346180931881
0,0.6464602000860067
0,0.3630011275863055
0,0.022119593119781806
1,0.7257098118733181
1,0.9380272498610889
0,0.0685073119860088
0,0.5878860410975251
0,0.026948003840229013
0,0.017572897921463083
0,0.05197286937039813
0,0.44271513883871827
0,0.038793842256850466
0,0.029564249609747965
0,0.05790949589208797
0,0.0956430246305279
0,0.023118595216968945
1,0.9380089386021117
0,0.04781628606159322
0,0.019735418740168594
1,0.9089116323774007
0,0.015420732145743243
0,0.5341342135184731
1,0.5027610272364329
0,0.04466889736979372
1,0.525886728432643
0,0.8673139948288355
0,0.0773452276210075
0,0.012945968933029257
0,0.037646440806880316
0,0.627125119267082
0,0.03624578278233943
0,0.841422244798622
0,0.020830878039979784
0,0.1629143851174892
1,0.6481843173983625
0,0.029531942924695784
0,0.04225562213894078
0,0.09438683557117805
0,0.012580805773107268
0,0.08326227745868078
0,0.051675515250852386
0,0.5926216720230382
0,0.038089559177629684
0,0.7447848176641775
0,0.09265392078932888
1,0.9590658505949514
0,0.6411776631627971
0,0.897490369658421
0,0.4033826526084027
0,0.7025446183337707
0,0.8011771650169809
0,0.030753058973406248
0,0.04291946412556431
0,0.5316500848347229
0,0.21952771182380879
0,0.035477992477550915
0,0.06799455213174493
0,0.4115277641524163
1,0.6832015944382458
1,0.8358111646436359
0,0.07792050631401863
0,0.4883585935717197
0,0.024313800487111986
0,0.452930215295922
0,0.12011063886256379
0,0.027882336645404116
1,0.6518362294928616
1,0.8365673728328697
1,0.8854749149252572
0,0.3852617245770526
0,0.16517953345711564
0,0.019343135560633887
0,0.7083035522362622
0,0.7154128198075209
0,0.19333946092120663
1,0.6364087434705132
0,0.5122387094514301
0,0.07986984596149183
0,0.13958833972523915
0,0.5285604438342418
0,0.6952775371946401
0,0.013808662852134532
1,0.9871331106722128
0,0.18097274150326362
0,0.7123349790583919
0,0.011691723365807552
0,0.2661708586365047
0,0.11581159582784582
0,0.036298842109918246
0,0.495128473985711
0,0.42346714087925097
0,0.7939183518008658
0,0.02529770706420844
0,0.5099297020485041
1,0.9663167840733683
0,0.7203976239663572
0,0.558000532457351
0,0.8669829921837658
0,0.060384332100860354
1,0.31425893110643044
0,0.03177983797975946
0,0.2658389482460187
0,0.028166358108473122
0,0.05102832669176216
0,0.09515589923758454
0,0.5560028702853048
0,0.06546748496966799
0,0.7732591688282598
0,0.7147679188081112
0,0.19635088049385346
0,0.07209227787724153
0,0.07793552092628103
0,0.1764339814482175
0,0.0090277838289884
0,0.14746562776206945
0,0.029223614213667082
0,0.326937515313431
1,0.605514283612329
0,0.01792433329090327
0,0.4272963112973613
0,0.41181413807091105
0,0.4084249299137573
1,0.5279834483404497
0,0.010353608391816158
0,0.03072829324374418
0,0.8566412074920726
0,0.7889227504914254
0,0.06740231696648934
0,0.01836920547277935
0,0.07802146458607728
0,0.019804620245881678
0,0.013896715885993382
0,0.8882775449084481
0,0.10443818117401193
1,0.3492815188556474
0,0.01878752793376595
1,0.9142959732118244
0,0.05624498836289689
0,0.393928354422569
0,0.43623981012244384
0,0.945129147846143
0,0.2746653655759829
0,0.6026885031448179
0,0.09144277120100208
0,0.8152112703403656
0,0.03283832850160237
0,0.014807372476550494
0,0.05125579262971631
0,0.7807614091297894
1,0.7057397209952736
0,0.009279811769667131
0,0.2948467593535361
0,0.30287889433998183
0,0.055173317785074165
0,0.7032709736610757
0,0.019038485927721133
0,0.009281867769735592
0,0.56026752127689
1,0.7182076438949051
0,0.5533298698177548
0,0.22829930264628515
0,0.04400537720417704
0,0.016087981141283923
0,0.18916396997359397
0,0.41591955402807135
0,0.761454466996744
0,0.032911400647799474
0,0.6769169831109224
0,0.014083681009652608
0,0.05829747346804525
0,0.20393825478357458
1,0.6130930003691242
0,0.08809557886951037
0,0.3627455185961319
0,0.6223315627667744
0,0.03082909524254891
0,0.025056441073288784
0,0.5452689850495015
0,0.01682801074672835
0,0.15513136992415677
0,0.11628011729696819
0,0.2187089330483442
0,0.06793410036033969
0,0.4975435163483787
0,0.1857379016275278
0,0.09583161303568341
0,0.01119672479722003
1,0.7571435698935811
0,0.017877040231516827
0,0.08462879933827361
0,0.3698381813596722
1,0.759349929344438
0,0.2238928711847043
0,0.7374522775294519
0,0.549108627381649
0,0.2065995163337916
0,0.10529998142160236
0,0.8057848384626468
1,0.4814573180537148
0,0.5608271326950697
0,0.27224180450733737
0,0.6824057325542144
0,0.0660971639133871
0,0.12290878443923162
0,0.05395258013468202
0,0.0327866499625949
0,0.7043183714967597
0,0.0792487301681023
0,0.4637052024055572
0,0.3330381468938179
0,0.013345915975832175
0,0.2402866557234932
0,0.5219580818211154
0,0.18397624801957016
0,0.4274477499451685
0,0.17323339814184693
0,0.04456726396021122
0,0.15539247247479984
0,0.9053791074441703
0,0.1136475882621188
0,0.019629725452842337
0,0.07905017772391261
0,0.2707689214049459
0,0.522193931877964
0,0.053993999030538795
0,0.692923613971669
0,0.6634072191939954
0,0.14473224238537075
0,0.15223198224803725
0,0.8877066793088989
0,0.026575174973398053
0,0.6283476471029541
0,0.02356166408749508
0,0.044413211332104505
0,0.0675831634467262
0,0.20676358257656915
1,0.8419122822617917
0,0.2491714937291698
0,0.31571993360372913
0,0.35494706212193106
1,0.37068143003298604
0,0.016049458375368694
0,0.024697838435305527
0,0.7026227514474727
0,0.05640974754977454
0,0.05522838346166042
0,0.019624510311368908
0,0.7224337390961646
0,0.010570640245682404
1,0.026144135285741422
0,0.07435770385271674
0,0.03250548038252638
0,0.044200340211692966
1,0.6749425574074643
0,0.6314577648128694
0,0.06838359724369142
0,0.6781428445074584
1,0.8089678094308288
0,0.2583904247097719
0,0.022201355450972345
0,0.6286811125677804
0,0.051305205234449924
0,0.017952812969577937
0,0.044303834634371445
0,0.09717460738898756
0,0.021829513445226763
0,0.8030084570999589
0,0.008015997394127351
0,0.01159789856358097
0,0.007545539148869779
0,0.8837895011753557
0,0.2604978499776591
0,0.5064898186999436
1,0.8080426931514885
0,0.038622174506821434
0,0.43236776186133913
0,0.6378558959408316
0,0.7969297683116635
0,0.3850886394333886
0,0.013527515489332878
0,0.6349598903153254
0,0.020415684108572318
1,0.8155674216592265
0,0.6378779999703134
0,0.7332295380109514
0,0.03831227309641673
1,0.7977152564083281
0,0.01904346625276416
0,0.05499764004391034
0,0.01544707085058942
0,0.5814328415246317
0,0.9000207844814538
0,0.1035475963455899
0,0.42664431234649225
0,0.36241437523213177
0,0.6820102833307421
0,0.6973071162362913
0,0.11283397159251478
0,0.03611583016522224
0,0.21463756842506376
0,0.05606313517915645
0,0.07450547752169934
0,0.7656314837050574
0,0.014156375859086474
0,0.018305305957700704
0,0.23358068662224518
0,0.07996541879110287
0,0.04111295874112358
0,0.039671483317827834
0,0.05751965356245878
1,0.7964567722798815
0,0.7238264550146717
0,0.5694394934397816
0,0.3034358715431989
0,0.012839990335277092
0,0.01981827159815485
0,0.8866122927816246
0,0.5663797652883703
1,0.23272540566770075
0,0.7582581424808628
0,0.23056342120623569
0,0.22941372640448024
0,0.02129072963193387
0,0.5653885314227025
0,0.8591011080795851
0,0.046386768347889955
1,0.8854874569601239
0,0.045730201198204326
0,0.6875142566081203
0,0.09054814927816754
0,0.410066046737011
0,0.03231607819195393
0,0.8974707268239764
1,0.8922617146774743
0,0.8558833193036216
0,0.13926666933587878
0,0.056483900248208194
0,0.8551026827336164
0,0.04176887512522947
1,0.8468520545930877
0,0.09414270784830044
0,0.013384221128720716
0,0.24268953434337157
1,0.5609303779550686
0,0.021154703419930386
0,0.5311145815598663
0,0.20950704926186783
0,0.21040408955826545
0,0.7338712821764957
0,0.053162688134024465
1,0.3913334982102484
0,0.7458776497024986
0,0.27076690286936766
0,0.03057297921969653
1,0.4469871287801701
1,0.6416014058503907
0,0.06863673559455276
1,0.622447049645671
1,0.5721396925884891
0,0.01734900252135816
0,0.08408961721794193
0,0.7552573188383607
0,0.10782192492187043
0,0.39636655733213094
0,0.01576646548909964
0,0.5605342844047796
0,0.30097985440928554
0,0.04159585764044972
0,0.19455744031486114
0,0.026720439807983772
0,0.14083569551310118
0,0.8443672709855561
0,0.35976563621773505
1,0.8891724755971997
0,0.03294249233588024
0,0.04367635526182101
0,0.13997915264639071
0,0.0824994286818862
0,0.49751428577680873
0,0.7097850131802351
0,0.5860967583152411
0,0.4782811331303576
1,0.8883019453171311
0,0.6891586731504535
0,0.3352442802048241
0,0.5983673212941291
0,0.38236073591137104
0,0.05549143966276781
0,0.6789916245036245
0,0.019143051873057256
0,0.7291433268372458
0,0.7050763963184721
0,0.3732516451444133
0,0.011621997594639435
1,0.7640729095060527
0,0.6296813721575895
0,0.02623369577721992
0,0.8012924285321368
0,0.5193085859647865
0,0.8157267444307614
1,0.8394393978786213
0,0.04191288394676345
0,0.04766123838325424
0,0.6985273330338004
0,0.8020776353686142
1,0.8036894844651369
0,0.03149389743153917
0,0.2888596693763921
0,0.6307537623682223
1,0.223478560086798
0,0.027634158892380883
0,0.5748083649847795
0,0.02052304139080964
0,0.00861316607336374
0,0.035540821707964694
0,0.7381089407748508
0,0.05115199584228491
0,0.6150375539068532
0,0.2051990251701415
1,0.47526684067148467
0,0.5370727222827872
1,0.9398021674149989
0,0.009356032103597532
0,0.04086807473895942
0,0.3530811624755208
0,0.691360503260537
0,0.8867516507758993
0,0.022759894971614462
1,0.869963070399124
0,0.8308492373274549
0,0.0804909869041853
0,0.5525551624870063
0,0.13134731515516654
0,0.8384648397813766
1,0.7479689879563187
0,0.05186471906481191
0,0.21165573360226902
0,0.013970589022091584
0,0.017305586184250352
0,0.9540812933274021
0,0.0250798845990975
0,0.03353967072005895
1,0.7096273691565804
0,0.09455808799814888
0,0.05030144285734173
0,0.24166143159619716
0,0.28187607803177506
0,0.5272690645034925
0,0.6069727118703051
0,0.71161424333628
0,0.011527733823737682
0,0.5708721148310248
0,0.8999433132996805
1,0.420638786034028
0,0.7326784124739297
0,0.29345954201139773
0,0.05015213320272494
0,0.6962376325458243
1,0.7838112803703394
0,0.03830145322747671
0,0.02820897756839417
0,0.4635302965321109
0,0.21285444959966357
0,0.0298659831943282
0,0.6056746686977469
0,0.6631647046710738
0,0.03113188206716027
0,0.7023899102421397
0,0.0457954191282428
0,0.6538631352536296
0,0.38097108546638064
0,0.0999564437095433
0,0.03493952568999751
0,0.06296181764934097
0,0.744492315095354
1,0.8827441674458302
0,0.48485111517879176
0,0.24412678229380594
0,0.9288181962394741
0,0.035102297336067845
0,0.04563326706768255
0,0.045679011036049946
0,0.19010666179859884
0,0.2071463166399512
0,0.20365016815734155
0,0.18986521296470124
0,0.6514133902217188
1,0.8009451874398518
1,0.90826175778257
0,0.03526239845332357
0,0.10855818393583551
1,0.8037443920688402
1,0.4340181578663536
0,0.04823040419856536
0,0.04706407867552603
0,0.3226337754115024
0,0.22667095047873448
0,0.047436948990677484
0,0.11287771069566904
1,0.5129039885950384
1,0.44584860228039547
0,0.021243250464301297
0,0.013209719668960365
0,0.031235909590356423
0,0.5650567183116395
0,0.36915109022306464
0,0.6198375818726063
1,0.9209512879372855
0,0.05230389203525276
0,0.7601301547112166
0,0.10105477367553327
0,0.5921812975843822
0,0.033336883869449635
0,0.8192251101841108
1,0.911669915276229
0,0.48144288843688665
0,0.2613012966762316
0,0.2053704406192886
0,0.23681816741233347
0,0.4589696275841951
0,0.17372478019760731
0,0.46249518159341235
0,0.5117771914332554
0,0.013367199154391546
0,0.951887254170874
0,0.07973319614262
0,0.36370107371999105
0,0.030910797592548556
0,0.04719723161476755
0,0.16441002513649916
0,0.20117273153546184
0,0.09808336595846599
0,0.12410675578987648
0,0.060753711199070484
1,0.8930835131619169
0,0.024548691357199167
0,0.05034823727609432
0,0.38806493889827787
0,0.0890466169009292
0,0.2510751398160281
0,0.10090923350985412
0,0.0259957393248971
0,0.6379085026440359
0,0.06844800137942325
0,0.060483538670352804
1,0.5289385321059455
0,0.026211396447028804
1,0.6946604818513799
0,0.04611389431551594
0,0.3628001225107234
0,0.05286531948246254
0,0.04344833754704747
0,0.4138899502398211
0,0.9294867528132195
0,0.006653069638419086
0,0.019780755242884845
0,0.03131706588027194
0,0.44337234706392575
0,0.02470585974778887
0,0.06270246719497251
0,0.7939070349806202
0,0.022301343414681103
0,0.394070210417668
0,0.17400621427470328
0,0.01653406034624408
0,0.0399898783515113
0,0.14184599615060864
0,0.7829346617733343
0,0.01254672784087021
0,0.040474918857822825
0,0.10286553351181185
0,0.4986184149342847
0,0.005466474506979232
1,0.8086473920140965
0,0.08576195062663369
0,0.011254772222654424
0,0.010408734528019376
0,0.04520588096084544
0,0.19399966114150102
0,0.7391723417599231
0,0.04074892381617433
0,0.15756678186794487
0,0.014185090509960877
0,0.3093658101046652
0,0.5670702512696145
0,0.8525195207717182
0,0.1463547103868269
0,0.43809113207674916
0,0.4694178395888623
0,0.8405403833358142
0,0.23347945862902217
0,0.050836799922298864
0,0.2136111224908557
0,0.21627074044536243
0,0.03520493211038458
0,0.4117680024659148
0,0.10478039201260111
0,0.015715621061000683
0,0.4195385210582696
0,0.3553872761211823
0,0.29042957690393423
0,0.015011058052058086
0,0.7872890556298332
0,0.17459468122131197
0,0.018378148083088144
0,0.15352991714554687
0,0.03080846064331899
0,0.1376126274589815
0,0.020379819593595454
0,0.07555374611057053
0,0.03572588385730019
0,0.08034249052658331
0,0.12071421737728136
0,0.10197327472787499
0,0.0439419524146237
0,0.07306684715623077
0,0.011372559446333672
0,0.07398116314382082
1,0.3064144797163556
0,0.06582235834795691
0,0.5542570518568102
0,0.41200429740120126
0,0.034037576350135997
0,0.8001878917864828
0,0.029964423266519925
0,0.6346795265085081
0,0.057297720993766864
0,0.41724426749876703
0,0.016150035596583703
0,0.3726848978672642
1,0.7118250006686957
0,0.24313236957066003
1,0.6801942141816464
0,0.2976095566247896
0,0.2459282761681479
0,0.6228227804249088
0,0.4616563557974124
1,0.9067831897095605
0,0.01393163993820509
0,0.029526723261307647
0,0.8972862043835375
1,0.5294041945302087
0,0.04635973682850531
1,0.6190633021849218
0,0.023858428509089133
0,0.7132010054642978
1,0.1541933024745846
0,0.0978027364068103
0,0.17208353537996357
0,0.014551094180247187
0,0.027315806477250095
0,0.4568539970408988
0,0.016440988824916774
0,0.31899681588114653
0,0.05043221325279778
0,0.7737832829187276
0,0.4079837124237573
0,0.021578942038015535
0,0.02753118252218337
0,0.595458485664498
0,0.009842016134697935
0,0.02690534769089835
0,0.018204138270623914
0,0.6038701540029403
0,0.02962226410100486
0,0.06517773813045191
0,0.8709805738786794
0,0.5753319535250518
0,0.02233812099868915
0,0.5720323419071262
0,0.09474496745442999
0,0.5940112997968123
0,0.02671259730884823
0,0.7090889123217958
0,0.05077981600818717
0,0.039215260496990645
0,0.04004758382122904
0,0.10429869532630463
0,0.7015033382215831
0,0.8557501540720589
0,0.44841354053994315
0,0.036693710263235306
0,0.05693634729219798
0,0.0241918747705695
0,0.6063476826585622
0,0.18265332663886671
0,0.2778741255932081
1,0.8819041424292104
0,0.07270637100579881
0,0.05369940562245913
0,0.01396132167874959
0,0.11113940197015434
1,0.4416400140686208
0,0.44894880093810013
0,0.03846534088819904
0,0.5536795837012025
0,0.0644675631223718
0,0.7430476208776963
0,0.04520177603059797
0,0.025435020864691113
0,0.4800651071817268
0,0.008167434491892986
0,0.5931859467401907
0,0.024184628553200728
0,0.033270057997322744
0,0.02476596655158848
0,0.08544785038207402
1,0.9673371445794735
1,0.2782620075780879
0,0.4952591914025183
0,0.47321040851676854
0,0.1359627823726201
0,0.38795814317136396
0,0.28229998397193423
0,0.27699640370530115
0,0.9031270348242837
0,0.01325837186157647
0,0.8133371345558672
0,0.11827449480995038
1,0.8101501042020842
0,0.16566564022644525
0,0.013459306402325438
0,0.021611964569424408
0,0.06438038947380252
0,0.07431958786954969
0,0.0158405964637268
0,0.5941398592843892
0,0.006105479967426235
0,0.21946360676269858
0,0.5054938338695677
0,0.02563118173436552
0,0.8938901197724567
0,0.025608334590753807
0,0.5007082964025396
1,0.7665792343623344
0,0.02383782210087575
0,0.6367336823274183
0,0.2856075239387917
0,0.7562024408687531
0,0.7382203351183391
0,0.01028332416013962
0,0.4533000848957739
0,0.7001149845464048
0,0.03172075168731524
0,0.03092276101781112
0,0.02984527377179681
0,0.030519461124379647
0,0.08656516091769095
0,0.40091433808843335
0,0.04637824245225897
0,0.36973953405990767
0,0.6132351740792521
1,0.9441008329347966
0,0.04690799697263872
0,0.0503305726891404
0,0.04743658389714607
0,0.843481708196338
0,0.06135830258319294
0,0.9320394271778094
0,0.18856311765825276
1,0.6950864538169451
0,0.044510115658368404
0,0.45243878999929504
0,0.3094389761085676
0,0.20958178897602164
1,0.6635060315952245
0,0.21065283698067747
1,0.5771971979695038
0,0.3194264569646041
1,0.09711806354384094
0,0.03874392082137977
0,0.10852412711613481
0,0.7261106507014055
0,0.019273279471839256
0,0.283692042667515
0,0.016357974690311312
0,0.31816910388475156
0,0.03298546809660885
0,0.6217998699690701
0,0.18524724176580937
0,0.09968870076943713
0,0.22774525613831711
0,0.25393271780264615
0,0.012657839534429938
0,0.04564501584729395
0,0.34360704341665876
0,0.022164275871717425
0,0.04990727587083324
0,0.04052764025533346
1,0.6477579492741156
0,0.10775889343492458
0,0.031543470585129074
0,0.7868087160345794
1,0.894423668090173
0,0.031175455632843838
0,0.038392710063011655
0,0.02416337233160315
1,0.7866372503681862
0,0.7832422531485721
0,0.0772211123317776
0,0.36360009716977415
0,0.014097630076033055
0,0.1868120464959675
0,0.04528267223780868
0,0.04166704396715748
0,0.07094381364662806
0,0.4727477959631805
0,0.012604133183085618
1,0.7323289543251735
0,0.7474981855682599
0,0.6713435053217557
0,0.05761272139428231
0,0.10102421532513543
0,0.21024913548868446
0,0.6125332462162961
0,0.8434238958481061
0,0.7806486697596648
0,0.04110750441917804
0,0.18778996974440934
0,0.18348529388617943
0,0.027141869277174848
0,0.2482454255130672
0,0.3252529882201997
0,0.04957910007264897
0,0.015216841487502979
0,0.03784290450580749
0,0.039883984821136635
0,0.6912424623703526
0,0.2598957790697677
0,0.3625444681822252
0,0.8455013591419522
0,0.013929729836491262
0,0.4052690528355073
0,0.4705058591967082
0,0.4186903618688163
0,0.5966490814331635
0,0.08128574043767238
1,0.7623548829783003
0,0.07087479792198106
0,0.40721222581802463
0,0.030975814976114274
0,0.7506126598042938
0,0.2978241507081031
0,0.08164102704628622
0,0.09837986602720904
0,0.45432265763489593
0,0.16988497861025773
0,0.07663695658366025
0,0.04835173029691578
0,0.2893782902354834
0,0.2534757477047326
1,0.9346783999515581
0,0.2551520459861045
0,0.6750259882155739
0,0.6102941181902769
0,0.09899296741400973
0,0.023921286727622493
0,0.783240104192013
0,0.022645549806423963
0,0.4524342270157632
0,0.21391444211653018
0,0.008941589442932458
0,0.3971382296106722
0,0.5950536895269837
1,0.885706963290146
0,0.4625713261682969
0,0.590508243554701
0,0.045484291720838836
0,0.007945769544666836
0,0.45211506468731893
0,0.8482580273446599
0,0.8254166542252158
0,0.05380753738793306
0,0.5794004331510518
0,0.009715964871285395
0,0.016215399630201632
0,0.48244913488792607
0,0.16328263749946903
0,0.13474919061860952
0,0.04802724883326082
0,0.051624011669523066
0,0.6571543241108335
0,0.7676950991932344
0,0.1483951329098276
0,0.035169670963603065
0,0.045472675148955914
0,0.7464047359886443
0,0.033694089830436626
0,0.031448621598252
0,0.7345896536747849
0,0.10439099478669453
0,0.6705963140594345
0,0.5030680992529288
0,0.02499505979617385
0,0.05735082187673575
0,0.34962088704999755
0,0.36950317362103435
0,0.46374937554762224
0,0.014869912316436792
0,0.029595406290383278
0,0.06169092359613666
0,0.08140145752341084
0,0.043524846372451215
0,0.023223260294815133
1,0.46062899208955216
0,0.012855721680341521
0,0.016287565788049737
0,0.022700329127995588
0,0.041339929216632605
1,0.9294049899713825
1,0.04009764637955633
0,0.009703176302277341
1,0.6176002233656995
1,0.500946097334984
0,0.05849214813017301
0,0.05440488199928001
1,0.5748853560907907
0,0.015927298985156765
1,0.8132919442786216
0,0.012041238935831929
0,0.035661841680264
0,0.474733230367645
0,0.1316575674121214
1,0.640886117965423
0,0.026658262171650814
0,0.02296064354908878
0,0.025788266991766857
0,0.17861945898378276
0,0.1566214279444468
0,0.6125844342475352
0,0.6859324876960649
0,0.7594594078580441
0,0.7156318092130798
0,0.016394390868023818
0,0.02112969558723513
0,0.00990018479371749
0,0.22080189061924582
0,0.04914441767071155
1,0.6849299925868282
0,0.030337848307634013
1,0.6498505729864815
0,0.3370478503986115
0,0.36273277512284274
0,0.8535083653569194
0,0.0125816740036211
0,0.2844056465064252
0,0.4479028621753525
0,0.0646368666176428
0,0.14463922856065406
0,0.014460523111830654
0,0.7191513740776634
0,0.29327663064913223
0,0.009302820604826628
0,0.07451301922890174
0,0.0576266520865509
0,0.37981011683436494
0,0.04463003375375724
0,0.08933719174143039
0,0.47114271732423557
0,0.04222349295078865
0,0.855237660398795
0,0.2201283996125384
0,0.3357209623190218
0,0.28932675015404663
0,0.023241768136680357
0,0.4277761079292418
0,0.5496703914426501
0,0.1475923185981294
1,0.6330443705308131
1,0.6182286647563523
0,0.03237094227827149
0,0.7338888434467853
0,0.8573048664140589
0,0.07002731309685897
0,0.49563584758658846
0,0.8436437902068805
0,0.0506978086358698
0,0.014069517952956134
0,0.8377828174908336
0,0.6522151461480133
1,0.5693392373500243
0,0.44815970099940045
0,0.5662622852576784
0,0.33455683666171787
0,0.19459442418840306
0,0.03416727993603536
0,0.2410092408903862
0,0.7463198658405698
0,0.03031279956980026
0,0.021176731792710877
0,0.01959704100768224
0,0.14959732761329
0,0.017630943067952085
0,0.03776462263426312
0,0.05928715485487013
0,0.03863038227896548
0,0.09757203392942232
0,0.5313474015562714
0,0.1726283981610725
0,0.0586244292660574
1,0.9325411780680211
0,0.6732336039768666
0,0.04347338377568599
0,0.28386580085355934
0,0.5843400007377609
0,0.052693710686699535
0,0.8213142261589438
0,0.9131541213756469
0,0.5605647367817655
0,0.3248509790351288
0,0.8139116056581109
0,0.8448116430799067
0,0.5876560931483004
0,0.8814289994191018
0,0.06128509486818482
0,0.44906661273965404
0,0.06389548681422884
0,0.03912181441420357
0,0.1390074472469283
0,0.8575992859729428
0,0.4240745010947539
0,0.4217950196185816
0,0.02749893078549451
0,0.22182034066638617
0,0.2636206543738094
0,0.02733619207884615
0,0.4183257145127543
0,0.5523681101409658
0,0.015297649888510923
0,0.21881710069234978
0,0.889586853487348
0,0.005210879800069394
0,0.3823547074461008
0,0.045983308751927236
0,0.017491301626141396
0,0.8329647466842385
0,0.06718751450832701
0,0.40438075718440136
1,0.01033064685289982
0,0.5963793257931967
0,0.3044745371817366
0,0.6532047456654911
0,0.728267872433054
0,0.5555582060687907
0,0.01987662596038773
0,0.07697180335597825
0,0.04025940005593401
0,0.017787100641184942
0,0.007699321863334271
0,0.012683351095728351
0,0.6320011205214037
0,0.8288257767665796
0,0.5135759517927053
1,0.4322407163213012
0,0.5432844676687502
0,0.06020733258576739
0,0.017028533072863707
0,0.0174577829955603
0,0.02120483613774225
0,0.013092922546673564
0,0.8577457133613485
0,0.04512504839872984
0,0.06255260634902336
0,0.00840509865424518
0,0.6380056524228316
0,0.27209483487458563
0,0.024847787463191905
0,0.5563498687790734
1,0.6398352706764731
0,0.09895559934305458
0,0.04571706267291089
0,0.17175873421352836
0,0.1885493100514615
0,0.014763366962550685
0,0.01910303828090385
0,0.7855140573843566
0,0.339836374260958
0,0.02331600385190576
0,0.09555731486154567
0,0.026980952699217887
0,0.03753579254949623
0,0.006387768774471738
0,0.4148062881205354
0,0.017846762710229072
0,0.027518150986893447
0,0.5693035048917198
0,0.8392704814008882
0,0.3351211033135243
0,0.014571584691113058
0,0.5586667402989194
0,0.09505699479601913
0,0.6837532792860261
0,0.4361745109663033
0,0.6518637175396006
0,0.020121601525368692
1,0.3125165407210894
0,0.04604844075913969
0,0.024722756216999896
0,0.03895946884908664
1,0.8455641094483008
0,0.07169745019915559
0,0.03711781112246199
0,0.07231192385886039
0,0.015623875785869809
0,0.2183817317459388
0,0.5191887048109303
0,0.25307411382462586
0,0.014165752117530059
0,0.7640450344017901
0,0.7801878090073731
0,0.2832486575783135
0,0.3482459524179257
1,0.9378693370695715
0,0.012169534489792204
0,0.27964513088850357
0,0.9035113940930106
0,0.060923492042338136
0,0.8329207433702622
1,0.8630644050832065
0,0.6922369427710284
0,0.049551161277276004
0,0.13993203851213903
0,0.33786839730321516
0,0.012530859816827312
0,0.8658295088586355
0,0.24941902396775054
0,0.6193880705798034
0,0.038379321591591894
0,0.267012394903235
0,0.9290420714936507
0,0.6074705899699206
0,0.14013102122588134
0,0.8985404973592157
0,0.10477469999229794
0,0.03984395279181753
0,0.4089746796674796
0,0.6102577979901043
0,0.6888904901835476
0,0.0058756518210598225
0,0.015786465686841354
1,0.2722888645739364
0,0.7016211724552213
0,0.520399843990445
0,0.06708894942802139
0,0.20875069452167086
0,0.28773108618717974
0,0.11430363493553324
0,0.06636093181387821
0,0.292790279459215
0,0.028459574573616735
0,0.01211374929301436
0,0.8524218904939385
0,0.4867382236879292
0,0.021792512429054573
0,0.04385828289561051
0,0.04005320737144074
0,0.8771370522935262
0,0.2233325283032158
0,0.6563637784329862
0,0.02216776330577474
0,0.527282792419991
0,0.08190776246136124
0,0.4387221036118557
0,0.0565991813761439
1,0.45047839239031184
0,0.031788068754508375
0,0.04212623453318952
0,0.06713328903903493
0,0.1347718924533604
0,0.488692720798036
0,0.09727162321413858
0,0.421443358339435
0,0.07557409599730616
0,0.012139148946938535
0,0.0669951610489885
0,0.060784984084147585
0,0.5264518650725368
0,0.4056708186680284
0,0.13105967677836633
1,0.7144928461751022
0,0.023758051154227328
0,0.15667354365928954
0,0.6005439443712225
0,0.02005473315958152
0,0.011372559446333672
0,0.04911629210265918
0,0.230236184243675
0,0.33346939483954724
0,0.7155847386124021
0,0.24305114737403466
0,0.29576434875401786
0,0.03812395663116837
0,0.06464117461633748
0,0.3690095424470967
0,0.6610298144301885
0,0.05465653910312381
0,0.011098749867180369
0,0.7775184450931905
1,0.729328369436889
0,0.07304132226225915
0,0.6085905970160603
0,0.2987737357972692
1,0.2571584100999269
0,0.48269169137823775
0,0.363431357614613
0,0.02630322404798741
1,0.4308610662443854
1,0.6675231585490816
0,0.01578151549584611
0,0.41426302093352685
0,0.21312578562998827
0,0.34989060075296285
0,0.024540031330880258
0,0.7705386123868593
0,0.024768443416165256
0,0.023852958904765246
0,0.019334727778536117
0,0.05400930970307554
0,0.5754891957310467
0,0.11506539562258661
0,0.592442111777278
0,0.4453114116446462
0,0.8090050895429883
0,0.563491992442589
0,0.06456598484033564
0,0.012538273369638706
0,0.038684305736307614
0,0.4369897256165849
1,0.9024815055336747
0,0.8008624710107057
0,0.01993154533314193
0,0.02989772254963995
0,0.03885585988136363
0,0.47277236779243786
1,0.9163533208840592
0,0.033207925893818664
0,0.011219533404973142
1,0.918178653985849
0,0.043944047053064615
0,0.6357150944950315
0,0.6170470673845394
0,0.02282440340859313
0,0.4216979785258601
0,0.014346135955857322
0,0.42391789202352764
0,0.16983807942270052
0,0.21587377408264488
0,0.027634158892380883
0,0.4263401459834561
0,0.010058017327708644
0,0.13811451587472143
1,0.9716624703157107
0,0.8251013789629158
0,0.0659405235511586
1,0.9687717557090534
0,0.02683251107328409
0,0.11602992869471355
0,0.4628253080373665
0,0.044665317893464875
0,0.18474682596857414
0,0.8422196074390441
0,0.01671874170409895
0,0.019991618957764485
0,0.04388014346075582
1,0.7875844269864148
0,0.6908931370351974
0,0.013247608643743703
0,0.10103692824064273
1,0.8368712036049905
0,0.13547566878422349
0,0.02728318871268478
0,0.33980908375291424
0,0.06742174252593908
0,0.021176731792710877
0,0.052485784748763115
0,0.09917801914700321
0,0.047798454144318624
0,0.021578942038015535
0,0.13295808096179867
0,0.03112482167978614
0,0.7670062507498309
0,0.32200382832183894
0,0.013645844659270125
0,0.00998308680884189
0,0.6678159261824712
1,0.9100913584127326
1,0.8502047595459433
0,0.8932219035834309
0,0.7536479215251766
0,0.6235285922936707
0,0.3286494838891048
0,0.04446974498193347
0,0.17884824735976265
0,0.46403770701020997
0,0.027462147784778686
0,0.5780761195867237
0,0.1363849816927894
0,0.613709844359672
1,0.7909918637858576
0,0.21067802459543247
0,0.03495501627772868
0,0.059106448757154775
0,0.07953394574083457
0,0.46657855247530067
0,0.023603540017864768
0,0.10775889343492458
0,0.06294967980027524
1,0.9096523130496591
0,0.0470264328457492
0,0.7717045430505245
0,0.8404547522912894
0,0.03281142990783711
0,0.024964870486339955
0,0.9213928766499202
1,0.8448335771828536
0,0.6298282295868673
0,0.6052112536065523
0,0.010562507603051953
0,0.27720228970502975
0,0.01691771993702027
0,0.42554218606040733
0,0.022555312593048497
1,0.8701678466369663
0,0.02719786715176789
0,0.019175872374417625
0,0.06395697686630542
0,0.4087320764626672
0,0.016966245352310436
0,0.6931457880786035
0,0.17513989476051398
0,0.12006633660873967
0,0.46077829734045317
0,0.27515540056016696
0,0.8975317609962031
0,0.06252499548864862
0,0.17452294645488814
0,0.454378181882279
0,0.03250044788449629
1,0.9029653035992962
0,0.0069659946436658295
1,0.8571884089985154
0,0.20661676437122742
1,0.9177342119476258
0,0.629269847194634
1,0.26054367451133587
0,0.25242354556868474
1,0.7350988731901851
0,0.8379680279324871
0,0.09091898696711515
0,0.089847293959935
0,0.029899594937793886
0,0.1576088129709549
0,0.5935184441810081
0,0.019133512534701573
0,0.8143917404622862
0,0.23312465271728836
0,0.11993072767827961
1,0.7290980198027663
0,0.012689597626152911
0,0.9431230044477763
0,0.829766021124213
0,0.4269642728081297
0,0.5001273455607678
0,0.7182531416754061
0,0.5563826831107593
0,0.874098799554629
0,0.2583225527113653
0,0.034516765233136126
0,0.01896911785565378
1,0.19954517412662717
0,0.6594490951253945
0,0.015325231974332788
0,0.2418468371317334
0,0.40164226147593407
0,0.7621310500530125
0,0.07949363260060004
0,0.016668582317173046
0,0.018580115931955344
0,0.06385260369116774
0,0.6409779989353299
0,0.018257608223931153
0,0.40542343302488737
0,0.19616672352921935
0,0.09482354316253727
0,0.02333461887035029
0,0.7748813533033232
0,0.3801212623436936
0,0.8692530977811951
0,0.014131168355678504
0,0.5352905663255436
1,0.8920472920808544
0,0.23070796039633173
0,0.757579575704826
0,0.33885456578943846
0,0.016994949156198917
0,0.03634598067288297
0,0.21587060282254428
0,0.06296690805484555
0,0.6116261907686195
0,0.6172254524024029
0,0.04056792564734655
0,0.29745500994906326
0,0.03666589869689127
0,0.4093792169885289
0,0.012121559493633433
0,0.826120910433423
0,0.6370255064201972
0,0.08664597781898378
0,0.8970085426563363
0,0.06376694414174744
0,0.46446893053108795
0,0.30864528733253704
0,0.7980255497723772
0,0.6714549297793808
0,0.014496449806213835
0,0.10921137400954929
0,0.025967660506615052
0,0.3165220086230762
0,0.03199499874412647
0,0.2918924011946639
0,0.8616067900562034
0,0.573715944830979
0,0.023478051511642572
0,0.34878248913916093
0,0.016595864130741843
0,0.12243844292322667
0,0.2704383847564276
0,0.14042523397015583
0,0.05125579262971631
0,0.6082366583841474
0,0.0480686345257884
0,0.286380598958291
0,0.04111388917483244
0,0.01615837065795179
0,0.04150790689214154
0,0.03695097757370639
0,0.01123457308252793
0,0.12985405079241677
0,0.35049593951546293
0,0.36220187773523227
0,0.04209135784263202
0,0.8797485537270863
0,0.09223732303101599
0,0.04341161550780272
1,0.474230275309555
1,0.42160871025691493
1,0.7349373391215022
0,0.014990753891327651
0,0.5950596166885144
0,0.01243599018079979
0,0.025009193255006855
0,0.019804620245881678
0,0.8343168099364464
0,0.7641565716872777
0,0.01372715824766529
0,0.40067141589893734
0,0.053797171034330966
0,0.03317261588981739
0,0.039464118912931605
0,0.2264073228368248
0,0.6907741442661083
1,0.4907493364234132
0,0.07774203402205196
0,0.8836232624839233
0,0.34798637161994683
0,0.1412557632612964
0,0.011269710002843698
0,0.22310652539910347
0,0.010508880536389148
0,0.23222109198527316
0,0.022711932154258
0,0.6565313276162584
0,0.19574216176628562
0,0.05311170902632388
0,0.01916680510032673
0,0.8109973159365782
0,0.08653820491066483
0,0.03148046147303015
0,0.03280900389675529
0,0.11561332577547015
0,0.044121303958414446
0,0.017251003451105255
0,0.014110721572322623
0,0.20297384146724096
0,0.037942499262153734
0,0.027416378741919333
0,0.042475994296186974
0,0.530299115253858
0,0.6780480607244649
0,0.867135732803685
0,0.532425515160254
1,0.8537152041786412
0,0.02435328708205532
0,0.15124021496310566
0,0.9352279180453107
0,0.01139383636305382
0,0.7992301044988861
0,0.025363705582390594
0,0.8046447090152706
1,0.9083110423240667
0,0.5956614126654354
0,0.045240368167253193
0,0.21387397250577414
0,0.73091631821403
0,0.7438929816677431
0,0.04876647202119227
0,0.2852299176066981
0,0.2248208131550694
1,0.8612792501704409
0,0.4972076319604538
0,0.605525370546507
0,0.8265811569620208
0,0.23766993422969804
0,0.19730187672310065
0,0.04947837425180013
0,0.05548987598068591
0,0.06400090629096812
0,0.5134860911457942
0,0.30186831426345867
0,0.6622446950428542
0,0.5370022290135553
0,0.5535060498770312
0,0.14303618856466313
0,0.4213340150148171
0,0.07480247860103444
0,0.14155504654523446
0,0.5178845320014175
0,0.04766727761926539
0,0.024592668599811657
0,0.016886484869416997
0,0.11739137830278278
0,0.6039808790427201
0,0.6764746187625784
0,0.22216656281231578
0,0.015039412481183677
0,0.785276191516327
0,0.559260922488772
0,0.7858329336676236
0,0.1433042065044439
0,0.02654122781998719
1,0.47393840972466583
0,0.12168614863889839
0,0.10996555160902924
0,0.22447820161839604
0,0.20519417369331744
0,0.06548887877121379
0,0.29208333745757076
1,0.6187321927170383
1,0.6891586731504535
1,0.27378202443470545
1,0.9363874296296734
0,0.056916916211229865
1,0.8373969675428801
0,0.1310682543001861
0,0.03743201235914236
1,0.8400841372204566
0,0.44550066202174904
0,0.18759774419641742
0,0.027466841140750996
0,0.11216792780645782
1,0.6984656792054318
0,0.5673403955807235
0,0.34392382227975005
0,0.056409377153645864
0,0.1657502472272746
0,0.4912531689059435
0,0.09626073655490956
0,0.23216620304245333
1,0.4965664363122507
0,0.3437532679664528
0,0.4976932756951987
0,0.12786466607929012
0,0.17077386184049081
0,0.5286820507342819
0,0.03982157675698717
0,0.5019961586037558
0,0.06942873768119111
1,0.3630733380832368
1,0.7822699429093405
0,0.34435241835403707
0,0.023300940087967726
0,0.8148102309661701
0,0.0691933948725842
1,0.9182807762258257
0,0.05122605195623507
0,0.021527852237796116
0,0.04046053852315902
0,0.5757696397511091
0,0.01339833453959446
0,0.07209498287414949
1,0.823908641470103
0,0.19902699850202726
0,0.96341159034215
0,0.018306698838364326
0,0.20112290751928324
0,0.5793893706304517
0,0.4049739354620698
0,0.020159444732095546
0,0.27831058322798863
0,0.39991214498969596
1,0.7969983390666947
0,0.05770570489559287
0,0.11467011182902628
0,0.020750892338516465
0,0.051786294644415566
0,0.039233342804618376
0,0.1329636439685759
0,0.03462172435346093
0,0.28854539195079104
0,0.032972252804542086
0,0.016114072890359078
0,0.013060200968991863
1,0.9445575761761502
0,0.008536964998878007
0,0.8878477539715434
0,0.034107724855354855
0,0.04010194942079803
0,0.023742010385020516
0,0.39984234460644447
0,0.017723836006283352
0,0.16298292509053094
0,0.26671967978599964
1,0.9204049710989757
0,0.07967789679368666
0,0.6463943182044445
0,0.5623781525470497
0,0.5831780711530256
0,0.12194521563595863
0,0.36710596318488
0,0.5675358919957336
0,0.16563418771577998
0,0.18131287600328078
1,0.7269768619101863
0,0.7739871074541886
0,0.13675411749486288
0,0.1008376942412598
0,0.025030301868739047
1,0.9195640360219162
0,0.023299773807509288
0,0.6217408721795392
0,0.03926879414022384
0,0.2783398546358437
0,0.07647175317023744
0,0.03056045147681037
0,0.22028153113902738
0,0.5771314553255037
0,0.497885976033742
0,0.030501384816328508
0,0.5036452068413823
0,0.7651158638027612
0,0.03211271334640881
0,0.03723732870849465
0,0.09288671151228119
0,0.05569368557104068
0,0.10441896324474707
0,0.5958866454328096
1,0.6985192200601266
0,0.43545199406200746
0,0.2258212578628163
0,0.05490572154089618
0,0.056067596428077036
0,0.04614190035184922
0,0.2987565154133685
0,0.01107383053623238
0,0.0615957579105824
1,0.9069887967017759
0,0.008745753770360968
1,0.9693020632873405
0,0.6258836214333073
0,0.03081676141471798
0,0.16445628219114058
0,0.022786082108697165
1,0.8261603481470164
0,0.16050552114598726
1,0.6115386745170771
0,0.014649406693340448
0,0.15448429133455985
0,0.6558773339493219
0,0.019747601004011774
0,0.12492231655712584
0,0.013827319664564349
0,0.22324863582762688
0,0.21849842407318928
0,0.021644062986370994
0,0.7884113587389621
0,0.08523845622746254
1,0.5508378269121095
0,0.5266663283312765
0,0.10145298414361208
0,0.08023364389313917
0,0.0409555163665159
0,0.7854214196005395
1,0.7456119817399728
0,0.011520199711395758
0,0.039220233401162284
0,0.34853795773150714
0,0.763426915088936
1,0.9703930752745199
0,0.1520280913777825
0,0.649818389647445
0,0.12381473566269217
0,0.33284561284354575
0,0.04226867823768637
0,0.017125567557761852
0,0.3317243911352776
0,0.010979625406588107
0,0.03622139876810125
0,0.46431444381808673
0,0.6709740432573951
0,0.7235893331637936
0,0.020839102053198486
0,0.31820728509391144
0,0.5132485578755893
0,0.01390580466841628
0,0.2917283615937588
0,0.08629381392338506
0,0.09679956632460406
0,0.032084113854018825
0,0.23837670697228935
0,0.04583708565052894
0,0.3436044642215246
1,0.8778288855499463
0,0.048225414473391584
0,0.11352020005256616
1,0.5652883492689125
0,0.39877510890819307
0,0.40997760635429775
0,0.08265938959706334
0,0.664433156563223
0,0.766257408654462
0,0.7911417596634523
0,0.01954461815004517
0,0.5415949984188644
0,0.6955389663489301
0,0.08895782251193514
0,0.4308640997182753
0,0.5760291414773112
0,0.02619712572412066
0,0.021375849423103492
0,0.06973255750550943
0,0.4139152139531475
0,0.048596484806318244
0,0.0317481684305912
0,0.055533011209129186
0,0.09197522345397544
0,0.16217792016630916
1,0.6583226192636127
0,0.6510551393439651
0,0.47772806046198485
0,0.8428609618698985
0,0.37428521029057177
0,0.8554458075341391
0,0.034828051100273434
0,0.5380831026721862
0,0.0413798428756605
0,0.04797988855235738
0,0.3464578623769679
0,0.19714925675954414
0,0.3520786580896173
0,0.10216322352069039
0,0.24228141908507003
0,0.0057739868788156965
0,0.41846791724184984
0,0.18824486092300627
1,0.6345173506562399
0,0.0419002975044305
0,0.07120197244260675
0,0.018336898501901656
0,0.10460627333947664
0,0.48985391808282047
0,0.05687910864879796
0,0.6074330233735211
1,0.5969428381628588
0,0.04055327392639245
0,0.8131426991175752
0,0.0580076476747505
0,0.030599949323136783
0,0.10780899261845309
0,0.5331314601635994
0,0.581913439559087
0,0.6146146907229711
0,0.013186220172252794
0,0.0592690747424998
0,0.027670557772623394
0,0.6353192649943153
0,0.018619003471017994
0,0.32588176698309873
0,0.0384151361815731
0,0.12077567659418521
0,0.7053256015585315
1,0.8581870646664802
0,0.25063370596396917
1,0.8717430394195627
1,0.8235236405886931
0,0.17306412162544368
1,0.6007211359326836
0,0.02227647392666512
0,0.07121877098302541
0,0.1837036175644855
0,0.8023828236388963
1,0.6320555934922919
0,0.017072761442433013
0,0.03866855778815425
0,0.31798286497986505
1,0.6996926838388433
0,0.0471507094947161
0,0.260729916714903
0,0.02996097769730088
1,0.11365979528917215
0,0.2143922861901616
0,0.13176799672709202
1,0.8501774543917318
0,0.06824121641945495
0,0.5540171352818342
0,0.032747554782919165
0,0.04732259567919935
1,0.9295146768959099
0,0.1338381520786632
0,0.018645852417191862
0,0.19237492432206887
0,0.07264171691318268
0,0.28202865421248474
0,0.5070144740141386
0,0.0786443400494693
0,0.02585817146688553
0,0.02663380941891004
0,0.12618879263108604
1,0.6597748832608851
0,0.0638216336499102
0,0.6304796859501502
0,0.6241066893137459
0,0.7229334512144104
0,0.11401070381591343
0,0.14056978122563984
0,0.030871711616541158
0,0.05287576162487723
0,0.05252167304581815
0,0.8112947835977109
0,0.7734000917666183
0,0.2556431491637797
1,0.7035999105937342
0,0.007383602944797243
0,0.2800167529662521
1,0.9561699007499841
0,0.003960958131359196
0,0.45143288003975984
0,0.15011710145143892
0,0.17680692392811242
0,0.40369680777886874
1,0.8159712352701938
0,0.7198785492184746
1,0.4081896805382018
1,0.9332608190896173
0,0.8053377623517832
0,0.046140445954141164
0,0.017754620153762266
0,0.5152880490445796
0,0.6097328991891482
0,0.5074472563023861
0,0.020534375554285472
1,0.6404495868822176
0,0.020612123728574055
0,0.8513806728145931
0,0.44455310419305577
0,0.11185030071868989
0,0.3545238139838881
0,0.33815388352171716
0,0.26582130276421384
1,0.9374552847480373
0,0.5522009479609123
0,0.011963361693215685
0,0.19788383493337383
0,0.022911770994728135
0,0.7612703348002157
0,0.8645723858325559
0,0.015063898809678615
0,0.02063120858055036
0,0.012704398424754475
0,0.034758515962288315
0,0.01915465447512207
0,0.03648420637968196
0,0.8020713888667452
0,0.7596666874470093
0,0.5035177147160168
0,0.09182607113785891
0,0.06746241631264221
1,0.8447282875757101
0,0.015408999152021303
0,0.01679599612162971
0,0.06312931571485818
0,0.5994153342120226
0,0.02312373181924161
0,0.30193131988064736
0,0.02222377357214601
0,0.4164111461089195
0,0.025436870879057268
0,0.19053989309693137
0,0.07513835835237212
0,0.23026800121562388
0,0.016580259405336067
0,0.013436825615018562
0,0.3902239849362055
0,0.2253853635138965
0,0.11588054804778689
0,0.025925796111756633
0,0.00996811777542831
0,0.02304626929203498
0,0.31379221332760626
0,0.28623786746922397
0,0.5759676732865324
0,0.5332888101720485
0,0.2570466905068048
0,0.02229833780875251
0,0.4751769509326545
0,0.3280362094864994
0,0.022475649208651503
0,0.6732999388992394
0,0.3900103402030336
0,0.04107135240705511
0,0.6377202084394661
1,0.31461624537345145
1,0.6455496285341277
0,0.8344263876611289
0,0.1859331197025938
0,0.03807397312851103
0,0.16764040853580336
0,0.3137191073744836
0,0.07084460279604597
0,0.2541023369139133
0,0.04279674377117756
0,0.03614825056647695
0,0.06900757663535288
1,0.9656402584131585
0,0.6222074768943008
0,0.41274679405979564
0,0.7302826421683126
0,0.6374734157720953
0,0.07793552092628103
0,0.3186662472887721
0,0.6022839140983627
0,0.29113061794183154
0,0.027826889662558908
0,0.06092908246403671
0,0.13269427193227426
0,0.7242941691015901
0,0.845532100257265
0,0.01739151483620627
0,0.6197933105163428
0,0.5835360494100329
0,0.024380100411105003
0,0.11694903163062968
0,0.04033470600130128
1,0.887904437488311
0,0.03427487138233241
0,0.10753536279621634
0,0.02773678718343516
0,0.016841446512937754
0,0.37887243148093713
0,0.7326400351255595
0,0.19857393175078822
0,0.6876750409740294
0,0.1385306449357261
0,0.020159444732095546
0,0.5986185488198528
0,0.38436181456581986
0,0.09443654730416488
0,0.14350888792069108
0,0.47142118625902324
1,0.737185116211621
1,0.5899692593124345
1,0.5497272804529726
0,0.5100830638938526
0,0.08329701088819051
0,0.6258455370442567
0,0.41819077547973355
0,0.7147979058969047
0,0.17072650944753998
0,0.03421821587040483
0,0.08635832135945695
0,0.10581181415784374
1,0.603961330238476
0,0.8690332564876175
0,0.5607975284756304
0,0.7484063844914955
0,0.017216591653981015
1,0.6839334763535454
0,0.46934474562669776
0,0.018698060474712792
0,0.4579884650696078
0,0.7070922403312915
0,0.17647830236164858
0,0.3117754702940321
0,0.8389438614001832
0,0.4539895614980804
0,0.7963876550565906
0,0.027549736870831832
0,0.6194640762939022
0,0.5893954751362513
0,0.7190572040757885
0,0.5580665884459496
0,0.05643469226987392
1,0.6568853509327269
1,0.8095314966361615
0,0.04860454757759158
0,0.3557008831746595
0,0.02060852682863346
0,0.0538034754898237
0,0.037474661009655366
0,0.034812814581257824
1,0.7109677962631521
0,0.39824838289074965
0,0.027514518193584223
0,0.15094327408076413
0,0.30166455618376053
0,0.8713600032629597
0,0.04914737811310136
0,0.7460994624399863
0,0.010030325112612657
0,0.679652829454212
0,0.16723072843253434
0,0.668436471188237
0,0.25959343349305675
0,0.24111801580243192
0,0.7929672553894368
0,0.524776562803412
0,0.06067768989004852
0,0.012059354665384932
0,0.550137170961936
0,0.4948305165125054
0,0.0325481520340382
0,0.023155777963657823
0,0.027285509867110133
0,0.013647741155418827
0,0.20773017914799555
1,0.8060239837840665
0,0.5994649104536294
0,0.41411014138324237
0,0.09601368458290356
0,0.01508233568325625
0,0.02680386022199894
0,0.48665522467554356
0,0.09794929936650476
0,0.16809221725882872
0,0.7800922747696445
0,0.2253639395314839
0,0.1931217434517629
0,0.3234051318258432
1,0.12127388692550391
0,0.7228719265207753
0,0.8343280722104789
0,0.05524718650177327
0,0.1351932679927157
0,0.5182405847869673
1,0.6433797506573673
0,0.35263876512720294
0,0.280358584769
0,0.3287862769540386
0,0.6406095152974204
0,0.01650064354230366
0,0.5433235969086591
0,0.7616976327218234
0,0.009330731255921073
0,0.011760350943152916
0,0.02274674817562256
0,0.35560952308725347
0,0.33687278821695277
0,0.06014661817106662
0,0.7566314158294144
0,0.028907383987683086
0,0.033211097014077526
0,0.37288162032203953
0,0.20727596569265658
0,0.6469110797271477
0,0.8663191066053187
0,0.02434827494219961
0,0.01942199831396943
0,0.8907493039045098
0,0.2709623575640947
0,0.1036953750362812
0,0.36922769464345256
0,0.8156570607208314
0,0.21074672443930206
1,0.6740546310315999
0,0.4013083306558465
0,0.9188443121294186
0,0.7198821166314284
0,0.7972063133818269
0,0.06744512746057894
0,0.3251628224659271
0,0.05455036311748562
0,0.08269707918905767
0,0.5221001940590722
1,0.3723944532894724
0,0.016469560235681933
0,0.3348262874868045
0,0.5042878184867418
0,0.4578054818933196
1,0.066562243318047
0,0.050651195475091046
0,0.3301175310222509
0,0.4607516600726987
0,0.22179660809077506
0,0.026547458268133713
0,0.08250531139658566
0,0.24938567560927777
0,0.7731013281261463
0,0.24207125316006173
0,0.2873841472769624
0,0.04597829049606913
0,0.23864885124103263
0,0.6046884660524705
0,0.43152352120715
0,0.8756728013700747
0,0.036783021080728666
0,0.4627072386209235
0,0.3229860793194098
0,0.034282979843077765
0,0.14308969008631603
0,0.09930269214824171
0,0.4422703284168236
0,0.0055477281748557835
0,0.023490713787745206
0,0.5591594278389027
0,0.8533793873978566
0,0.013855822159687036
0,0.31032610152420603
0,0.02199427410289762
1,0.6931789369847744
0,0.015203698606394287
0,0.8736242416184766
0,0.7820499646759614
0,0.04890617005420185
0,0.438671002453324
0,0.06335897983996461
1,0.8111280265959359
0,0.5210314068540287
0,0.03069632014880031
0,0.052825409236776436
1,0.8724352508482666
0,0.4655184913676805
1,0.9628248577618129
0,0.021356502124627943
0,0.8684456309872163
0,0.14795480920695891
0,0.7994789437568689
0,0.47371736455679186
0,0.021484449480872407
0,0.4269972017684028
0,0.029092080537137754
0,0.7096233775434186
0,0.0421219219527445
0,0.04121741692584041
0,0.6810324815113031
0,0.09307857907132593
1,0.9182700219772786
0,0.022404991034634638
0,0.04150415376301291
0,0.03671178834829272
0,0.018200678187131582
0,0.20738008705571737
0,0.5735506227183492
0,0.0463050484881156
0,0.023593426696571534
0,0.04098318461834983
0,0.26998033894853857
0,0.023579183465523644
0,0.02453317368027764
0,0.03499780731956007
0,0.046414689674833066
0,0.03246702605287905
0,0.027026213024630583
0,0.01871438273246269
0,0.39495631921140745
0,0.5104998264620209
0,0.20690277242373492
0,0.05682252204768449
0,0.5323653764540641
0,0.5190245353749431
0,0.013317684394814913
0,0.5239190135094413
0,0.8332446775698106
0,0.26717266866722494
0,0.061859875222145456
0,0.42437647651752286
0,0.5843123853590166
0,0.06707187076393281
0,0.011373401609043236
0,0.5955225388997036
0,0.4373580720674961
0,0.7294749775859125
0,0.01995568639316865
0,0.7944731819650271
1,0.9065401614722628
0,0.9146280686775342
0,0.3931776167570444
0,0.712623466751961
0,0.04170960171275708
0,0.18418298908360867
0,0.6159761114938496
0,0.02339782995884639
0,0.18756545775744568
0,0.4238568395486792
1,0.9499936413370862
0,0.3312214384975729
0,0.8378155859332057
0,0.10196001192174836
1,0.8881469552090292
0,0.7901689878215664
0,0.042854392083745675
0,0.051047251524191956
0,0.013014530676285954
0,0.07705243669463974
0,0.3395785778168878
0,0.5437179856692764
1,0.6956645442759776
0,0.599974631248883
0,0.6426010008357282
0,0.10039412505235025
0,0.011795158763522615
0,0.30875133351663214
0,0.41990984993720165
1,0.34683927285260896
0,0.49662043588582816
0,0.1292291567087631
0,0.05122147333224762
0,0.054598685952906095
0,0.01269130012873992
0,0.0312358888777541
0,0.5180928388490924
0,0.18361977857004114
0,0.0916867617342711
0,0.013269976539615735
0,0.00934844689916676
0,0.894138709953824
0,0.4677543921739846
0,0.03010089822673099
0,0.022043961858341315
0,0.049003152850144116
0,0.5356677480162084
0,0.08284948993562274
1,0.8206550353654057
0,0.36055372888683007
0,0.008992076812937469
0,0.92134653395963
0,0.049224676565317524
0,0.42490950144680084
0,0.7979419726054586
0,0.38932635133612065
0,0.23832359167067774
0,0.6224967655763207
0,0.10500193849210382
0,0.01541619599186931
0,0.0401947521264065
1,0.8926329476044359
0,0.023262920201939877
0,0.7639040190676636
0,0.7416287354352573
0,0.03875275830948978
0,0.24966843754134108
0,0.018381945597653916
1,0.6994218863033724
0,0.6159761114938496
0,0.3453973166970743
0,0.039706127293524386
0,0.37741782545663827
0,0.01016874195139324
0,0.032513588693362946
0,0.5319789879538682
0,0.3049956730091989
1,0.021665671120632297
0,0.8090483599686561
0,0.3326685857055119
1,0.6675333063343799
0,0.09287721038368832
0,0.1213036965570885
0,0.31407962005811607
0,0.6414446182083908
0,0.34593610497142524
0,0.24088479989604952
0,0.690709862108445
0,0.018704095029043202
0,0.26868685852658275
0,0.5318823773446865
0,0.08655745453955327
1,0.47350652664787296
0,0.3777917196860627
0,0.04935913984186094
0,0.00551718177488757
0,0.4116434244464932
0,0.527418273696561
0,0.5455144367010292
0,0.8616799543107964
0,0.04282194493045662
0,0.07659685793313452
0,0.021970095259093707
0,0.01958259117711514
0,0.04291145333511989
0,0.1829824768137935
0,0.4001666164248789
0,0.034369030933306635
0,0.1226905621411502
1,0.7711643663183646
0,0.06283963487221143
0,0.04281334394618032
0,0.6299913044227473
0,0.07706845365725541
0,0.019468750394027495
1,0.8499010498342433
0,0.5966415787727318
0,0.03250238667151318
0,0.06616476377150403
0,0.8659726588019747
0,0.21617224940330973
0,0.282266686522549
0,0.0212652892924574
0,0.019977514547817554
0,0.7855669102960461
1,0.9084742318563629
0,0.5272570714637399
0,0.5315215279254406
0,0.017704585555758972
0,0.17637661421243772
0,0.05831503592509537
0,0.1982853315934574
0,0.22800148725803573
0,0.01623234906797496
0,0.5569836899805072
0,0.013986635221104873
0,0.04859773466332574
0,0.9388970294640916
1,0.6615760410047031
0,0.03370119867938126
0,0.1879746174191979
0,0.9053319310706796
0,0.14463866224639677
1,0.4005321196727653
0,0.5093459522050285
1,0.04748825919928645
0,0.021216194142960398
0,0.351521146341088
0,0.016012458767819128
0,0.12806972326134547
0,0.0433523279676948
0,0.08035854415374735
1,0.7872157083556294
0,0.030373096769097243
0,0.410331335795728
0,0.5216498808721236
0,0.11449483587598258
1,0.8437181917818681
0,0.33218927529366415
0,0.034840327896873045
0,0.02527404696578848
1,0.3015619329847821
0,0.7837288658057255
0,0.5996193150895129
0,0.011494611154304864
0,0.16431104939121263
0,0.019289379803018255
0,0.016212184919541222
0,0.013584419691069508
0,0.38748773686233084
0,0.799779022515518
0,0.911148426604705
0,0.007789191104830019
1,0.8319600473026294
0,0.8019283932037392
0,0.8935223786539835
0,0.02208663620163357
0,0.024175189311024546
0,0.06891933425229446
0,0.06303284901036202
0,0.021914988507497412
0,0.17128695223661086
0,0.01879679364531665
0,0.5963866126015505
0,0.14795595138667622
0,0.060071067631820345
0,0.16632144782159036
0,0.03520634476266787
0,0.701496103629877
0,0.9151185507957584
0,0.3461626385208541
0,0.530506657682792
0,0.24003505607150163
1,0.7719231847172875
0,0.017217720330183768
0,0.08025723656994048
0,0.15641187711235413
0,0.026748456991153923
0,0.5561994942663216
1,0.6301381927874002
0,0.7490156640148491
0,0.30510220125905124
0,0.05605483253521506
0,0.010246468133439659
0,0.36495903290642784
1,0.9056529533408305
0,0.017811317523781747
0,0.043851244001621645
0,0.05072908029188344
0,0.023297463591642635
0,0.8349278808098408
0,0.7071653201174304
0,0.480828070432548
0,0.04797257852835183
0,0.044384006713763274
0,0.4380899224497929
0,0.34011758371946155
1,0.5747178793379594
0,0.21225069468747695
0,0.5698699796398097
1,0.6431543972665265
0,0.8267821543679768
1,0.6803873755548042
0,0.13582233876270072
0,0.8526889107673875
0,0.4748005924593398
0,0.38032675554724976
1,0.46668592210408677
0,0.01380188618802488
1,0.7175908095367726
0,0.23857921380567557
0,0.6394484685917554
0,0.01532874009600818
0,0.006952597116229936
0,0.7132093331062177
0,0.09317297464560949
0,0.07429476334227766
0,0.040320949685904155
0,0.03300458487681908
0,0.28858007149924925
0,0.24757576200894857
0,0.013929729836491262
0,0.23611173940271515
0,0.05141684201094933
0,0.008680902730832591
0,0.2573900925850506
0,0.711197312995878
0,0.021138689325127153
0,0.881433829801055
0,0.40600415135786916
0,0.35004165611429977
0,0.9568740612630878
0,0.034323658494620206
0,0.05382491762977118
1,0.9434274590785903
0,0.18417758238160906
0,0.3563762460865704
0,0.3094389761085676
0,0.030749834941708114
0,0.09439131859663907
0,0.6469340959893983
0,0.6307774633473093
0,0.09331449785414746
0,0.2761738859572903
0,0.024282584807930684
0,0.5330466538191753
0,0.23709282443596327
0,0.552960076560336
0,0.8938792134651844
0,0.6570327688415772
0,0.891782281488425
0,0.14317082273584866
0,0.04768095217924703
0,0.021237298634079683
0,0.7810644688563666
1,0.3389698783786042
0,0.14074039531141935
0,0.18311030694281183
0,0.3638744284389922
0,0.033545851905016896
0,0.631997102220598
0,0.24671429220604504
0,0.05785933868476503
1,0.42495179601742056
0,0.8253869530633182
0,0.02683251107328409
0,0.1507984418690301
0,0.06842866689732569
0,0.020255951907238515
0,0.5278543237048071
0,0.01877217486453198
0,0.0691738903108227
1,0.8155986681768127
0,0.2676972203621586
0,0.2284302851998103
0,0.1315132765650261
0,0.25129272991541585
0,0.8635273359647586
0,0.4917094081837054
0,0.40593618494768474
0,0.06562947061290372
0,0.036460050275933895
0,0.9000446455033854
1,0.8901753423759765
0,0.02645614250305617
0,0.41811788176266423
0,0.034564968450614006
0,0.013834196393401084
0,0.55356131654763
1,0.8090954873976977
0,0.09340038178818698
0,0.04442960843899459
0,0.15396429619852028
0,0.07701496251070046
0,0.22182034066638617
0,0.037276015011937044
1,0.6171904282134842
0,0.8963648753115081
0,0.8854535467766923
0,0.05739792252473756
0,0.0464980474639834
1,0.5466925196730272
0,0.7323005606650996
0,0.40947390429897335
0,0.42394579145628475
0,0.5975671002720523
0,0.6874050711208453
0,0.23728832061125166
0,0.022181384509607546
0,0.39699283950136977
0,0.23688551642035535
0,0.012116058259072169
0,0.5779807273322385
0,0.2952647090085544
0,0.8922950554533184
0,0.3529313274475137
0,0.049351312677537444
0,0.06554700518237022
0,0.024765847562812696
0,0.07128555854394614
0,0.5279792644282466
0,0.695351658442378
0,0.6616840950589236
0,0.39660893937255537
0,0.4763601165924948
0,0.05818346299318765
1,0.6718909382151251
0,0.7434193905019154
0,0.013657312098923251
0,0.0179041193343992
0,0.8664350561182163
0,0.6042935357355623
0,0.05589494918346466
0,0.16859339258507475
0,0.2371634479633199
0,0.0313625053558416
0,0.09357658201093931
0,0.11941245052420449
0,0.7281902908941744
1,0.8838126135262432
1,0.42290847905199247
0,0.7004018759485836
0,0.35513894825564424
0,0.4953938988282158
0,0.43787741040232975
0,0.03861493171563192
0,0.3756075156041559
0,0.7020990095492509
0,0.13182723555667955
1,0.7085670447396258
0,0.8727025337041728
0,0.18602704820457938
0,0.5336064152530275
0,0.12658876948150682
0,0.17879966347369605
0,0.08811977666560357
0,0.06615041564346838
0,0.017141300847355836
0,0.0412072537679667
0,0.09412621274311746
0,0.17295570785710643
0,0.04867960476330637
0,0.010304915355932339
1,0.6780734533495612
0,0.5041548703054466
0,0.09464052696178749
0,0.35899011913354645
0,0.5454623152051365
0,0.08271502557422239
0,0.028127034633583157
0,0.1055498178429498
1,0.9405774332402893
0,0.05012755006135996
0,0.028221470335909545
0,0.17426914863139553
0,0.015224288141148299
0,0.37424783778316173
1,0.8489870510207317
0,0.782572736398505
0,0.19176887741590545
0,0.6013126704838412
0,0.011960463228188575
0,0.6745127059070067
1,0.8689757850843406
0,0.09427160737911865
0,0.02196415942552377
0,0.3320797979924418
0,0.9590680448338433
0,0.503023386642707
0,0.16840889130732156
0,0.8229361773167666
0,0.7716585277927664
0,0.029628550390222285
0,0.6526515578290908
0,0.11943132044080869
0,0.8539688505672253
0,0.71419282727807
0,0.07414155322172773
0,0.6592248229914156
0,0.7454400999642711
0,0.06727953776111349
0,0.6272781222152397
1,0.6185961252961033
0,0.18281457132569365
0,0.7662580492123481
0,0.01754794659157371
0,0.07657493355900653
0,0.05566732792675506
0,0.2870546126923526
0,0.21051687610020703
0,0.5426679605530725
1,0.8779438173635352
0,0.777303459818954
0,0.020479448511224296
0,0.20942383949656598
0,0.02803189668270092
0,0.810229095591553
0,0.014899715662840346
0,0.8830428923787778
0,0.7876603065428953
0,0.013360087421015148
0,0.1529408037112663
0,0.017089939686050534
0,0.7557533422246889
0,0.4901864850463897
0,0.08938130712908746
0,0.6385186761118767
1,0.3941171628676419
0,0.0327507188881368
0,0.530085319367851
0,0.8231140327506772
1,0.9548981244906972
0,0.029592783379097553
0,0.02530121650576134
0,0.4896052261113346
0,0.31608859699408326
0,0.8756060732822206
0,0.4327980261122646
0,0.034880268855091975
0,0.8826336894640131
0,0.12200367907466059
0,0.6325769185689647
0,0.03073174819080729
0,0.025240947371692735
0,0.038220708796369914
0,0.4100139514037409
0,0.11456005888742413
0,0.009252548354840694
0,0.03091709226360032
1,0.6316340613802359
0,0.10584781915371388
0,0.5787754489141747
0,0.9002400018354993
0,0.15085143133786003
0,0.34795967250746684
0,0.2665669880832174
0,0.0712922109192885
1,0.7261217755281133
0,0.056910111835630446
0,0.4795538738021052
0,0.10303200733846284
0,0.2932156687114205
0,0.5760690310609639
1,0.7554924511491302
0,0.06128556336918183
0,0.06583642677375011
0,0.012818513906041006
0,0.35955672957543294
0,0.01586568588520832
0,0.24769327382192435
0,0.12852902657708093
0,0.4637251785231647
1,0.2721976942916963
1,0.48957449424869665
0,0.05635534214965588
0,0.2711986584152938
0,0.2590967674731268
0,0.019759285499743307
0,0.4252794169367635
0,0.3476941348480255
0,0.20896969006483163
0,0.03719694352135602
0,0.7049644238004654
1,0.8073750266147343
0,0.48459157856410695
0,0.7805546818644403
0,0.6884320933651962
1,0.6073391194174346
0,0.5990939233829562
0,0.059886892798961595
0,0.1998170856083003
0,0.06636179328138266
0,0.015883157674589345
0,0.3206710015419814
0,0.12050951818309849
0,0.11916952082264073
0,0.7125921170882877
0,0.15543586776060966
0,0.2767010303035907
0,0.02136972739627242
0,0.07072595872575987
0,0.01110172255921768
0,0.4260467120453587
0,0.6485398491360674
0,0.034160067676719155
0,0.026855109315828584
0,0.01598283391148492
1,0.6580362794677665
0,0.8226970669297756
0,0.02635989645805732
0,0.5293442590334897
0,0.4750737992783621
0,0.4681360641359987
0,0.6611869777487839
0,0.8775599109375111
0,0.0608479045673271
0,0.046358651387660176
1,0.9006227095078512
0,0.6676846033407211
0,0.3208410452971108
0,0.7602883233454336
0,0.04941624229104118
1,0.4697902806325839
0,0.03649243834548631
0,0.0333732697031167
0,0.025210305308226086
0,0.4640396425721184
0,0.23260082395563042
0,0.008510566492545509
0,0.2705549838239927
0,0.8630413344068494
0,0.034465681101414215
0,0.3054284612190228
0,0.06605277208109271
0,0.3029999896806442
0,0.7173333673964588
0,0.7055979670918175
1,0.8329483192649535
0,0.6016379537184088
0,0.03225690966750339
0,0.34920624156216
1,0.8301032717921496
0,0.5493809651459584
0,0.3154464246965874
0,0.0900231702887578
0,0.059082166736884136
0,0.11677302542223865
0,0.015408999152021303
0,0.44873912628359786
0,0.1331489184917082
0,0.02088572519812224
0,0.013313532602395324
0,0.015687333853309785
0,0.014990577415605057
0,0.015949006545912466
0,0.6038958062937945
0,0.011901024893611301
0,0.15328002696202642
1,0.8814090803074034
0,0.08760963500492013
0,0.0535310251473077
0,0.27522628594319565
1,0.9304162973371085
0,0.14559688090675948
0,0.3947203754848144
0,0.020730619556005647
0,0.03902623624441687
0,0.04032079522744237
0,0.15881638231417358
0,0.19396678944364096
0,0.14582831913535832
0,0.05224176853947986
0,0.6393385390189058
0,0.28054465352662894
0,0.39330890929353657
0,0.5488869981689586
0,0.5156925864365898
0,0.43386693640341906
0,0.9361627326805001
0,0.018511840425696313
1,0.5958252296745287
0,0.010914831387305571
0,0.05549459808803793
0,0.7955373311575086
0,0.12907491429378903
0,0.43440781497596564
0,0.6256704925775586
0,0.007971028667573515
0,0.22657442116211746
0,0.4451002236221628
0,0.028929101420747786
0,0.76624136479414
0,0.6613615033085641
1,0.27954868193009164
0,0.0972164055245373
0,0.06353701789973654
0,0.05107736584096457
0,0.4863502418968513
1,0.3044262664587391
0,0.7733663573920903
0,0.03927038523323819
0,0.07818610770087274
0,0.03071167228190903
0,0.057526797800503224
0,0.04311766889236983
0,0.011531759205102398
0,0.039084573891104694
0,0.3036850649525996
0,0.032875658291491174
0,0.05632592894618731
0,0.2801093868343989
0,0.360071950467785
0,0.06625940812736467
0,0.6876709804605292
0,0.8068078637372325
0,0.16541131238116596
0,0.08134315586764805
0,0.89040612525677
0,0.2984510188485054
0,0.346219103568301
0,0.7599079014677034
0,0.7996955908498675
0,0.647628840694706
0,0.26018869766637887
0,0.4460598327327953
0,0.011046703706799617
0,0.6240427180384767
0,0.17025465534440948
0,0.022674187779260304
0,0.01722277843088859
0,0.20243846858704587
0,0.8109080770892403
0,0.4223449169459998
1,0.49650026708000583
0,0.2602861470187363
0,0.8959075167302116
0,0.3240909088701747
0,0.018331856320764336
1,0.839818924479108
0,0.057630205979671285
0,0.4220584923146311
0,0.07578753033675817
0,0.05884881555280237
0,0.06226875332805266
0,0.6495127738095773
0,0.725077877991582
0,0.2183494423757145
0,0.11988464920813022
0,0.04091171939521825
0,0.5656960647918166
0,0.2199974654363091
0,0.03526239845332357
0,0.0451804763607723
0,0.03737307843818175
0,0.3540204740007999
0,0.02091949761784682
0,0.033298517872078354
0,0.3464678678064815
0,0.01713852477265838
0,0.014801168872214774
0,0.039275266491861735
0,0.054699641846087436
0,0.1341425568583352
0,0.01443295848331707
1,0.4407124101283979
0,0.029924992141555775
0,0.5857128381848903
0,0.1486373579816828
0,0.038091911785953315
1,0.8856386943502698
0,0.09053399209038565
0,0.021145869414507048
0,0.19448667406870507
0,0.15256601671629752
0,0.09611928600939797
0,0.8975224274081792
0,0.4969813096113275
1,0.9290746822388944
0,0.9124934959738604
0,0.36220187773523227
0,0.02582890013295486
0,0.11455327743593201
0,0.8932530016392246
0,0.6141966134524304
0,0.6917035599939189
0,0.0697058295519756
1,0.7065484289293718
0,0.2752194240063171
0,0.4953007823267661
0,0.034858582235403425
0,0.24530775451827236
1,0.6751385141739676
1,0.9652761062682924
1,0.8110412378767383
0,0.9294164776474463
0,0.5161566171351599
0,0.006513620549782602
0,0.7230143026903569
0,0.16676673332830688
1,0.9002438097231872
0,0.17257213529389404
0,0.785859783190864
1,0.6863245482003777
0,0.08301178089662106
0,0.06774346028526097
0,0.05121713603693524
0,0.7040902962256579
0,0.6501945485271724
0,0.7021930679532286
0,0.11185045749064819
0,0.28759852422512167
0,0.021059512456503796
1,0.31205808869900625
0,0.03388627050981434
0,0.034460734038813924
0,0.055973594134931554
0,0.114389189267361
0,0.5844910763905331
1,0.42845556502643795
0,0.26042895338136207
0,0.5391699367797841
0,0.026177332102036696
0,0.4914510856878599
0,0.08323748848917746
0,0.14109327891233855
0,0.6548815104493154
0,0.813722210724518
0,0.22311777914495107
0,0.8883817890962966
0,0.2580070394978294
0,0.07403984646916158
0,0.11282997139210842
0,0.008740049438925103
0,0.1102491438982382
0,0.0436817009743118
0,0.07571304427384454
0,0.34033656265328194
0,0.28330905390812716
0,0.31414658696712994
0,0.05615283904147056
0,0.2704383847564276
0,0.46841608897552406
0,0.861781082755405
0,0.5401604265370343
0,0.13639219489182597
0,0.021824306555345004
0,0.49450278295475997
0,0.05488364826877233
0,0.7150374414114522
0,0.511325998927557
0,0.032977883467098235
0,0.18650208396917906
0,0.08691999882942382
0,0.6756707330746919
0,0.11445261479554929
0,0.5497301432142769
0,0.8285593682215906
0,0.6735999252019963
0,0.04143108893012588
0,0.32519689972835114
0,0.41678874556668766
0,0.22394044345584582
0,0.021578942038015535
0,0.7437538015986704
0,0.013555904507786473
0,0.20049895549233646
0,0.3580165450748149
1,0.8963711031508931
0,0.020379107637624266
0,0.8870227908155602
0,0.17248639929286647
0,0.07008990668198999
1,0.736462426058069
0,0.6943367541478712
0,0.7473849828733122
0,0.6904004532048712
0,0.6707365067078643
0,0.5110714885382621
0,0.09864535186361573
0,0.601764304370021
0,0.8042311864894713
1,0.808780240341015
0,0.6697839431027327
0,0.22517787080138024
0,0.030707976994713827
1,0.8591373863825413
1,0.6656247478458458
0,0.5914811600893789
0,0.1411370799293659
0,0.08071923439156857
0,0.7862095463531384
0,0.013717749095299677
0,0.8537207983764259
0,0.7453885005257628
0,0.0916359579241108
0,0.020130103147139457
0,0.36323894774592735
0,0.43598831754541534
0,0.6603981162936442
0,0.06691956643018511
0,0.08451760935715398
0,0.011598064988569355
0,0.15291749565974952
0,0.2035404563438177
0,0.03529707959678649
0,0.26363368676741117
1,0.8642928236007723
1,0.773831436515231
0,0.9141536551322379
0,0.04004932253780394
0,0.8457423703083158
0,0.716569895636206
0,0.42716626414903536
0,0.8548739566818105
0,0.1428955208296667
0,0.5812281983115342
0,0.30507868786004155
0,0.28939668306114896
0,0.15109301464461522
0,0.22522200935272768
0,0.6927934058959381
0,0.6283506979794539
0,0.024934349496564867
0,0.6093239368343795
0,0.5744820790265374
0,0.5291651984693037
0,0.009652203465243002
0,0.1617027098649982
0,0.01991303333545644
0,0.1967579180074006
0,0.6730797777694538
0,0.36293308638076127
0,0.013720413692092719
0,0.07220737746012953
0,0.2288228732851874
1,0.9274434910725684
1,0.9159432743943314
1,0.8795479139374975
0,0.3987251368203761
0,0.49797671327433485
0,0.5585446141541418
0,0.24586631451259988
0,0.6199313392620169
0,0.05157401744438498
0,0.254649681441806
0,0.42117314026624003
0,0.1025729738473713
0,0.34296672433726294
0,0.2816024974247179
0,0.34318192089683686
0,0.8362505207231227
1,0.5131768994067537
0,0.5419413299968509
0,0.03998871713647602
0,0.13038331705819778
0,0.3409411979786652
0,0.12596758660522345
0,0.03732602095946722
0,0.11247605934056588
0,0.011133233804727478
0,0.043706424008956204
0,0.1261516343619129
0,0.21927969840534928
0,0.8543795596397796
0,0.05631758072450265
0,0.6462741006055179
0,0.082495873683796
0,0.04643822611905269
1,0.8801761206219517
1,0.671517685205625
0,0.46079834197946595
0,0.3318103428507769
0,0.3607653568353063
0,0.512507116367483
0,0.021984064934853685
0,0.6416515728404136
0,0.2914124651405163
0,0.3608062326526041
0,0.7052217513299136
0,0.4311455742858124
0,0.8724433057931785
0,0.31292500481807894
0,0.09250819267389834
0,0.455371383012292
0,0.03465194608201168
0,0.6354620786448248
0,0.019111621944271566
0,0.24552424722363125
0,0.299395006891032
0,0.01591497223321259
0,0.8478512671728021
0,0.01486362989419814
0,0.10758563134382457
0,0.5253775993022278
0,0.01336573039638285
0,0.019351639951250457
0,0.5043908058895213
0,0.45913826043263634
0,0.5465750652476653
0,0.1343894978217365
0,0.03703829484615235
0,0.024527407921318144
0,0.02527965008368744
0,0.8819084449594317
0,0.057649520980013025
0,0.5469438230368759
0,0.019620948324660704
0,0.19900714573753253
0,0.026489059699371455
0,0.06565204051665266
1,0.8836431199230884
0,0.034685988822755434
1,0.2575479158865823
1,0.852995199207927
0,0.24105146239371164
0,0.28165003459011545
0,0.2977942535283883
0,0.4461769707091715
0,0.06265188590632219
0,0.0890283118819166
0,0.3913367188248951
0,0.30496848099427076
0,0.37826448717331457
0,0.016746163704698135
0,0.35147563079865035
0,0.448507780692456
0,0.20205228595542613
0,0.036366396280153555
0,0.015759373748546763
0,0.5670832034243238
0,0.012026212858110398
0,0.13961947309268227
0,0.7427964846684968
0,0.7691579794526667
0,0.014567895312250926
1,0.3991687170350721
0,0.21956722637460557
0,0.3283919814747324
0,0.7861155355216729
0,0.019605421971894334
0,0.06818677039326172
0,0.6926982161347701
0,0.798152557102982
1,0.7243808820870046
0,0.022133210000920518
1,0.7608568651246996
0,0.14905959378610328
0,0.019973692305212946
0,0.3598016558010206
0,0.08652202972866599
0,0.022572190986504488
0,0.08273144131111988
0,0.10411564773575051
0,0.31422785527080654
0,0.0752297003005118
0,0.39247514286906965
1,0.8752565196819353
0,0.5540345085391398
0,0.4565277158111611
0,0.7495507936296885
0,0.5910515593330984
0,0.3642020529474358
0,0.39216554554236704
0,0.28642889731823434
0,0.060424268180601724
0,0.0325764948627414
0,0.3907536605615072
0,0.03812094895155593
0,0.8231158564297876
0,0.05707418243793477
0,0.4416277492656688
0,0.3708148688649442
0,0.5001977081992637
0,0.016161041296416285
0,0.018505510598674276
0,0.047580693491776425
0,0.029210010620379874
0,0.03238254544674646
0,0.20403891992033063
0,0.0551994416695687
0,0.09516468126070907
1,0.07646501863205962
0,0.030680451394725736
0,0.47226808992048486
0,0.023111618710477077
0,0.03174247514191047
0,0.7503793827619276
0,0.9741429478410011
0,0.22247451575293845
0,0.022437950598406278
1,0.6355653088687236
0,0.014597543489035485
0,0.11619829286644356
0,0.014922863718442559
0,0.025379033021440043
0,0.025636938148209342
0,0.5116789923914903
0,0.624664869170155
0,0.47943905816021
0,0.04568008631959002
0,0.8144843462053927
0,0.7525113460923287
1,0.3389058314113315
0,0.08342168072313473
1,0.9426834156046704
0,0.8148300313046886
0,0.16246059718670036
0,0.0809490230834263
1,0.9280528423489071
0,0.649811667715341
0,0.4471890986495143
0,0.3782462571002307
0,0.2884485334607835
0,0.2349234505826845
0,0.16301311794643364
0,0.42824990382083883
0,0.6320343370471175
1,0.7544042433626773
0,0.5119026710238892
0,0.7867003153516178
0,0.8141757001912868
0,0.744917124391163
0,0.8980793429104615
0,0.1844256960181943
0,0.041001654752005484
0,0.016659705150086208
0,0.047707286944323614
0,0.017657870550576098
0,0.21329120436016336
1,0.6856718012888053
0,0.024763992196574984
0,0.690149962727937
0,0.019211696885057944
0,0.5836002508824157
0,0.9038986056165241
0,0.03377911046973382
0,0.4794887051912305
0,0.05080644859428403
0,0.7066440704825693
0,0.4719408374132552
0,0.06848964045713207
0,0.1367565057239791
1,0.8253421668981813
0,0.4077992112628542
1,0.32506457178695125
0,0.2064498862082539
0,0.2783398546358437
1,0.3429889880080524
1,0.8825255829850627
1,0.8375914944077949
0,0.028410884345628953
0,0.49419681582380726
0,0.05408940327715615
1,0.8901975411475714
0,0.036321996130888295
0,0.30875348614880543
0,0.3335384497754231
0,0.04411356118753078
0,0.3584389068473963
0,0.5990678792924935
0,0.2031864525784287
0,0.05032794754771613
0,0.785151093958239
0,0.7561783771693118
0,0.06976328607899893
0,0.3643817803120011
0,0.11185938160362167
0,0.011753190946785402
0,0.3366501293953503
0,0.39027232454654004
0,0.37306416971089423
0,0.058109196089331946
0,0.025374107292985174
0,0.015411938147123617
1,0.2728355828871288
0,0.03929586679944776
0,0.4406683351656672
1,0.9133009234382421
0,0.22012795522279704
0,0.1699041908559733
0,0.4497661591051795
0,0.4042808278297912
0,0.01149513158680712
0,0.40131935134714636
1,0.44166083803734485
0,0.14984505783589536
0,0.848242030175297
0,0.5490200335027156
0,0.7673291566043273
0,0.01907365082111904
0,0.10448313320566285
0,0.01927957158918902
0,0.8326708418050787
0,0.7374961499676794
0,0.7585881421080516
0,0.29202442358368913
0,0.8222801256130824
0,0.00538105764528158
0,0.5470249503637001
0,0.38764617564107506
0,0.6881087040451351
0,0.08253032329496167
0,0.8557934208326251
0,0.4592137474113727
0,0.4826515937316096
0,0.03778728272704228
0,0.010543904099312135
0,0.7999433461233287
0,0.011475171883436854
0,0.46087772405301036
0,0.07285817931573861
0,0.10817705209277224
0,0.022625316628761823
1,0.41863035370752194
0,0.4477239125962407
0,0.16794122933807043
0,0.5484611209407706
0,0.04407928636193758
1,0.9285125829715273
0,0.061293380607078236
1,0.7744078509869421
0,0.017802795778014222
0,0.11442017433067052
0,0.06404080186095548
0,0.07383896579999705
0,0.6811255081553589
0,0.03368961667577549
1,0.6651207975008901
0,0.19243277091233751
0,0.03273835597380427
0,0.5796510166699153
0,0.024110962548134284
0,0.6348775268993468
0,0.02940987820936433
0,0.8131259524958478
0,0.39333805939466376
0,0.023220228727779273
0,0.6536736512164365
0,0.4639570911189233
0,0.29319814091859653
0,0.02401039651136279
0,0.32279998497740886
0,0.4995665244323818
1,0.4717127423286999
1,0.8801584965646032
0,0.5294363383877637
0,0.09802474326284398
0,0.03987837455032798
0,0.07722395342439684
0,0.11795588413050452
0,0.3584644948312134
0,0.3547777889309521
0,0.44624462376280705
0,0.10942881527407722
0,0.3625695944800484
0,0.06584322150398872
0,0.512208851572254
0,0.03711210443247316
0,0.15057773677070213
0,0.4324554962538081
1,0.9395717555031016
0,0.0173425111678871
0,0.13223270741087298
0,0.021028712851518718
0,0.09585327250795275
0,0.05025605011973933
0,0.6679335282827009
0,0.10316963995755245
0,0.022118765276616326
0,0.15724956126384676
0,0.791396044752163
0,0.03614044628386489
0,0.035974316311087794
0,0.3528646973556612
0,0.05783005969739031
1,0.6930159198289889
0,0.21088659325413697
0,0.5874594332720565
0,0.6594691617854271
1,0.5502100832627314
1,0.8548316401499803
0,0.02348398831426744
0,0.6707536788667102
0,0.22625878509326622
0,0.8480805836119355
0,0.9313255017998702
0,0.7353028001231426
0,0.027662677130261944
0,0.5318706178972703
0,0.17942374383772552
0,0.013014625167929431
0,0.8033639806903459
0,0.0346349870988356
0,0.020782167566953537
0,0.00991379239360171
0,0.02101434501716584
0,0.8701733672719487
0,0.8779015387901138
0,0.19655464412375884
0,0.7748935050431488
0,0.7735391581300503
0,0.4727985407302146
0,0.7115110924818883
0,0.8389404967255228
0,0.826307647432135
0,0.37742878265691704
0,0.0073305871624628855
0,0.3359550611672159
0,0.12190324508638753
0,0.7338527963104675
0,0.048155794081062124
0,0.01442650813711984
0,0.7768508978173646
0,0.6707105034173064
0,0.4074303886656591
0,0.06527442719386367
0,0.0403933182066984
0,0.04030286225263118
0,0.1640975921175385
0,0.651510429819255
0,0.2462930719222779
0,0.6540183348143169
0,0.046056475762422805
0,0.08629783744055179
0,0.023265165527895343
0,0.338290816702577
1,0.7243321424848432
0,0.7767683303788806
0,0.6108219308997483
0,0.19727228988376574
0,0.3846335027028024
0,0.021839239441047823
0,0.6826782972675144
0,0.07921122867764353
0,0.5197528849620756
0,0.028203159724068786
0,0.8455344636922631
1,0.7271967395604518
0,0.1819270889291383
0,0.15826513299390618
0,0.043522229857890594
0,0.013621853723871764
0,0.40865928016846886
0,0.07656337784351108
0,0.08470709527856117
0,0.51054798188636
0,0.021585996549193794
0,0.10962569407879716
0,0.3047249773070487
0,0.025803408233778306
0,0.7631269046382668
0,0.06125801510813305
0,0.17991738150217812
0,0.38736448428013187
0,0.6824516878318599
0,0.08249474858956606
0,0.04500994184616747
0,0.16115869012851242
0,0.0654385683334883
0,0.19409839582991548
0,0.2444034176231376
0,0.01608018060683182
1,0.9404856085476495
0,0.12530060528387876
0,0.8540767820649102
0,0.4440353159370432
0,0.030226633957852828
0,0.02072733678839244
0,0.7921938713256937
0,0.08996146159058414
0,0.026773674809623924
1,0.931132050772679
0,0.19665221097181138
0,0.2755904156956869
0,0.03283976198489752
1,0.8797683784574358
0,0.02619649237878906
1,0.8257305268305124
1,0.7682174630514398
0,0.5163695203283165
0,0.5481526572926195
0,0.08125314169133141
0,0.32119103160793383
0,0.10449962315982675
1,0.8238769680951025
0,0.014618756715184577
0,0.013599428989135683
0,0.47016972499251813
0,0.3286002094597377
0,0.05338195995589678
0,0.11335862474203696
0,0.032939365084129944
0,0.0632893644219219
0,0.33510400554960307
0,0.030387791734542504
0,0.4002719733709255
0,0.10849345704875783
0,0.026505256031406296
0,0.5196233536410305
0,0.030605229677923076
0,0.042412515256870245
0,0.008444838160804026
0,0.10263653498458239
0,0.7221232459835331
0,0.505561883854087
0,0.6205523212049978
0,0.4147003292627764
0,0.1870926631999413
0,0.16246059718670036
0,0.03957004896621915
0,0.9514408734425297
0,0.7925617456704925
1,0.8218113018161745
0,0.015286867096706258
0,0.19430703783998587
0,0.515133050381259
0,0.049459067512907254
0,0.041539690487386295
0,0.008377153384398811
0,0.321055739981166
0,0.6723794147789333
0,0.7545293210107366
0,0.9388175103797287
0,0.06197412369912815
0,0.6446734547583431
1,0.6731942612896841
0,0.4696574218661241
0,0.0766417889305534
0,0.5219266424642204
0,0.23438234359853405
0,0.5197755148139612
0,0.10057926989179011
1,0.884853479218241
0,0.2952370273841941
1,0.847765759346124
0,0.1457420729806858
0,0.019124385547821306
1,0.42264776215278194
0,0.0827848195002718
0,0.913247075750048
0,0.2783398546358437
0,0.10384487994629549
0,0.05613350212086385
0,0.7889544210866533
0,0.5373928816972445
0,0.8613292180234519
0,0.768310267322524
0,0.37241111313895153
0,0.2206012660248241
0,0.4141477787408557
0,0.7394011404353849
0,0.5843920741579001
0,0.024605882210205432
0,0.08677029723878217
0,0.21759595331274967
0,0.015657638943309224
0,0.9159814019933105
1,0.7182156447732033
0,0.352982313093835
0,0.24999005813323746
0,0.0573362880575986
0,0.13478226282498382
1,0.6065380259116397
0,0.7508797294321704
0,0.37645972966039826
0,0.5768534576712262
0,0.035319061364108416
0,0.06898872641684684
0,0.12627080042679065
0,0.4409111659678703
0,0.12641719044751235
0,0.01933288960259195
0,0.17197252471895844
0,0.009384704915960213
0,0.33149943256401143
0,0.19514128961029684
0,0.020638736286450472
1,0.5336274833538913
0,0.43966674637205383
0,0.02913600989916164
1,0.9879555499816518
0,0.16556982401992887
0,0.4460544327574951
0,0.020886499234894912
0,0.7180128394930202
0,0.48160816925634303
0,0.022023900919179357
0,0.18083726683393245
0,0.2840637154298341
0,0.22705874955599759
0,0.36220187773523227
0,0.41373874367775026
0,0.30462536294303033
0,0.6682861212645699
0,0.40096811501387475
0,0.21322806417989457
0,0.47770018938077724
0,0.9084604343165641
0,0.05901487158826924
0,0.22197225491289874
0,0.26379488594622524
0,0.2235999023942768
1,0.8312347969322054
0,0.23012335832557976
0,0.9078194072679425
0,0.15091778935097352
0,0.012639921587511158
1,0.7689101501579336
0,0.5842580315938306
0,0.18760182090007868
0,0.02176829085298141
0,0.47654989092380207
0,0.4619358498760767
0,0.6732040313429661
0,0.15346557191179383
0,0.5901929577220826
0,0.38043457921667556
0,0.020423852054969823
0,0.35812773416366744
0,0.16362197801967962
0,0.05525485240319023
0,0.046586931952514586
1,0.5134652839426141
0,0.015285534450280991
0,0.5122633655311042
0,0.02630978409163184
0,0.21671792177237226
1,0.08056682930454465
0,0.36364881486209505
0,0.7221014562594098
0,0.7142009247113906
0,0.01631086439686459
0,0.5318897454624356
0,0.01802631297166448
0,0.536087581610414
0,0.020904452031281117
0,0.25628147919039546
0,0.02715287301893743
0,0.26132790962283214
0,0.44860293294657133
0,0.12119893914212981
0,0.01358253191315808
0,0.12978018938006952
0,0.12850923729812982
0,0.02818212316703082
0,0.011911484689430266
0,0.05986295604880912
0,0.5578559795821096
0,0.048137542455469834
0,0.024073736338907036
1,0.6147313354581526
0,0.04313543320907541
0,0.7331213923809512
0,0.02620239215832551
0,0.668472662106083
0,0.04982747523858701
0,0.03065237037359544
0,0.05069462975284014
0,0.17766291538402515
0,0.06570020203379703
0,0.45286868863392055
0,0.14381195536955058
0,0.1800872761713995
0,0.030146657199303536
0,0.006937240065797251
0,0.032718026323348345
0,0.13653234495800634
0,0.03827273365728195
0,0.017913847282873034
0,0.04750035457871765
0,0.006352271565270387
0,0.28323983179485795
0,0.6275064205388724
0,0.07730980515683049
0,0.5237264685184904
0,0.3251831194080129
0,0.6015998521812339
0,0.7477340051456283
0,0.7905526303672993
0,0.41150495549442656
0,0.08294582432792484
1,0.9483389888857574
0,0.015748169597325425
0,0.12570755397345812
0,0.03382750532254834
0,0.34456443320420876
0,0.014047634223656458
0,0.2759594346458734
0,0.19578345733765576
0,0.20616902949507282
0,0.6985757603301578
1,0.7252792331955963
0,0.6269547704573728
1,0.4783708344974236
0,0.4161552636640184
0,0.056350549602458826
0,0.013381748671135943
0,0.9228996502770997
0,0.314048920732034
0,0.5587238773521177
0,0.236465101032845
0,0.009608857017546166
0,0.022940385325299198
0,0.9340502029042718
0,0.021152397333099843
0,0.319459039206265
0,0.03705357018673577
0,0.10181098289015703
1,0.9781216108432855
1,0.9261642674239478
0,0.06811311328012741
0,0.008015997394127351
0,0.3991899977981385
1,0.9714294957752838
0,0.03709925295389116
0,0.03604287831528216
1,0.7663211129501837
0,0.39105595375549757
0,0.1564685191239153
0,0.05672810224349369
0,0.6454583025387394
0,0.26296917345135856
0,0.25100757147849007
0,0.023921286727622493
0,0.13454508982028152
0,0.3152085017882978
0,0.03553275645969672
0,0.595458485664498
0,0.032389442946572346
0,0.8044975609893522
0,0.3797124083433957
0,0.30684675019895663
0,0.22943492647685457
0,0.021830973963825207
0,0.338221204215717
0,0.708454137595693
0,0.16866664845835955
1,0.69851795971543
0,0.614834328874319
0,0.008373709579667633
1,0.7333952169975578
0,0.24137532135538697
0,0.02921938736780281
0,0.37111429180427163
0,0.025766658102262942
0,0.36181072715180945
1,0.689443002820864
0,0.3658029374038342
0,0.06355213763050994
0,0.050812987948861986
0,0.03807738957518394
0,0.15788476271471072
0,0.655734286603356
0,0.02238414270397444
0,0.048758684131785614
0,0.3346909833416842
0,0.7607560631571582
0,0.022604008900876722
0,0.04251455276870073
1,0.9346019428022727
0,0.06027980473706835
0,0.5301238729227172
0,0.02129486616268069
1,0.6405219594431159
0,0.7906918330667811
1,0.474555878208754
0,0.3241307243092256
0,0.2921283255790139
0,0.10613624333145188
0,0.4003573893159013
0,0.5352595875609202
0,0.8494821656898253
0,0.6258402647808889
0,0.3136464420336996
0,0.8218346877096484
1,0.5430026142596345
0,0.12904003227388153
0,0.32440076225546116
1,0.807186708244825
0,0.486031973012645
0,0.156166871288956
1,0.3946376477746385
0,0.016838055454968432
0,0.7383273740523757
0,0.18232079787258634
0,0.49591524417672633
0,0.18450007321355508
0,0.11300263475214369
0,0.5018355164923478
0,0.7917983006458708
0,0.9194621429028821
0,0.8907772219775374
0,0.5727556238955086
0,0.5719218310511875
0,0.11525928103474933
0,0.643765810946098
1,0.8010828272173562
0,0.7671092510806173
0,0.8156352445032788
0,0.7678297343227778
0,0.01770412754127525
0,0.41488183753483593
0,0.4740168522732993
0,0.6243594124421655
0,0.02169793799256997
0,0.17123051127730904
0,0.5929773481871684
0,0.019019643062928627
1,0.7977549862585801
0,0.04528678416973579
0,0.6233119632536439
0,0.01772089033924198
0,0.039659697690757334
0,0.2166706889569673
1,0.7678986889346691
0,0.5166472169095067
0,0.30236062795415186
0,0.6514264594736762
0,0.01397924309522684
0,0.08058566518380504
0,0.5183784120141451
1,0.8503977550982332
0,0.028581770689644487
0,0.6731009209981614
0,0.08757340291154506
0,0.847025294687413
0,0.08294270535653762
0,0.39124117131701225
0,0.5631297483224922
0,0.014106014206503235
0,0.022060615127649872
0,0.5500846292728039
0,0.06870048580662742
0,0.5074660775451179
0,0.5739617668557241
0,0.7086260086695464
0,0.7431535549990194
0,0.04758761492381314
0,0.7119374072002332
1,0.9161131060790043
0,0.6575856996843387
0,0.0387752521392017
0,0.6369111489124366
0,0.17157244671951474
0,0.6407079880138138
0,0.2646956821137132
0,0.9387669771746207
1,0.871349535258157
0,0.12762673277981731
0,0.7816284148738891
0,0.02851741098135841
0,0.8118597085791978
0,0.007000413882750427
0,0.3307404116392064
0,0.41985311448987744
0,0.05781867840909207
1,0.7896960792725192
0,0.02618736463318617
0,0.3124450140727092
0,0.4941683166773344
0,0.3477581879166098
0,0.21915895161026475
0,0.5502770547146046
1,0.9465988472779007
0,0.7854715511810062
0,0.203686786196463
0,0.4483845707774911
0,0.06700276648398296
1,0.8281107053349976
0,0.2020879023617163
0,0.08115899784272293
0,0.23041321658755626
0,0.19586300006544743
0,0.11093411679890092
0,0.2317919039381755
0,0.31138538264544907
0,0.35123664228575757
1,0.7200957149961661
0,0.2440595107724634
1,0.5753406966670083
0,0.010595562630427581
0,0.880710461622551
0,0.1756470675892427
0,0.458205158703119
0,0.014766251585463708
0,0.013731280893717905
0,0.7392819564589685
0,0.5285570143100489
0,0.01794653961767893
0,0.009384893631910848
0,0.215411501592332
0,0.02546919617429781
0,0.40744046722322663
0,0.04074155780026022
0,0.017194491052948083
0,0.020735994436095227
0,0.01768830483536636
0,0.017213100724778913
0,0.7393436192963886
0,0.596722192332082
0,0.09163693100536892
0,0.03327930325030116
0,0.1486910212062438
0,0.016827176200357105
0,0.0890365111567311
0,0.045518848913573884
0,0.7114451141955517
1,0.042599128744895264
0,0.35446571053791837
0,0.06916229192915048
0,0.873708668222297
0,0.04431962697363227
0,0.21738382751341387
0,0.4087006700264247
0,0.391490335020791
1,0.6939338611858458
0,0.037842884985153306
0,0.49123913273163977
0,0.5312770086135884
0,0.13324212997241777
0,0.06123033436953076
0,0.0645162462729948
0,0.016284508416492056
0,0.5740690481464693
0,0.02746313148197047
0,0.45682466097032093
0,0.021084688199797863
0,0.06211546917310377
0,0.6132916669519911
0,0.06289101482163706
0,0.5865930175149289
0,0.7604563117122988
0,0.03786290376529763
0,0.42235838710703144
0,0.12692619971719044
0,0.07473522660345878
0,0.013126851646132151
0,0.03922560426165865
1,0.43968795370508285
0,0.017847423647702622
0,0.37497874683343024
1,0.8044779240752966
0,0.019261511724072852
0,0.031731566562269144
0,0.6587008569482591
0,0.2004519479253739
0,0.2115673219285911
0,0.16104647692733506
0,0.22462007822359983
0,0.031240047506526744
0,0.7834057828652483
0,0.09483481769629633
0,0.08490470637103248
0,0.4684213415407396
0,0.02758306610649225
0,0.8884920591377852
0,0.10270416932608338
0,0.025574365201434756
0,0.7734602219386488
0,0.44968068686309437
1,0.8416141033385364
0,0.9040723166469772
0,0.6194674188451728
1,0.9276474341460228
0,0.548808752829749
0,0.6457565579703962
1,0.8228163041039024
1,0.3254996386456342
0,0.9035782695714802
0,0.1290512715758607
0,0.6708786197449964
1,0.7536697680888912
0,0.5415824759195642
0,0.5902944787333896
0,0.021304701953129793
0,0.018653458035752336
0,0.02726939765351006
0,0.8525380553068683
0,0.4341477427335185
1,0.9280385143083073
0,0.017157311431791427
0,0.09647069690764287
0,0.2786621320974162
0,0.9419890022036801
0,0.4278923610694702
0,0.3074091250790377
0,0.2625993020672268
0,0.4858750336613316
0,0.13331317400325704
0,0.15814738359931055
0,0.03205553054736603
0,0.03838550416810146
0,0.5310767163576157
0,0.041329308710501514
0,0.4700818985020899
0,0.04085351891529718
0,0.012156626139456067
0,0.36076435715658206
0,0.024128122150880796
0,0.44448047902687166
0,0.40886256117868447
0,0.07793686134147557
0,0.2854017304339058
0,0.07096924713187368
0,0.42563732638183704
0,0.036922034650706335
0,0.029998755598748508
1,0.3624064290068793
0,0.6567299410804494
0,0.03358264136475516
0,0.7492921648918655
0,0.46646136081577716
0,0.20880575247880379
0,0.03152551827088702
0,0.030413120930621262
0,0.016416249422784527
0,0.8448628787259668
0,0.9017675023736641
0,0.1870770543029878
0,0.7682807071588494
0,0.7172897415364736
0,0.14602895078767947
0,0.6458858560287475
0,0.7775653842458814
0,0.1204594315953319
0,0.6040961290707597
0,0.2439668775553296
0,0.048155794081062124
0,0.31584064602425915
0,0.3073024306482667
1,0.8555205958864287
0,0.5203031687483588
0,0.05057030729544496
0,0.01079594781641799
0,0.2470025876108395
0,0.012553382696483723
0,0.4169465790047477
0,0.7971130595998603
1,0.40896843765932583
0,0.40919796635529265
0,0.5962862049435416
0,0.9014677871291663
0,0.7567294043021153
0,0.021747166975988892
0,0.6491009504077739
0,0.01861302627969919
0,0.03139835033963618
0,0.3032305946166657
0,0.3569870510469423
0,0.017057551753980157
1,0.6416986679096753
0,0.503841479194301
0,0.7507433884439082
0,0.5295469470878529
0,0.7013098789796874
0,0.15304265894115546
0,0.31045070571510147
0,0.4924978146297388
1,0.6503007248215701
1,0.5833858771812725
0,0.031900581735054424
0,0.12071304241020339
0,0.453397025484717
0,0.14006650870213358
1,0.4878617524861788
0,0.0488087809137998
0,0.33666912643870806
0,0.02887058248647566
0,0.054219036047965914
0,0.19491186111969427
0,0.25276133313717375
0,0.5076408002097769
0,0.11836680286775009
0,0.8911881702873676
0,0.10205613858623415
1,0.06971937894676472
1,0.8980362139311908
1,0.7106334559789642
1,0.5463163333296861
0,0.44007728525915535
0,0.40959339851173004
0,0.13421012249001824
0,0.685318786350525
0,0.01766814867621523
0,0.5065703424219169
0,0.01423087845483852
0,0.09418317747305752
0,0.0700314121911373
0,0.01652971192095252
0,0.0221859159616967
0,0.02758306610649225
0,0.09200768715481893
0,0.02368903850178251
0,0.05311758801891301
0,0.0791678279542467
0,0.05574780982825096
0,0.6002795910236289
0,0.020566300629464518
0,0.31501428512184343
0,0.06508829854655833
0,0.36620967227606654
0,0.014806795883218565
0,0.5066572594452182
0,0.5707970074475573
0,0.08772349650583021
0,0.02929678637154493
0,0.40985808672845125
0,0.28853174410296856
0,0.01840683932524334
0,0.11394107592777979
1,0.1320874689428934
0,0.49663409238030654
0,0.5738863416945275
0,0.024654895221822043
0,0.0429120625057947
0,0.41112372671245867
0,0.6885309219680078
0,0.48502073622279734
0,0.6098531730657359
0,0.01569412616747024
0,0.36409661714671515
0,0.06007069135714616
0,0.05425867097371097
0,0.10401473188093392
0,0.05850580116251744
0,0.30603975281570095
0,0.02667584301007386
0,0.4518744630415045
0,0.0885491467903465
0,0.3430733196208816
0,0.01876603806260227
0,0.022091749879899564
1,0.8418535175044866
1,0.16443684897036834
0,0.36592108030234327
0,0.049912784413150925
0,0.12459961794887553
0,0.03296816696476331
0,0.3012659365471733
1,0.8255730662790702
0,0.030048714233334183
0,0.20776296969966637
0,0.040309609357062806
0,0.062359720253743076
0,0.02620326432284161
0,0.04371792477621199
0,0.01660360970468464
0,0.6679578214698622
0,0.7233127667950082
1,0.7250208320377916
0,0.46123430310665103
0,0.5440866446795846
0,0.09983256371638267
0,0.21853887991308452
0,0.6946967779364756
0,0.13573924731409098
0,0.010716211711832544
0,0.24250798810976384
0,0.5157642689450577
0,0.48846573925629266
1,0.8895449616207959
0,0.08601485386465108
0,0.43589967041542793
0,0.00636045586083528
0,0.2238492867134593
0,0.8764235061901723
0,0.7268088933267044
0,0.31312359377820936
0,0.014537254813512937
0,0.06373797350364273
0,0.30408628694288237
1,0.9496472707568371
0,0.02372440824310676
0,0.23110398518305802
1,0.5526900965019115
0,0.35458988492578153
0,0.04779476324456035
0,0.24494098577889595
0,0.18561212703522917
0,0.019394732485999766
0,0.06069509700744698
1,0.7380737296370966
0,0.08770591818132774
0,0.60035463036297
0,0.5544829071657598
0,0.05432331720395328
0,0.8446395102483598
0,0.7363903200992573
0,0.012021528605052312
0,0.34511985264940903
0,0.15978082465430185
1,0.8312758052064635
0,0.48935770220954783
0,0.0525777641356733
1,0.5248468148346358
0,0.13198633185958739
0,0.015487659869175451
0,0.12455676866789045
0,0.06269977807516199
0,0.9420313190083266
0,0.08252286220302896
0,0.045216353626329996
0,0.06469713852235973
0,0.04211551375234023
0,0.03322201008234804
0,0.27301148153850935
0,0.7530216673945742
0,0.7595646887439408
0,0.02333756132320207
0,0.04549343695981959
0,0.025879647250126855
0,0.08147206397690106
0,0.5437542775870476
1,0.7413052195840256
1,0.9492179564202077
0,0.10017856393564488
0,0.06920484128911601
1,0.7740666637346576
0,0.49842747758491585
0,0.1015236113866307
0,0.27188024025976143
0,0.019568783928318918
0,0.5913959960464932
0,0.032721888868858295
0,0.9430338651411098
1,0.868312206271875
0,0.7152755677996556
0,0.8878496600961654
0,0.06474495656164587
0,0.5427416914425224
0,0.4022388983444388
0,0.04720726356228949
0,0.029033975433529216
0,0.022748291398672245
0,0.18419284194809862
0,0.3671560481448624
0,0.01559179119911463
0,0.05130042635895305
0,0.08318682959366326
1,0.7192645642190364
0,0.10203359181368342
0,0.32369702775571485
0,0.5975324226328392
1,0.7082793150673274
0,0.8182099528120509
0,0.37150408541402413
0,0.6218176756836309
0,0.8136079293227726
0,0.48009905122074653
0,0.11509645342037553
1,0.9334960232845376
0,0.07302662194413666
0,0.039841030701305805
0,0.02874781855565831
0,0.030918056368013633
0,0.29612069273821917
0,0.01278827097478203
0,0.8117128978844882
0,0.33886156746897905
0,0.7903619726063639
0,0.01423983484605696
0,0.1385389534178398
0,0.19786872454896068
0,0.018946368282581658
0,0.01686736254429388
0,0.02110376229248927
0,0.08579520343999525
0,0.03544161914668842
0,0.3575359819600325
0,0.8809416822279675
0,0.2247149699857669
0,0.031402323154705494
0,0.7326130160281195
0,0.007771997795081678
1,0.9811580343701863
0,0.6676442881131615
0,0.7559445295529156
0,0.49223028941200186
1,0.8547594220834442
0,0.2368892090775594
0,0.08516081954760266
0,0.4187882032498768
0,0.8090660681758488
1,0.037953056031497845
0,0.03341138765804987
0,0.6820003210871488
0,0.5367750578646132
0,0.32325417444898974
0,0.34490368480062783
0,0.1118684773589789
0,0.4628458132411429
0,0.02641356346777525
0,0.23567835262085315
1,0.6081810895646882
0,0.13745845443417026
0,0.011899440698292477
0,0.014018717429334809
0,0.3144173287110415
0,0.23272726244534736
0,0.1061339872052455
0,0.4681446058262284
0,0.4207532198124926
0,0.7412721587363877
1,0.8999263176411033
0,0.8173453863388438
0,0.9331829274408376
0,0.6492468614998842
0,0.9691008406371535
0,0.20093643206226366
0,0.4077500422616917
0,0.6060076404897563
0,0.04344307405123588
1,0.9305018332290956
0,0.025551557112556685
0,0.024043524641394493
0,0.5263733705445776
0,0.3391817726886906
0,0.026376224338618817
0,0.6949578206427678
1,0.8096733805090944
0,0.011158732033896675
0,0.12524458111730305
0,0.2977740918491837
0,0.5038672817503976
0,0.06694374125739953
0,0.016764330900859253
0,0.03334637375840573
0,0.21535482897827002
0,0.7012527994676675
0,0.9392593821786961
0,0.03968573333826574
0,0.012904331537542177
0,0.18698725840098615
0,0.07249212285278904
0,0.8090868328865786
0,0.8346125148609368
0,0.859299249225281
0,0.773773373545089
0,0.5540796994597289
0,0.13331348209256996
0,0.6141072706481381
0,0.5806161099629732
0,0.19753925521994886
0,0.02318232325656629
0,0.3247817152805059
0,0.018760036112477462
0,0.07930770172409664
1,0.8468222365269176
0,0.026668618695656152
0,0.4835864015124687
0,0.05995280791365587
0,0.06491098271487213
0,0.3810421055309071
0,0.18937816779563427
0,0.013632214895674158
0,0.7998467112720415
0,0.05034113977481076
0,0.040053355140481556
0,0.29210105167019024
0,0.21726999755526222
0,0.6248051335399278
0,0.19980583064729748
1,0.7246552596243667
0,0.03973709714719163
0,0.5229118177236358
0,0.6690036175347917
1,0.771541677712292
0,0.39145892083837713
0,0.40052555895867
0,0.05039664190114758
0,0.041619781452659994
0,0.23828027630164517
0,0.5280752542216642
0,0.03967254314284241
0,0.3957566647029499
0,0.1394828304668404
0,0.7506884192921446
0,0.029834151529669242
0,0.9175585415409212
0,0.44188082596097833
0,0.03088116979408081
1,0.9000137799553352
0,0.3136504847487841
0,0.5469820986140761
0,0.011285854283338304
0,0.6355989712892788
0,0.2468674035333172
0,0.07363832092418676
0,0.014799447310080583
1,0.9027283665392832
0,0.1205888062787037
0,0.23457816591605524
0,0.3967476928716335
1,0.9414397427474259
0,0.7986014311646757
0,0.02308168694237026
0,0.013781502463742025
0,0.44823191097037524
0,0.683118439567603
0,0.6622444665118579
1,0.5605753328519602
0,0.8182549761154282
0,0.366210985771073
1,0.8053943023499
0,0.4142801667658286
0,0.6988898780181686
0,0.43245247844911455
0,0.17783340445528684
0,0.03840423351160026
0,0.2257178043415482
0,0.11568285814847373
0,0.048110919705100334
0,0.028691271590603792
0,0.1473803386999203
0,0.16918229112445374
0,0.46720645152622653
0,0.05200154644999205
0,0.04299670200925825
0,0.03195723868843813
0,0.41991041213467173
0,0.8485068127886004
0,0.39867827688756713
0,0.02594449135787877
0,0.04056366546522693
0,0.03779276335870502
0,0.21191638979136207
1,0.8575334009416538
0,0.6250291317125575
0,0.011922639245510297
0,0.033513951730787514
0,0.38913514789692366
0,0.022926940282597272
0,0.8911982590763023
0,0.3548437314197613
1,0.5023768979058738
0,0.041246940555972486
0,0.11914123533525893
0,0.011927177907333884
0,0.7610345393029515
0,0.059583203752721046
0,0.5822080418863825
0,0.4169639288116248
0,0.015302048278890194
0,0.4482184217082347
0,0.03173447422140078
0,0.07263070008590387
0,0.027709686902888185
0,0.1607212198218667
0,0.06768715853990653
0,0.4235660304122715
0,0.03675165405408343
0,0.02532353129062178
1,0.9617826740891914
1,0.3643352086816055
0,0.7550581391072513
0,0.015260335202693447
0,0.04049198435137098
1,0.9171235524593552
0,0.17490563601976403
1,0.7399995155444952
0,0.41226060267060366
0,0.2054601437214975
0,0.037594793217233795
0,0.4203614502340217
0,0.28978835571807354
0,0.014748580779837763
0,0.1735178426980478
0,0.38449818561238885
0,0.2881053452165662
1,0.724529355971366
0,0.8797638415903809
0,0.04292012023581906
0,0.13106414716835205
0,0.5077285106179785
0,0.14519651954873147
0,0.5568949730154245
0,0.40605737094490874
0,0.044412729892741344
0,0.028434148950367083
0,0.018335046263118507
0,0.020551988211524024
0,0.6757891703922778
0,0.024572964427737546
0,0.7294128574740549
1,0.9159028291935133
0,0.16887597511329316
0,0.08840795788939815
0,0.7480021780667397
0,0.1162202505198568
0,0.42870157350963645
1,0.822871683570701
0,0.02683251107328409
0,0.04781760096366638
0,0.10391418406988424
0,0.3679056770926718
0,0.26720195647291617
0,0.16482928881187672
0,0.3837676153018711
0,0.2411660121330426
0,0.6255884614839404
1,0.44029051114815093
0,0.6087677997008687
0,0.12135646158217339
0,0.3092087540281474
0,0.09775845527352947
0,0.660960212673583
0,0.08182474683841982
0,0.5715742443675306
0,0.04717746842098825
0,0.03214381828162818
0,0.07100232257826736
0,0.6191778249071203
0,0.382319091309185
0,0.8411750945971683
0,0.7095638396494376
0,0.04876913042486617
0,0.4348700402016048
0,0.8459693868188449
0,0.10362855572915176
0,0.7788607651297643
0,0.7064478542495248
0,0.7328850611150203
0,0.026217214466128493
0,0.604487523256101
0,0.3892723086622168
0,0.6177301090537678
0,0.7500826200255104
0,0.016743337150794315
0,0.3430316780457586
0,0.11544899271723225
0,0.02132714262967968
0,0.012855275792447518
0,0.009409701745510118
0,0.0556359543839423
0,0.5855427617269995
0,0.05387722142455123
0,0.6227453424312821
0,0.02588181041466907
0,0.2956884768340068
1,0.6137889603731814
0,0.03370072082733885
0,0.06347097774467657
0,0.01622360695216597
1,0.9560697514651357
0,0.5679156569547376
0,0.35779855572246344
0,0.02662970387897315
0,0.0236056394503871
0,0.01260582765167655
0,0.034580505677954974
0,0.5354390979123845
0,0.3251628224659271
0,0.019026523445907075
0,0.531870184050903
0,0.471038136724904
1,0.2696992917723774
0,0.14761290784535355
0,0.022049734072111554
0,0.013503782398440302
0,0.03152878537612461
0,0.0388876515319583
0,0.7602778751553205
0,0.01058463405697958
0,0.5845875780006592
0,0.027525175836015218
0,0.47168412452906533
0,0.04975118765618847
0,0.009194766098557261
0,0.5863892760599899
1,0.8518908161532014
0,0.5043845599567935
0,0.4622841711411475
0,0.37898559551712835
0,0.7677095365927572
0,0.18573010939099263
1,0.6130040622695854
0,0.7853437258246855
0,0.17294513452374236
0,0.2680051919406515
0,0.7731156450704635
1,0.8103474684952535
0,0.3559857521953388
0,0.40092821240596493
0,0.0476681226353921
0,0.02517049703203569
0,0.1382822108469122
0,0.25078773342170163
0,0.14444962988826102
0,0.01868875926573201
0,0.022429791687245425
0,0.23133013226631935
0,0.45964955862892154
0,0.011605653139336721
0,0.6306524587700351
0,0.4448281593362678
0,0.09875979031290326
0,0.26405890855860453
0,0.02233093206707202
0,0.018951282983972206
0,0.09865176865459531
0,0.3640372740753232
0,0.5091843129842907
0,0.013488727646806154
0,0.04275408144230699
0,0.5575303612797577
0,0.7566444190525698
1,0.5982688752438509
1,0.20654227421300483
0,0.02644906543960625
0,0.06611480338332769
0,0.5253322780660947
0,0.9007214537845708
0,0.013241921349096884
1,0.5431465616898971
0,0.1866886056219997
0,0.07877206129991757
0,0.02468313813485964
0,0.24135683264697466
0,0.623335106476506
0,0.032573302828169524
0,0.5616236375815221
0,0.9570669773343947
0,0.025565986681656702
0,0.08179204848352062
0,0.14936143306892088
0,0.2953330100001318
0,0.02614672621481291
0,0.023693965235825246
0,0.09596218788355715
0,0.03836739488043082
0,0.05277308780795446
0,0.13280598694115187
0,0.49926892389307864
0,0.028107871235152355
0,0.5551555388333803
0,0.05618246311498843
0,0.7133084710439982
0,0.3741345132612024
0,0.014007754428914604
0,0.5364725603910684
0,0.03068660008744417
0,0.012424211658881346
0,0.057330933867121105
0,0.1383383366098626
1,0.9223625733405005
0,0.01126497362015712
0,0.7507061563545286
0,0.5474320428247469
0,0.7359677326024927
0,0.7777152285415883
0,0.03706260945923628
0,0.2258212578628163
0,0.09406651881786099
0,0.01664121617797595
0,0.6276790091675934
1,0.5898800831691393
0,0.6359579023300699
0,0.6067034600989972
0,0.0556147490959134
0,0.9189205717735852
0,0.8351409246409092
0,0.4963148131907607
0,0.06033678985072662
0,0.01582411163638136
0,0.03256576608500603
0,0.014622723273461698
0,0.040918749780839085
0,0.7725288223132574
0,0.05774072615627296
1,0.7515937317990995
0,0.6503424913292755
0,0.288494270328304
0,0.2950603635847568
0,0.020984759226196827
0,0.11099098363932222
1,0.7994399652192828
0,0.7996776670420777
0,0.020319641009773536
0,0.044369359342105806
0,0.022682012854254172
0,0.889510379884178
0,0.021439266035362833
0,0.014019601745612356
0,0.10176954014344633
0,0.022480269936896835
0,0.09125125135976728
0,0.18103918367614918
0,0.13307941479109625
1,0.901020608335842
1,0.8155385280906707
0,0.007475706924410596
0,0.016473974025423475
1,0.6713513095688962
0,0.13868547309726262
0,0.023227557935448808
0,0.07706506198285178
0,0.5171690184297536
0,0.44260545038618865
1,0.508843839959769
1,0.7188308673261948
0,0.5280663750401192
0,0.07873549550550213
0,0.047478454038834175
0,0.021914184514265217
0,0.513977499494214
0,0.020949147749339883
0,0.3925446555914753
0,0.5518585282652606
1,0.7963454186653537
0,0.01972656859486162
0,0.09343192172879984
0,0.047008297847442496
0,0.10400326862840141
0,0.9119476475748026
0,0.11104942802766005
0,0.14638730506144385
0,0.12367274831159983
0,0.025486805668040194
0,0.02817378750350328
0,0.15162717741687107
0,0.5393671380015087
0,0.08409272002187704
1,0.7317496589162072
0,0.026450830020051396
0,0.624129088933142
0,0.10554666628042635
0,0.02667588156757446
0,0.3103722203773075
0,0.3602077266081758
0,0.02950827317948716
0,0.16691291733155791
0,0.7966403014689994
0,0.044801227486764586
0,0.6502498621542113
0,0.03405702803351333
0,0.07397042087315839
0,0.2577170833781843
0,0.650621045496839
0,0.8312263160309153
0,0.1500218780804614
0,0.022197431676600366
0,0.02914444055304454
1,0.8970060969093834
0,0.35507667253031816
1,0.32754023396423754
0,0.09574629782528493
0,0.05286531948246254
0,0.0404713355833577
0,0.4430415667555193
0,0.061452983127967965
0,0.02930875642515138
0,0.05961188378199477
0,0.021578942038015535
0,0.04943662968256294
1,0.6367401234542097
0,0.2617096290941815
0,0.5631177416088705
1,0.38552153003538087
1,0.42505965654478545
0,0.4356582600742013
0,0.5490718307320225
0,0.02015657700616577
0,0.031163147281655784
0,0.17115944935841762
0,0.04158031351376381
0,0.29129095748808953
0,0.05364156074862944
0,0.28161452471092974
0,0.42527330744023695
0,0.05468456768689157
0,0.8331313958061504
0,0.039290359531806415
0,0.4168887437141142
0,0.07392225535431064
0,0.30333445476536197
0,0.08519300039729087
0,0.12311661494356195
0,0.47989104757326406
0,0.2805720338989548
0,0.04512504839872984
0,0.7291248859714262
0,0.08849490320280136
0,0.7792999638651154
0,0.9024289700660458
0,0.34439941570708915
0,0.01851668976536474
0,0.8265192726422239
0,0.47095064230958744
0,0.8250627050534514
0,0.011532217638363016
0,0.3888085543269908
0,0.6329634739668406
0,0.21643072779006592
0,0.20285691377809364
0,0.019612596771146455
0,0.6198544457789578
1,0.7561783771693118
1,0.8039917068875193
0,0.01371699347498423
0,0.1419724586987866
0,0.020055617191776325
0,0.008745861775939546
1,0.6331578715681431
0,0.4274448129366864
0,0.8141934109261272
0,0.4172903434989966
0,0.027486984573904548
0,0.04975118765618847
0,0.05651014292332991
1,0.7375626947116131
0,0.03614224784659023
0,0.01428176737648613
0,0.08819983856316063
0,0.046757765586103
1,0.7381918224023548
0,0.3543805946015804
0,0.22288046572757186
0,0.49888579339040434
0,0.8408028325472996
0,0.7267138647778439
0,0.20330777575364223
0,0.7803388199661712
0,0.027150503818185047
0,0.2620440467575071
0,0.03800375402662125
0,0.29343208207958577
0,0.15014532674800923
0,0.01995627872048889
0,0.0847851071301467
0,0.30843657076541275
0,0.09989276713392693
0,0.04448881724622069
0,0.023282724232089592
0,0.2392421888939242
0,0.4817522668646624
0,0.009437787500683336
1,0.5881405877916734
0,0.27561557366578543
0,0.36016187081468687
0,0.016266311098728416
0,0.020275352685652163
0,0.04349723326191213
1,0.5697248709362432
0,0.06445164256728994
0,0.11563554748748518
0,0.055498247017630314
0,0.14884795560213182
1,0.2754200705953496
0,0.665401500091733
0,0.03302183091613412
0,0.016528045298124582
0,0.04303795643699863
0,0.044479197889835245
0,0.02831010899161938
0,0.011933564727123308
0,0.6558977141898974
0,0.5545960492431669
0,0.3335397134849235
0,0.07256269280930293
0,0.04505570480929276
0,0.8648327783547086
0,0.7910060368154477
0,0.07061505199116236
0,0.05917549816370162
0,0.25023903391938795
1,0.458199460253208
0,0.032186879077658444
0,0.2258212578628163
0,0.7930846117830969
0,0.5116468487537561
0,0.13457792179277797
0,0.2669038132248549
0,0.04552027723423569
0,0.5213858023817723
0,0.10684656259760554
0,0.04110532720085606
0,0.012290980027516213
1,0.7597528982358831
0,0.01471568540398497
0,0.6407444922933938
0,0.03642312038902877
0,0.8626040325353734
0,0.8201740576129989
0,0.3542172139432957
0,0.38267879013032263
1,0.7130534039862246
0,0.057933169305564795
0,0.06150788653641562
0,0.44562512083801914
0,0.03980413793984959
0,0.03087168294298447
1,0.8991833936250916
1,0.3537191782301876
0,0.468217935936731
0,0.015327108533308247
0,0.2522428403530911
0,0.07734233354767635
0,0.021907540801333163
0,0.0476320593867602
0,0.060437516714998855
1,0.7623841585556899
0,0.1105450814455427
0,0.3921985007511784
1,0.92891714214016
0,0.05451041699647249
0,0.49725573459436945
0,0.39263350366303734
1,0.8346626249695159
0,0.10866829044283093
0,0.024838944690104073
0,0.3518895819368172
0,0.7339663083233643
0,0.10953760658637621
0,0.5708737210266099
0,0.01815636754350679
0,0.3006570761586404
0,0.24867846818049957
0,0.3343560906589186
0,0.8655016492016221
0,0.05618246311498843
1,0.9051909420721113
0,0.07979451540094692
0,0.7919855918454636
0,0.47811358806388365
0,0.20228205914452282
0,0.6314885153014913
0,0.032387753861586904
0,0.5316647461495814
0,0.024770154758394104
0,0.03323413821219129
0,0.028432585657342944
0,0.06945540748612192
0,0.003342177744538057
0,0.28824773202603354
0,0.05275658632662022
0,0.7938168294535546
0,0.026507267306573698
0,0.01236952343227884
0,0.13043487610884494
0,0.017215842550677686
1,0.8220536322200306
0,0.6848937000504545
0,0.040658160354627625
0,0.6106600711752898
0,0.020196727365434007
0,0.06525246035863162
0,0.023227612494116704
0,0.0366578518296361
0,0.01420937338903116
0,0.011392800588050398
0,0.047842114620253805
0,0.02395571390113414
0,0.27491367257293875
0,0.004591705729428533
0,0.09670449761590583
0,0.796406045915411
0,0.013566260811404768
0,0.30669145083002713
0,0.09649832651491005
0,0.6751427323792928
0,0.44722668402611193
0,0.015175357103722226
0,0.050745482338246085
0,0.6821308493300227
0,0.3136905940986295
1,0.5506706917300406
0,0.4928551301351348
1,0.25436556712715075
0,0.5271099898570175
0,0.015838560164993156
0,0.009254946771665554
0,0.07217373501310112
0,0.016015805428863408
0,0.19390233870457033
1,0.485802579503873
0,0.6233044964140739
0,0.6192525951691866
0,0.009419853586672864
0,0.01737397427040178
0,0.04385926379467392
0,0.05819603461292474
0,0.02791216796486043
0,0.0690285946747782
0,0.4087687237672528
0,0.024223027433501278
0,0.2776831961824668
0,0.00994004242491763
0,0.6983696757131668
0,0.03175835470565596
0,0.356910769255183
0,0.7882238985477975
0,0.39454018620784725
0,0.16435633295906157
0,0.20289151153514245
0,0.430525038863702
0,0.6463186320000204
0,0.8501976441532827
0,0.2672249693706553
0,0.37943645919135344
0,0.5566434251003505
1,0.8623153088286614
0,0.18540365894471816
1,0.7364245500318853
1,0.9226841887770582
0,0.17865627222272404
0,0.4404027411505451
0,0.23515001765632756
0,0.369492561488063
0,0.32337126895339474
0,0.431004281203085
0,0.07979165986814274
0,0.010466921002790255
0,0.5623287048597957
0,0.8596784283243925
0,0.10407781151861924
0,0.020451283013701888
1,0.942134225283627
0,0.02981423713260134
0,0.8672974200215896
0,0.5602764681547233
0,0.2870573883585425
0,0.013388226695740277
0,0.06442624325650556
0,0.7936256784653729
0,0.0300221417480553
0,0.04338814837492637
0,0.03196531482788098
0,0.051762709208069316
0,0.041708280673494906
0,0.013279809487580828
0,0.11943427652992422
0,0.36008620551925297
1,0.8576994290797226
1,0.15429217795700845
0,0.23884412596132204
0,0.5199037847111753
0,0.19285872493539707
0,0.325144218587432
0,0.23042119547708617
0,0.44839903925594476
0,0.5025488771692228
0,0.527240572110551
0,0.3978334938196243
0,0.014450582523174901
0,0.05766244117738058
0,0.916701623072044
0,0.02778693462108522
0,0.0068216930128253556
0,0.551072199504084
0,0.04843419789081931
0,0.09441661909880995
0,0.6575730735623548
0,0.7629299420743444
0,0.04336366496199936
1,0.9340923025815727
0,0.6948200429202587
0,0.006559009089904281
0,0.9107682224798422
0,0.10970892580862611
0,0.15051342203282692
0,0.03812323511748234
0,0.04985455404060828
0,0.8027991372624549
0,0.1484579789746755
0,0.7585715248016289
1,0.8178881742325508
0,0.43793112643012017
0,0.03463263174664149
0,0.91312820077172
0,0.700651187867923
0,0.01585553527061259
0,0.7136533842226581
0,0.3359705915661679
0,0.5579730700800275
0,0.4678790994920886
0,0.3142382328155213
0,0.060769751879127004
0,0.6181787632097286
0,0.7658274653711601
0,0.10044261175713995
0,0.11496498538368893
0,0.4189486969281333
0,0.514319846099716
0,0.22322557577840013
1,0.9418148092709439
0,0.06759212376144037
0,0.06976977104302033
0,0.032503342525684625
0,0.470237757470693
1,0.6625965167499916
0,0.3571424422240426
0,0.6701353119641759
0,0.6597656752453446
0,0.0907157604613147
0,0.05010179664121799
0,0.44711949374831733
0,0.027833745217555977
0,0.39616983046748444
0,0.13866391736741615
0,0.6131978160670424
0,0.05404634546250748
0,0.45297652062485444
0,0.8326525479955161
0,0.39967745625480067
0,0.8847095456864543
1,0.9295548278650523
0,0.030030492734927316
0,0.3494187365572898
0,0.8389433123810004
0,0.031179715149093516
0,0.4523764154109176
0,0.8499546899542816
0,0.8179148946226088
1,0.9402286541490478
0,0.7968405010588107
0,0.4576500069601617
0,0.023604002241781635
0,0.027884511605180667
0,0.4144649080520336
0,0.7694636729888477
0,0.04261097374255189
0,0.034744014419732565
0,0.34777192039820887
0,0.15502640689261507
0,0.01141743152454697
1,0.08424798796398343
0,0.06899396514651027
0,0.7541194919354753
0,0.17874927452294226
0,0.5257919357225804
0,0.4546582996071266
0,0.35520545321851255
0,0.3274542180063139
0,0.7558273165206655
0,0.022565943992984703
0,0.5864537071518731
0,0.29205260797473487
0,0.06597808321568834
0,0.044332424605986784
0,0.0753231583986322
0,0.019023965010446245
0,0.4230317884176669
0,0.5005635316358503
0,0.5075327250552287
0,0.019489458886503587
1,0.9693516341199234
1,0.8121124684383527
0,0.37945037430613926
0,0.1882325470225122
1,0.771489415915628
0,0.7095670473850682
0,0.26663442234215806
0,0.6965463119741306
0,0.18532107311326504
0,0.04165390138573597
0,0.6052818854915378
0,0.054481130910888215
0,0.6491738178897313
0,0.47020715026019005
0,0.05339337605137778
0,0.09160478483789157
0,0.037073000256530944
0,0.01588474525124831
0,0.6746745487273204
0,0.03829574713906809
0,0.030969911524316912
0,0.37295817274926707
0,0.3039969600006123
1,0.8174163651453017
0,0.41823140574419265
0,0.023098052614945748
1,0.8149131557988255
0,0.00853110088245216
0,0.22731323662964364
0,0.0076254600019952145
0,0.3121829377272149
0,0.03314062092116035
0,0.37180272201409553
0,0.6932671069417234
0,0.5466033280074403
0,0.7751998191955711
0,0.9152449375348878
0,0.5460351394360974
0,0.05394102316197711
0,0.042728292557385736
0,0.009441234642598691
0,0.020847941415481956
0,0.8439454380987346
0,0.04015520849117848
0,0.02697299156283154
0,0.07054145046701782
0,0.045921890651209475
0,0.07227223106628998
0,0.02895032351173744
0,0.7948306295371433
0,0.07211505565327041
0,0.019124385547821306
0,0.31663755698768686
0,0.7083914072054301
0,0.8336807337806554
0,0.06845719286078557
0,0.767410679119962
0,0.6524464664998554
0,0.280869957099753
0,0.6371012003914174
0,0.020552677699290686
0,0.10696432114191241
0,0.012407304471663248
0,0.030457548043752523
0,0.8013797648446067
0,0.5985693060056827
0,0.3753911093550174
0,0.2591644122568657
0,0.042439176245546655
0,0.04018109676170955
0,0.8830891527521025
0,0.6599747996464742
0,0.8212824558298787
1,0.31251154795149877
0,0.03589533359098098
0,0.21132512231887585
0,0.6698055444573767
0,0.4636872307114052
1,0.7401771260035084
0,0.4347594409626057
0,0.009528696473663556
0,0.0910376185869007
0,0.011182479792164529
0,0.3063077620698683
0,0.022715940947451434
0,0.024539248390476144
0,0.019406781466380328
1,0.7411608801404233
0,0.03653631065839509
0,0.09882401938360176
0,0.0634625002569391
0,0.036981465759675564
0,0.8744246388985397
0,0.0377815942684998
0,0.15125434224373804
0,0.013652998833568613
0,0.15131815783714075
0,0.5498217799287737
0,0.5385023696592056
0,0.5784788021140784
0,0.09747225970929661
0,0.4410845174134109
0,0.7764732225239912
0,0.4877166851413013
1,0.9362125697501746
0,0.07399389762746655
0,0.28723017037301524
0,0.6846497929555477
0,0.02517529908663205
1,0.8493039156718923
0,0.2732722413718642
0,0.059773891150747806
0,0.04304080239968056
0,0.6509903276540036
0,0.04276954224590284
0,0.6185747435364904
0,0.04254376092360679
0,0.18693372037709535
0,0.2984184623819322
0,0.7734930618898879
0,0.4862201882752265
1,0.25886639494792596
0,0.13695346817439943
0,0.10552542742539409
0,0.011579820875071463
0,0.0719512551272328
0,0.8687742997118373
0,0.4073334348947629
0,0.019227913461581068
0,0.46362060717754977
0,0.08023843467775665
0,0.8029092881289782
0,0.5527150501459818
0,0.2711654303574201
0,0.1821804608649614
0,0.03231684132223588
0,0.04246696312870533
0,0.03753011420096678
0,0.25849191802457944
0,0.09415172851393315
0,0.8854996015610952
0,0.5522938652444763
0,0.06600475590215707
0,0.04569063725752145
0,0.0461354950749201
1,0.734944295064478
0,0.9108983103473136
0,0.583816588564223
0,0.8037920621152812
0,0.6817277347596196
0,0.4694363314757644
0,0.4762139029422341
0,0.5218421897622116
0,0.19472458284200686
1,0.856703910992157
1,0.8406464313165638
0,0.5784670979768741
0,0.23142675143682756
0,0.02606141734934301
0,0.0877826717729069
0,0.01785638412736737
0,0.37338180997496945
1,0.4299716971297058
0,0.9004362182227769
0,0.03939688353746602
0,0.41569328753561535
0,0.8505938659046123
1,0.9480226640634437
0,0.024941610706838042
0,0.547905680947751
0,0.23956459007357533
0,0.3795792425521509
0,0.012235113094948881
0,0.11589626770431131
0,0.018128525074540793
1,0.24459709150172954
0,0.031086334537989972
0,0.5031764690366768
0,0.047542912947100495
0,0.014304755904731542
0,0.07879142883434016
0,0.5740733272108661
0,0.011265340457143386
0,0.3039166986787127
1,0.8847169947644891
0,0.12696944041708078
0,0.12231026554198145
0,0.2909426754639532
0,0.11467954617679563
0,0.04960380800628094
0,0.021691507883803925
0,0.05727669770369291
0,0.0618644140964866
0,0.1401102745245623
1,0.5945830655699077
0,0.5107242222331758
0,0.11522587973581402
0,0.29322126239883856
0,0.48642877037378485
0,0.17339572130253011
1,0.8645204489604714
0,0.21793259890437913
0,0.15103320071285026
0,0.4859121813554658
0,0.9649647443182374
1,0.799234475540563
0,0.37538657653455554
0,0.21673836228751772
0,0.6085938835829646
0,0.8587519500757698
0,0.20277210012531133
0,0.01977635868229812
0,0.6425754653001728
1,0.798426884642101
0,0.5740819945980256
0,0.7329643921274556
0,0.6620508698227413
0,0.03645229244894576
0,0.5549954493326117
0,0.15823833895449244
0,0.08146002349300085
1,0.08914339906314911
0,0.29265612385437345
1,0.7460850002538103
0,0.20914709637673526
1,0.7519013616856666
0,0.02241056583019018
0,0.009287806276971181
0,0.42504498949317593
0,0.4002393825728166
0,0.4159535711022346
0,0.0938824645352675
0,0.04920455045330172
0,0.6124675597843952
0,0.004852091369220841
0,0.6008147815265136
0,0.6320951612656311
0,0.031137091450232524
0,0.6789144869970706
0,0.08697560665885004
0,0.6553746910989438
1,0.748158258246777
0,0.18766199428441133
1,0.9508363046090214
0,0.08316892856749464
0,0.0035531441245915925
0,0.3420636187156135
0,0.775374171060782
0,0.43911060280255615
0,0.05333253195383575
0,0.08918319247910171
0,0.47488392523910655
0,0.5057268818622205
1,0.5980988479026114
0,0.334677266075591
0,0.7370675526197991
0,0.04764145633309911
0,0.042911399853558886
0,0.8200879586124022
0,0.2741543125867423
0,0.13446139289764328
0,0.07049859207494773
0,0.037088746156121566
1,0.7117976025127508
0,0.005986170195676826
0,0.20822885584097692
1,0.8754905287558385
0,0.6357494914990721
1,0.678124589053799
0,0.8316546463835256
0,0.29225781547965596
0,0.18194486705101115
0,0.2595020795751744
0,0.9341880171829805
0,0.16923921073439624
0,0.020247213915363715
0,0.058737217062705294
0,0.3250447887477137
1,0.5000238307266807
0,0.055952989672605695
0,0.025817569134556153
0,0.022401876738751467
0,0.08715154293447408
1,0.6883699438554468
0,0.4721378005839821
0,0.7462691826551564
0,0.8231926321829008
0,0.09409885159268414
0,0.5544318872496212
0,0.10047057727794693
0,0.07184366809236571
0,0.37311310986158547
0,0.1603433016680258
0,0.24825932190744734
0,0.034149361921523125
0,0.05148089460548224
0,0.058825092707362026
0,0.7435202988024976
0,0.5804048899486359
0,0.3377351478971491
0,0.05120206851490193
0,0.5594738740812994
0,0.011378399547808936
0,0.3601050987228063
0,0.7638088754680253
0,0.11689527425188402
0,0.0102900487952167
0,0.5335479239546833
0,0.03113845179996284
1,0.5701887411701115
0,0.13591362142800006
0,0.06169115717505144
0,0.906971510001383
0,0.5804354067510037
0,0.4658478751487342
1,0.6006271256666584
0,0.42432311726581357
0,0.04367323768378991
0,0.1203084380628048
0,0.7016086015315003
0,0.5677131828294827
0,0.010764208792175845
0,0.7374601077115798
0,0.00859109366654035
0,0.09081037906393194
0,0.8300173832785884
0,0.12448403441068105
0,0.49725754308703396
0,0.133732180621495
1,0.8585802179672161
0,0.1764980126036749
0,0.2961394977815178
0,0.6248876379191733
0,0.8773148970012412
1,0.766029665455456
0,0.013677032136907564
0,0.19134620082744494
0,0.020032082159455337
0,0.009592948342613998
0,0.820408663883041
0,0.046878165352454086
0,0.4994331337762574
0,0.03698039386469483
0,0.04012638478149557
0,0.1765748220405884
0,0.08318682959366326
0,0.7508285759517973
0,0.5760661532496177
0,0.35529322888771236
0,0.026214755187518386
0,0.10690152486852836
0,0.5631227051406692
0,0.021059512456503796
0,0.8470308314797851
0,0.06637381944814798
0,0.06079752326296764
0,0.3505118716759403
0,0.020841455652163547
0,0.1579905699671809
0,0.6857716183159069
0,0.8246400804597007
0,0.04035576489391196
0,0.2109616842867811
0,0.010595562630427581
0,0.0905091786214362
0,0.4582461837198044
0,0.01867277609342384
0,0.20541368909647956
0,0.7242131465787843
0,0.27218160033459987
0,0.021668639643049905
0,0.03271349892001203
0,0.2455790796191363
1,0.46293528637897785
0,0.7559241763169372
0,0.38727805690191136
0,0.5099168327363104
0,0.03893682660767403
0,0.3519950307791134
0,0.8069321993070662
0,0.431090966244436
1,0.7768011868632144
0,0.010663888825541161
0,0.10197132574617736
0,0.8395796562681337
0,0.5694115185342612
0,0.012092339730863856
0,0.011344802018231922
0,0.2714060888711801
0,0.30145282244691224
0,0.43251798235152067
0,0.029719045215814078
0,0.01986672139374122
0,0.006481007861543838
0,0.07415055219291133
0,0.11845336345897217
0,0.22753111101365212
0,0.03934057766349597
1,0.5926794686825735
0,0.04137940302787177
0,0.29491217385550694
0,0.07340497887197828
0,0.02446172953309882
0,0.04384021169921432
0,0.27263299742776675
0,0.2844309083814377
0,0.03676569910052153
0,0.0900679438579526
0,0.02642201347320491
0,0.5731884841228427
1,0.5373524052988973
0,0.3573832926276394
0,0.04705000809967233
0,0.2579874605092009
0,0.2524241471312761
0,0.3691950115550811
0,0.06129975943074062
0,0.3532106332632215
1,0.5913916727393955
0,0.3410069376889336
0,0.31618480874884175
0,0.08496324258332792
0,0.03747572185387968
0,0.7013311856123131
1,0.6280274784425572
0,0.34475863476521557
0,0.06344308998329815
0,0.46586219693097797
0,0.025799343125475424
0,0.12118074075352017
0,0.03308534614338898
0,0.009641787090293334
0,0.06610167981824858
0,0.022119593119781806
0,0.5025074936480964
0,0.07237894146340569
0,0.23312783168015966
0,0.6158461415839601
0,0.04100425339786389
0,0.024502739101127352
0,0.017693681888700963
0,0.7708023851455351
0,0.03361583055597578
0,0.029757937457556047
0,0.016015805428863408
0,0.021336298888657606
0,0.4936691939422336
0,0.23061406004642965
0,0.04402777452852244
0,0.14211733221324055
0,0.7659814922424517
1,0.6291936905872217
0,0.798239782424417
0,0.8091581394287
0,0.3820845194961478
0,0.6576673590245007
0,0.13648398369325712
0,0.44998592051740965
1,0.7666624256100913
0,0.6570859902664657
0,0.03998823739957483
0,0.835705318716498
0,0.750162658071227
0,0.8593725187423635
0,0.045413248457218225
0,0.0162285833473127
0,0.030934634106085067
0,0.8724716023735735
0,0.014962721043555565
0,0.11982643542802271
0,0.9193395045414204
1,0.9435866760308559
0,0.6291873381240503
0,0.5115579217766119
0,0.36691194412037964
0,0.8461116380699053
0,0.06796592546178988
0,0.11858093714909296
0,0.7407940662029444
1,0.7213537813121026
0,0.15297835560009548
0,0.5182971116507006
0,0.4030273171132792
0,0.4215991433027544
0,0.710886322862155
0,0.6263665860059303
0,0.06187822952578484
0,0.011691010491914598
0,0.20486876336452928
0,0.35093417605389193
0,0.2432874918669599
0,0.05393675107691472
0,0.0788189040088317
0,0.643754412542074
0,0.8587503441402515
0,0.05015658681354315
0,0.020756578340958832
0,0.008470061818637535
0,0.24438047793493972
0,0.15407355511834414
0,0.273682786846922
0,0.7942771984631478
0,0.40179578304034896
0,0.07677926490762181
0,0.11422528449442353
0,0.07604953354790456
0,0.036958375793098734
0,0.4890777365943428
1,0.3458855344432969
0,0.117540414932297
0,0.6535304912295422
0,0.0685446751535295
0,0.6159172716386584
0,0.2407533107069957
0,0.5394851165827453
0,0.10350539118800346
0,0.3487074509760233
0,0.023436230887814945
0,0.0078182337729128
0,0.6234742474474401
0,0.16953633132296886
0,0.1046221222362476
0,0.16573077263814565
0,0.7943881534144247
0,0.37548501386887834
0,0.595458485664498
0,0.4683559594775721
0,0.014904558179448895
0,0.0496676051521848
0,0.4377534491953224
0,0.01900018758931446
0,0.027880666352181782
1,0.8230016082396596
1,0.5997546452775264
0,0.013441618705314977
0,0.0447485523835679
0,0.0964122664883008
0,0.01608270134864304
0,0.7811970651354537
1,0.726509586839775
0,0.26307376426212464
0,0.029884488954874423
0,0.012208399627587928
0,0.11504761382584425
0,0.7886271054111748
1,0.9208471079990961
0,0.1078074774279148
0,0.09902052621581066
0,0.051092016310004124
0,0.45187503682601926
0,0.25222369200279193
0,0.8232491198748919
0,0.5878273620019409
0,0.052150858026709455
0,0.11706880931379957
0,0.8421980982749773
0,0.2835327579833329
0,0.8162456915263373
1,0.7922353644719913
0,0.057302674802044457
0,0.8852779779840556
0,0.026908964312569006
0,0.01282139202243972
0,0.6344038992481225
0,0.06421797026445775
0,0.021671624117438438
0,0.20633583094591862
0,0.033765502797337484
0,0.4584392447660719
0,0.12095904425400893
0,0.19896644210203862
0,0.023897123502067158
0,0.6866375392920856
0,0.2903217788466023
0,0.1505831482002706
0,0.2826771059513269
1,0.5959301206211483
0,0.20766206209403654
0,0.03946745501479812
0,0.08570525147695134
0,0.10468166311888409
0,0.7753578072767919
0,0.03397348592996228
0,0.26812138998545515
1,0.9549851900686871
0,0.5864040525372799
0,0.4062482750607481
0,0.42330836566371743
0,0.018967880053514425
0,0.0369953051548928
1,0.2900258775735669
0,0.0625332320406322
1,0.46977638273186584
0,0.30063852486894466
0,0.14423734729833476
0,0.18860906876331754
0,0.6693120091753569
0,0.01553812725790205
0,0.256689025772311
0,0.29676586403543886
0,0.5282962465028879
0,0.4879068701853787
1,0.8474070567829286
0,0.023571908802726253
0,0.30093364172904835
0,0.3518976224937915
0,0.01052170429688203
0,0.7988067217875295
0,0.40920776303077555
0,0.47977459940661477
0,0.2928775508528837
0,0.49698701074179374
0,0.4109655102114629
0,0.3626507332996739
1,0.11824461447606405
0,0.17242950098577806
0,0.022951215990098663
1,0.6910145046883802
0,0.843907925375631
1,0.6826707739299764
0,0.019834793461522372
0,0.0874276447900608
0,0.7477406689165383
0,0.3650702651497019
0,0.2857540634887485
0,0.010331538631983373
0,0.3292051916807137
0,0.026284785126846393
0,0.050580215652052216
0,0.5912170522946012
0,0.06323898946367082
0,0.6932575409853645
0,0.22182034066638617
0,0.1861515633315512
0,0.4520313103417857
0,0.40384255256761087
0,0.6332549532574168
0,0.04298031306755446
0,0.7770439105283892
0,0.24244646029663136
0,0.05002597598813025
1,0.8698237543164113
0,0.5827338298113859
0,0.08805302219883293
0,0.29620822627147797
0,0.016783135089712475
0,0.0869782720972274
1,0.7933722898594276
0,0.02368813070763476
1,0.9537232380780261
0,0.6564647400476099
0,0.15564635602086874
0,0.21121153700557438
0,0.12810175038905622
0,0.45163049532013455
0,0.01906768799012467
0,0.16806214199545974
0,0.0935589554291459
0,0.06641136209334546
0,0.3007858883179912
0,0.6156041164856
1,0.4328003550622629
0,0.3271704849430634
0,0.4596740876848803
0,0.024585160945338858
0,0.04480794435815574
1,0.7572285988730503
0,0.025414115816532752
0,0.02209817205862827
0,0.07649007790065998
0,0.011674831304037516
0,0.44851063482990156
0,0.012430588490401255
0,0.13210900976966522
0,0.03648486699955403
0,0.7997200313453667
0,0.059877038619053344
0,0.3045721519616909
0,0.020920427436778893
0,0.019168908223922084
0,0.024081636220765174
0,0.28150042186453267
0,0.45139881363076645
0,0.8580331708524833
0,0.3350474954553352
0,0.6461748008534838
0,0.0790753407155679
1,0.8837688608197439
0,0.3183784088159274
0,0.804344231598789
0,0.0072507568054192935
0,0.03777275253073789
0,0.10418704710199485
0,0.08783859937088374
1,0.43558257230206976
0,0.2999871133821083
0,0.804689604308451
0,0.09390479591956473
0,0.5319947937816478
0,0.4496285602082774
0,0.04989191177672958
0,0.8109641027420635
0,0.015933791910752046
0,0.3158326983827894
0,0.054892537493513326
0,0.9286143130076179
0,0.6173646968043484
0,0.045833322385388606
0,0.3930568412202729
1,0.6338785110973785
0,0.044009934244165785
0,0.055649209043648104
0,0.03693683728131806
0,0.07866595427035952
0,0.09358081432534666
0,0.13380516993020916
0,0.007916223410749938
0,0.11354093732656675
0,0.9136460405997224
0,0.6555262586289831
1,0.2497311475183226
0,0.39038265275963246
0,0.1631614008342216
0,0.01782036388958812
0,0.20950704926186783
0,0.5112668807000715
0,0.663089091664312
0,0.20986975562530624
0,0.047604523150103537
0,0.6760222533038248
0,0.02223221687446465
0,0.07253144299819665
0,0.22903196263804187
0,0.6153943921325754
0,0.735910831822237
0,0.49991066284515995
0,0.03118077082584168
0,0.3225020000260766
0,0.5267654464034239
0,0.03615258304361815
0,0.08956224354517155
0,0.013816310801060576
0,0.7201380523518848
0,0.43483359045733894
0,0.037436858563186806
0,0.036355644319589854
0,0.3575251611156557
0,0.6985284613445922
0,0.228718075500007
0,0.04505054902417647
0,0.009257111414202388
0,0.036560389802984615
0,0.8724576591669878
0,0.07491630567256925
1,0.4432206813014348
1,0.8026895567190069
0,0.1969092680418822
0,0.3928802145196465
0,0.7001149845464048
0,0.05789394751237799
0,0.5311835366601607
0,0.7699803041354337
1,0.4368610778423862
0,0.027827256715220784
0,0.3809951555288389
0,0.4774804446139578
1,0.4786735774741457
0,0.6210931149128164
0,0.1604039021975766
1,0.42161405085966586
0,0.012350169251252173
0,0.4096084752352421
0,0.06382749567545325
0,0.1486326425392545
0,0.7827078944977988
0,0.02582238832337559
0,0.0440168368650899
0,0.025817408424741357
0,0.13984178483194074
1,0.900869893536085
0,0.5890438775324137
0,0.036160041534665004
0,0.38399974375827195
0,0.01564923501742549
0,0.04052298208528284
0,0.04962355058049502
0,0.37838406790189894
0,0.04612843046195507
0,0.05724597743518555
0,0.20633189077479538
0,0.04913226194423141
0,0.0750658231877523
0,0.22591463536013798
1,0.6353796457019711
0,0.10732943669282854
0,0.029375470273995338
0,0.5346004496062475
0,0.01360590248796432
1,0.5144899060008791
1,0.47507036708139555
0,0.014887543277748624
0,0.006546719565700312
0,0.03957331550510741
0,0.5027669219988036
0,0.19392981591897532
1,0.7891417434587686
0,0.05345372080424345
0,0.39355120820475653
0,0.47532432138139924
0,0.023316996313115998
0,0.17926232865911593
0,0.17235787518400478
0,0.937042508341008
0,0.07450388286685872
1,0.09406651881786099
1,0.7100093803799707
0,0.8203637016888292
1,0.9805636931674295
0,0.36220187773523227
0,0.027991435909878702
0,0.7001427826001557
0,0.2630908854305886
0,0.5676409636591964
0,0.04421703986103289
0,0.016669320908368417
0,0.41546128738309585
0,0.43184947951599906
0,0.37503033139217673
1,0.020975199085021434
0,0.2529371742967952
0,0.00671002089357773
0,0.805293119753394
0,0.7240450445261618
0,0.7990877076986487
0,0.7061014388109895
0,0.11595763777228454
0,0.11689171570496641
0,0.01522035449546467
0,0.4434489127675694
0,0.6053538458628999
0,0.708294244295695
0,0.05152498584967729
0,0.5306561318919704
0,0.014194593652662653
0,0.008453325984124786
0,0.5020056017116623
0,0.07022636492969088
0,0.01220679112123052
0,0.02823363424776692
0,0.3207349763462929
0,0.0412962274592082
0,0.049283349740645875
0,0.14016184265829995
0,0.03344257798552235
0,0.03617148546820827
0,0.9266798965226302
0,0.1473722483152126
1,0.7507856751840003
0,0.20481033630093104
0,0.7949768864155585
0,0.031022061158060513
0,0.019124385547821306
0,0.23406431267374966
0,0.09615546849930127
0,0.05800401871904677
0,0.03033016983585922
0,0.0280341005648283
1,0.7858035513451532
0,0.7179602120335933
0,0.10079291392403507
0,0.4356950220498547
1,0.6980477278105214
0,0.7460366047196443
0,0.050092596985733776
0,0.026796540870034535
0,0.009846220292400554
0,0.47955190176651924
0,0.07592858021912753
0,0.10785630638948568
0,0.03922668929718779
0,0.3217098731621723
0,0.2538333544456679
0,0.6031223770944538
0,0.018572655155336085
0,0.32943808912636213
0,0.6136778449872883
0,0.5917197906372519
0,0.01644087620365334
0,0.04506639956814117
0,0.024869719231274637
0,0.9054194460144158
0,0.05606282189097549
0,0.5119645699969341
0,0.24167546218469516
0,0.03846534088819904
0,0.09524966324067151
0,0.2688714197488445
1,0.9232816388706696
0,0.041856855893912394
0,0.9306062907420354
0,0.4843235839982148
0,0.0884623348465596
0,0.01890863972798031
0,0.7485436389191168
0,0.33963315752341433
1,0.8226746397525345
0,0.16866028970693042
0,0.05168471498375236
0,0.12473588024558295
0,0.04210308740584996
0,0.49268629069851755
0,0.7273501663608876
0,0.19790245588662517
0,0.1064078839157361
0,0.4031966725349603
0,0.6135989396934488
0,0.7468013254843386
0,0.4460544327574951
0,0.06225199833126622
0,0.37627778460632944
0,0.3848361412942746
0,0.023154184749964217
0,0.5643224626402769
0,0.3807166646050512
0,0.6292625669033839
0,0.03653627600939217
1,0.3293459694927747
0,0.5309538251445831
0,0.010776270520149244
0,0.6632368988722409
0,0.10334136190201174
1,0.9556555537385548
1,0.7546738194369517
0,0.6075911340078567
0,0.2549772990768213
0,0.03640595918873843
0,0.015831865366393184
0,0.07745036590152632
0,0.5694899238215718
1,0.9722415052916128
0,0.19497620576250316
0,0.8644117894278505
0,0.10441928907829556
0,0.15212464659138786
0,0.12309506335193099
0,0.03554220321935187
0,0.22028153113902738
0,0.4142213188352437
0,0.6585060243312505
0,0.022025137109575623
0,0.05749606916695675
0,0.6522656098473116
0,0.5544777905486915
0,0.053257088520101595
0,0.27441088290728943
0,0.03712632325885926
0,0.10801141578479954
0,0.060011352783751575
0,0.008027914872027272
0,0.35667491053353384
0,0.025109544069458502
0,0.5389954612093234
0,0.027434105710678898
0,0.008222775455969845
0,0.7754279379707204
0,0.8252702634453726
1,0.8041754228638243
0,0.1917000107717933
0,0.4839422187453241
0,0.26346898426997906
0,0.061789376742243
0,0.6134242821797059
0,0.03672246869143438
0,0.20351985408439152
0,0.1645651011209186
0,0.36267098001964315
0,0.20041907947981083
0,0.17007564351916946
0,0.042740175751024394
1,0.897986771234601
0,0.5125905336595546
0,0.17951737241728516
1,0.6393600367805528
1,0.8315777923360268
0,0.03432170767623662
0,0.861644954578417
0,0.3806993065721095
0,0.4881022021138891
0,0.39129036584422555
0,0.0703202598092967
0,0.12171484294809735
0,0.08127278764243105
0,0.2631994873037735
0,0.8354419848872974
0,0.06759680659317036
0,0.027482522072751276
0,0.7336852748551015
0,0.8854873817320759
0,0.028821326232973808
0,0.02592928699861766
0,0.007906584404168545
0,0.5351478018437063
0,0.37137407301652425
0,0.6971787119850693
0,0.11712650441488713
0,0.8284113516744721
0,0.03226657271801868
0,0.018805132282893305
0,0.018520612704076032
0,0.7967952180246939
0,0.625330628190031
0,0.7533466545442666
0,0.1111437926119712
0,0.02064029512263406
0,0.0193400693899405
0,0.4483096928685284
0,0.011234731475591076
1,0.7949489186017664
0,0.02448004401948608
0,0.3638271015714992
0,0.5465663797652365
0,0.7515100978376409
0,0.7266018822854441
0,0.04713523363747893
0,0.3576342534925225
0,0.20782465011347762
0,0.01530641970927047
0,0.50484607017922
0,0.8886648910338409
0,0.5234312604221673
0,0.02783299698489883
0,0.016595864130741843
0,0.5817674692526951
0,0.8312953401909938
0,0.2189918726492107
0,0.061171099904094056
0,0.16195028707212963
0,0.019585087559988987
0,0.5981057739669923
0,0.027137610159082056
0,0.08992396949098262
0,0.7467301016062216
1,0.5603650376154866
0,0.4306195303228593
0,0.012364319655776744
0,0.009370984159167291
0,0.037456709722252
0,0.01397752937852668
1,0.5875051940126923
0,0.6379440678220467
0,0.49361444423000383
0,0.07575278182417726
0,0.29319814091859653
0,0.005130495677752836
0,0.48529872567298654
0,0.1391034726116648
0,0.5076892916894625
0,0.032648437850706036
1,0.8075617941577163
0,0.7257241311354811
0,0.054538080991253575
0,0.6425455173670752
1,0.685054503026532
0,0.28936910013440875
1,0.70722763945128
0,0.020113427116221144
0,0.721092475795993
0,0.6544218150788685
0,0.038247609969851666
0,0.16605184058919947
0,0.8472967544092174
0,0.14020911100836053
1,0.8913211695976976
0,0.43927340126779896
0,0.5476619732547199
0,0.547335832529369
0,0.07519884085222056
0,0.5038098170009738
0,0.18620852225526086
0,0.550291913534004
0,0.1409740802089269
0,0.8149241023192523
0,0.6870295820679146
1,0.6817721401237267
0,0.04450892380708018
1,0.2771018103082663
0,0.7361153654735021
0,0.06460773057155868
0,0.5181239744002082
0,0.5769966048244052
0,0.45618242435018624
0,0.34470793385704146
0,0.026813375906249066
0,0.1877204822765686
0,0.027483459146456193
1,0.7043218013777205
0,0.3160616154957333
0,0.3569071769647631
1,0.22928266188471202
0,0.5201119747330092
0,0.6832015944382458
0,0.7618504366779245
0,0.638626057016412
0,0.3382354383656885
0,0.3201009544556165
0,0.023626704832894915
0,0.19042493363416876
0,0.038935092097928725
0,0.4474420938951072
0,0.6813819774424761
0,0.3529207420078928
1,0.6570235172611985
0,0.06581391472926527
0,0.7267664433035635
0,0.029679359172937566
0,0.2018054986835813
0,0.015143771944046714
0,0.5486180794740162
0,0.6276992478147622
0,0.4678673822951702
0,0.4660804268104587
0,0.1407652282017895
0,0.22757717975978856
0,0.8256789859820151
0,0.024578266095818372
1,0.9666542536600943
0,0.21626832359358547
0,0.02211525087063983
0,0.8528048097912289
0,0.08370353578434041
0,0.20354994708805177
0,0.3468861642215132
1,0.6873557030412654
0,0.5390299306933911
0,0.07012486916031249
1,0.7625806328163447
0,0.043672853498822335
0,0.10749775855038761
0,0.007177486816957426
0,0.15694744137168695
0,0.5968077666971119
0,0.04905863582747877
1,0.33551451147060163
0,0.9040939871488217
0,0.2196319305285777
0,0.16388244941541608
0,0.1195152429059266
0,0.04499819469456567
0,0.17662617270305572
0,0.024696958620323155
0,0.01097189532855799
0,0.16722999482209108
0,0.16959331900964578
0,0.30707059872351306
0,0.475014206332661
0,0.6343328806512625
0,0.41994288167323746
0,0.11304987394861984
0,0.021698806069588957
0,0.19078293939250232
0,0.2829200128238111
0,0.045744274267485015
0,0.39502551692312754
0,0.23437476302934918
0,0.20426886820764825
0,0.0658207195959285
0,0.27397642686452756
0,0.3947311490778697
1,0.3689937475582119
0,0.014728077259084864
0,0.16117116318962071
0,0.1738438448038726
0,0.09389164033312596
1,0.7941669327596732
0,0.9347597252504838
0,0.4260259775842826
0,0.8873136623796243
0,0.0324565177452334
0,0.25644050045653705
0,0.03371847709484819
0,0.6601674625056505
0,0.019166745389508483
0,0.912126604017157
1,0.926732730495424
0,0.7379537863992278
0,0.3754962967617093
0,0.01758901679761099
0,0.6940170506483546
0,0.03227197781002656
0,0.05428864871379932
0,0.7787301127492992
0,0.48327577344120376
0,0.20725489785848128
0,0.041194663542521354
0,0.4924091881335451
0,0.019792866481900373
0,0.015341419914995578
0,0.5404352289639547
0,0.04273033750211443
0,0.1847735716848599
1,0.8500017289975198
0,0.5223230376167692
0,0.11344303558796036
0,0.06193794032141137
0,0.3995773938796238
0,0.601148240146694
0,0.007935882724828135
0,0.7314375223335906
0,0.12069465199372632
0,0.029154619438936633
0,0.009482435656070902
0,0.6387318213301783
0,0.07800762569759956
1,0.49347928643669453
1,0.861483577635997
1,0.36851864432996867
0,0.039196871622676044
0,0.21148467922724543
0,0.6341675332878667
0,0.39373507607073427
0,0.6023787380379438
0,0.04275430468508963
0,0.4563522446919509
0,0.570563770828223
0,0.060539396224969844
0,0.79583909252653
1,0.896066635588418
0,0.17688881363804215
0,0.2926847553278733
0,0.024701965523299035
1,0.8252373490603412
0,0.3234359473080438
0,0.48365372883576885
0,0.05050532961542733
0,0.07002274910266042
0,0.03942946619777313
1,0.44507838832276553
0,0.013820443870435567
0,0.49517420281870905
0,0.027777715687549984
0,0.142370264691384
0,0.43924876039046173
0,0.5225236791637665
1,0.8293955067405944
0,0.01901511521979816
0,0.35473434811864074
0,0.47193514009336
1,0.7479149795584188
1,0.7414236250662903
0,0.5923472584250825
0,0.0460661632261679
0,0.45287457387776653
0,0.6391597065773537
0,0.14219114082706788
0,0.6473927447920647
0,0.05957317676702507
0,0.20950704926186783
0,0.23456803549380914
0,0.4743705771283088
1,0.7416205663339506
0,0.6010666508056937
0,0.5106136417639043
0,0.11265341739031473
1,0.8584555085923212
0,0.02330724381879108
0,0.14898598038705005
0,0.02694954406758809
0,0.2464446018623434
1,0.8787742043212641
0,0.10660492207975697
1,0.614655448130832
0,0.6646496257712697
0,0.013262596371331913
0,0.0615220784749384
0,0.6406902248854232
0,0.5904887224706716
0,0.013163156252055726
0,0.33817883654374287
1,0.9667649015593922
1,0.5350576549479065
0,0.08960865248384747
0,0.01836909000867444
0,0.038483006909349186
0,0.01386365132544469
0,0.01959704100768224
0,0.0281550598564737
1,0.9836896309760457
0,0.19948898944127755
0,0.01629670830993718
0,0.24432012437899867
1,0.7451489333694987
0,0.3950484538304859
0,0.8627905269846884
0,0.006127180921541695
0,0.45095604494732083
0,0.4710002458075094
0,0.5174116885536381
0,0.21294727332946595
0,0.10320838763334553
0,0.6885538400939085
0,0.022049734072111554
1,0.7480233441577622
0,0.06304196615902144
0,0.04685047554486588
0,0.019437927118505963
0,0.10595078637342525
0,0.06478160113394948
1,0.8158028184040927
0,0.8413082230073998
0,0.039976009519194854
0,0.4580057186242219
0,0.025756505073904132
1,0.634695474001341
0,0.41100273198821535
0,0.6686579362987036
0,0.7733845938688023
0,0.7541364314810424
0,0.10251234498209391
0,0.3499643570727527
0,0.020628950405674
0,0.030631627188288192
0,0.3248643222048286
0,0.8499422510906396
0,0.49809816318022615
1,0.40025395508751654
0,0.06650570114759566
0,0.4797228104317749
0,0.5027722727360637
1,0.7306598616855718
0,0.24822469475556216
0,0.5563343615364489
0,0.11749173895592273
0,0.4075758477682436
0,0.04863611438378216
0,0.5586355752728923
0,0.011489187098886843
0,0.37282652405205713
0,0.11911666826423642
0,0.06734881392931603
0,0.05322788084854324
0,0.07249338957489948
1,0.898719707700159
0,0.6850715644939148
0,0.38645116170694344
0,0.029205362611608835
0,0.03159532807535207
0,0.008082414062107439
0,0.013029542276334698
0,0.06719377325305695
0,0.01769592594980536
0,0.016704995591356527
0,0.07554567429693917
0,0.1784138062106304
0,0.4433254345730593
0,0.20690767232398205
1,0.937064736699443
0,0.40483681173930414
0,0.0651690743928627
0,0.04292854083754469
0,0.04700049237447882
0,0.01364224235201877
0,0.011401268124762252
0,0.6242757767012556
0,0.06907000012453939
0,0.022371887501894037
0,0.6042492986258758
1,0.8060011779910934
0,0.03376802299265447
0,0.23406645428617112
0,0.5387117820039009
0,0.3790773927195375
0,0.041379931643757965
0,0.0897230707086986
1,0.9171563272936765
0,0.026746714700677614
0,0.2545768762352432
0,0.1535245563991524
0,0.026011095543701707
0,0.7984464066212168
0,0.037302349125491706
0,0.5264631329209721
0,0.013619262831777477
0,0.017247535566510177
0,0.5870160404201699
0,0.6024577676577745
0,0.010658271229279124
0,0.012511930778424843
0,0.3718087813707834
0,0.09599792225433608
0,0.883934663553361
0,0.02891634748483662
0,0.38060025699121963
0,0.012907308878914702
0,0.2957452030992103
0,0.060399758437054696
0,0.4307623957570781
0,0.35029985917803597
0,0.06648311402947366
0,0.057469171980710984
0,0.48220559017077813
1,0.9484259037911951
0,0.21895738482372978
0,0.6070495954681542
0,0.5758461730303559
0,0.1040809764724135
0,0.29608214464262017
0,0.5752799300979334
0,0.02682251858065924
0,0.3338750733685704
1,0.4848289322755963
0,0.11211811028603902
0,0.0810849021797569
0,0.5695548206188162
0,0.8229852203154776
0,0.026304359237504262
0,0.33942575414861836
0,0.02450959423695145
0,0.9231207100738622
0,0.5781542546544454
0,0.3945192528715024
0,0.054247399651782775
1,0.7014839174062308
0,0.3926366473629817
0,0.045249851755411345
0,0.01258260212554575
0,0.015495265001010906
0,0.26444284283606645
0,0.2971442068358766
1,0.9396905835248134
0,0.3083531067051094
0,0.556319256577141
0,0.9527690988199601
0,0.027670867778156763
0,0.11272754098939933
0,0.014317845852600987
0,0.8332887438253286
0,0.7701842370412117
0,0.410636146706166
0,0.01911427609765508
1,0.958246420960598
0,0.4485431274384431
0,0.10698609258671767
0,0.0216479776251034
0,0.0706902130436195
0,0.08167552184943049
0,0.6805790913197245
0,0.1928967253952606
0,0.07451222311945341
0,0.2700338095568362
0,0.20905806063884239
0,0.8581791247990993
0,0.327387081424705
0,0.12387831720028362
0,0.060659994495657815
0,0.035793423201978876
0,0.037415720102295415
0,0.016440988824916774
0,0.8029361470854693
1,0.8534096317861938
0,0.6437157616629295
0,0.4351041137853732
0,0.35025807599002756
0,0.019851429351164854
0,0.04297427710284998
0,0.8692926396246929
0,0.8405547168608025
0,0.19120687007034978
0,0.40526205561151174
0,0.135480916921342
0,0.4911630499607218
0,0.14795595138667622
1,0.607981529816428
0,0.06923450363321867
0,0.037563606931504186
0,0.051402025699632675
0,0.6515716244148951
0,0.029942292247031998
0,0.061695518734499376
0,0.2629474315931514
0,0.8598511575903016
0,0.7346073282079951
0,0.7522678853075312
0,0.6132974052988985
1,0.40781458409982374
0,0.06495213251807731
0,0.6824298759827129
0,0.52811127554574
0,0.732200677000448
0,0.03264028020043407
0,0.016057883537610666
0,0.044973923374949765
0,0.03227131992665274
0,0.050126629159291454
0,0.04281415448510403
0,0.06654260468473465
0,0.2130777630988308
0,0.43073645619449186
0,0.008138117193078108
0,0.18431515936715592
0,0.022581403057561573
1,0.7008859279241744
1,0.7540757794906382
0,0.3968627958641712
0,0.2067063307511536
0,0.06028360998910785
0,0.03836739488043082
0,0.9231718067037517
1,0.8635397583385843
1,0.7030405325339769
0,0.8872750687917388
1,0.906136673109888
0,0.028857959387181407
0,0.028086591197231434
0,0.47973011365521556
1,0.8599810936268861
0,0.01592554295380082
0,0.04327364005085519
0,0.7993648992810577
0,0.8164028853225334
0,0.3637606429329361
0,0.03488786350444156
0,0.010663315866376368
0,0.05050579760970329
0,0.032784440458800655
0,0.02140482209760778
0,0.6695144322620187
0,0.3776658405979121
0,0.07312254438735295
1,0.8103622859588039
0,0.009669820959441884
0,0.013793919495824897
1,0.39190702974074476
0,0.03370546864290975
0,0.14100642070770175
0,0.3764997911910357
0,0.008283022668409247
0,0.09171589138697643
0,0.01744725729889199
0,0.08757283133319359
0,0.04646738718130221
1,0.8257261850206273
0,0.01879679364531665
0,0.29035237915188994
0,0.7647722401245153
0,0.3805193788763329
0,0.30977797156611653
0,0.02547270108859718
0,0.020615103549249853
0,0.4265922919512252
1,0.9559678911856385
0,0.8563510121750669
0,0.32407002868920876
0,0.017799545205107972
0,0.20055079251532754
0,0.4401555088284161
0,0.31993783431549394
0,0.8189097430637331
0,0.04808927310144411
1,0.6158359492376767
0,0.18282706558859754
0,0.03350367502567635
1,0.8218527487131768
0,0.0752703238147776
0,0.031062844974891382
0,0.04191786725245436
0,0.49797671327433485
0,0.18413622452510564
0,0.04196143019874572
0,0.06655047143837924
0,0.13243042894743273
0,0.03878223266139512
0,0.7335191168584407
0,0.019231045371397706
1,0.8504008986468699
0,0.31891289101474024
1,0.8077492329364312
0,0.017534012622556022
0,0.24572771709703176
0,0.5008046193299497
0,0.43260716541100536
0,0.32412111359946394
0,0.04628058229834462
1,0.7998197959153261
0,0.03406235685307309
0,0.652615510269921
1,0.9382797376734457
0,0.3879931443057813
0,0.265228736341022
1,0.4623600756810337
0,0.04134756661645844
0,0.8478037540338079
0,0.030690285793388117
0,0.04668583158553817
0,0.14196227462042352
0,0.08707330989101864
0,0.5160048936850602
0,0.20952745321441352
0,0.062030259827327044
0,0.1021732040462058
1,0.03911301060568816
0,0.5031181998812758
1,0.8835812233435838
0,0.023071879478235635
0,0.38973479828985813
0,0.17917004409121756
0,0.5790559601350256
0,0.03755904076304616
0,0.06399922903532608
0,0.007147849988703482
0,0.04465449020939247
0,0.29507894087224695
0,0.008610714320850105
0,0.6243180446249968
0,0.08626001175833771
0,0.6382907613134082
0,0.29580530923355464
0,0.007856611270188286
0,0.025664647915412855
0,0.04520071871986566
0,0.017445936854376422
0,0.10808077329162236
0,0.46645294309588087
0,0.04818538632361369
0,0.014072495246785659
0,0.6226489648514775
1,0.43117213465816434
1,0.4928574404803942
0,0.7270779984135896
0,0.8697773253334221
0,0.7441854372866828
0,0.7925714085097245
0,0.027644969733352124
0,0.8669126305510493
0,0.03240369034333689
0,0.04246070315489785
0,0.05420304532138531
1,0.9793075096098309
0,0.019740600304676337
0,0.06016259003774638
0,0.7223954400542678
0,0.8994301114619012
0,0.04951360622827178
0,0.1796695459293074
0,0.03617154264898388
0,0.01196472724461309
0,0.026247479405171303
0,0.010531404615812076
0,0.035278194810342695
0,0.8588633433855068
0,0.38686658111848254
1,0.6323205051842403
0,0.023732581781814904
0,0.3683187881501631
0,0.6646836306089108
0,0.011844121230034473
0,0.4634012032743443
0,0.10248281760562047
0,0.7755335689506265
0,0.0244840006083391
0,0.15602806409759354
0,0.6879764185226771
0,0.05501476189787656
0,0.6999135847387553
0,0.14638499975628388
1,0.8387941317862975
0,0.013595508632008911
0,0.08246015253532962
0,0.016274862719739793
1,0.8904071250890019
0,0.28150042186453267
1,0.9729412168681504
0,0.7485754154679611
0,0.06686028229203526
0,0.036034045256309225
0,0.035639902475407756
1,0.6433072519847749
0,0.11524930998288763
0,0.5962441977372209
0,0.008237130374026042
0,0.6631659274201835
0,0.37653528559721144
0,0.25332705220469676
0,0.4064406648704212
1,0.796483951257259
0,0.07087734687295681
0,0.0377815942684998
0,0.022165765639532164
0,0.34395349530123764
0,0.017586003410396164
0,0.29811544121889844
0,0.05375561501850143
0,0.34561044793212414
0,0.5253013990266782
0,0.3564704951358105
0,0.058470844071910916
0,0.6426783849900868
0,0.5436775651096389
0,0.9354953441814028
1,0.9512566597929683
1,0.854315088238145
0,0.07176464912642776
0,0.13222372483419076
0,0.07391101571582284
0,0.04889338869602775
0,0.08568804351058457
0,0.8470920938067966
0,0.022052792334677572
0,0.5050952624557099
0,0.4590498508891579
0,0.3800004292095839
0,0.019873561525920763
0,0.2989492269456274
0,0.665470335702807
0,0.023203101574627783
0,0.02971368829536597
0,0.01175512146830525
0,0.10955738612323848
0,0.04133436897016259
0,0.07549311101771787
1,0.895678409615791
1,0.4502857663056288
0,0.7716033940073188
0,0.930496235276308
0,0.05499684413025187
0,0.018533454156057293
0,0.602776370667119
0,0.27263502413374857
0,0.020687541017862257
1,0.5274488822887211
1,0.889311685498758
0,0.036457380221388204
0,0.0952880967228684
1,0.11343559046185411
0,0.7934176489658373
0,0.09502182140254417
1,0.9708401798283915
0,0.22729438559346138
0,0.02437192163353409
0,0.04653518783024262
0,0.22315340939464534
0,0.04603740996738505
0,0.042865139071353496
0,0.7930084631483036
0,0.010658271229279124
0,0.8195298461620444
0,0.05778641472454399
0,0.05614350107852709
0,0.4836954811183448
0,0.6718666689785074
0,0.5590412002232188
0,0.8299441005255792
0,0.02318232325656629
0,0.13713112402621866
0,0.012109470739179383
0,0.38297262940591087
0,0.5338806794236398
0,0.029610350968304864
0,0.04178626617659704
1,0.9253999063038901
0,0.24416592440645085
0,0.8233067458565365
0,0.11152648012383128
0,0.6958569313208852
0,0.038793974416474745
0,0.20754530692724293
0,0.553445815293997
0,0.028064092536274017
1,0.7342588584708475
0,0.8217312870978244
0,0.47882242473841635
1,0.6529996207230777
0,0.246743470855086
0,0.09175603452735044
0,0.15576409427019358
0,0.19450419058584292
0,0.01992257243644843
0,0.008721405896885004
0,0.7351687390066438
0,0.6124015919096942
0,0.04659619119190932
0,0.3549066267774611
0,0.07853754565081912
0,0.31389544303308653
0,0.07043015834668584
0,0.7147207308104967
0,0.5678363616190034
0,0.6199270641274366
0,0.630510265819444
0,0.20463968111727004
0,0.022081930767384055
0,0.015425999644855009
0,0.06321156059090086
0,0.25300306841296394
0,0.7616419437458845
0,0.15718050151445181
1,0.6276421163296775
0,0.3437988380637976
0,0.07996358723440275
0,0.019408400833963047
0,0.393993296735379
0,0.056224458876333316
0,0.42021171409567304
0,0.020271568741780523
0,0.023630590639575743
0,0.01698997787097702
0,0.31936793534300967
1,0.8106927361262809
0,0.22757989344932258
0,0.04347507203768712
0,0.9336820531485409
1,0.7060076169295242
1,0.4089865742906886
0,0.18867001694095395
1,0.02191372038558203
0,0.06202912846784154
0,0.5404904636181205
0,0.9676135832588514
0,0.6919775277011232
0,0.02568306948368604
0,0.007207170036484446
0,0.020176029876135294
0,0.08723075819080024
0,0.30004886426719385
0,0.3054046660781307
0,0.06122796120310483
0,0.028668624497683454
0,0.02696778870852304
0,0.6430260074701842
0,0.05698522020513461
0,0.2709634785345508
0,0.6804388177659487
0,0.3062466954604948
0,0.16090360345318572
0,0.2729562264887687
0,0.831873189266471
0,0.01562583667498929
0,0.8692820023994678
0,0.6360224170006215
0,0.7016619835265522
0,0.039290359531806415
0,0.5988337395550218
0,0.6528863408823402
0,0.8459062587313262
0,0.036945868127132624
0,0.0237291539828938
0,0.5617387698311712
1,0.9421197774253451
0,0.017745860502112645
0,0.02445539639500117
0,0.9662367039967552
0,0.02506384714069647
0,0.026764250791446745
0,0.05386285795607865
0,0.5306561318919704
0,0.731439625730401
0,0.5828344027025801
0,0.8807792613245754
0,0.8051615593895036
0,0.02069567837593691
0,0.5312674877709801
0,0.07224163159784637
0,0.2827492317318999
0,0.5037331102573708
0,0.7505447910210953
0,0.6970463007381011
1,0.7397792053840573
0,0.36513149186538124
0,0.013151268361868473
0,0.006502677780859978
0,0.3451173649631257
0,0.5233909558615853
0,0.05853128355094221
0,0.6425286228017751
0,0.010816128999931209
0,0.156078576041825
0,0.36785897451301136
0,0.07786793652647499
0,0.6739932604807067
0,0.021242611159717917
0,0.6499851106731318
0,0.7665377377231861
0,0.015877203470937577
0,0.7567496897459086
0,0.06092348212769198
0,0.471774764023978
0,0.19243938917260375
1,0.8176935633240726
0,0.8229429743556737
0,0.6032746796389357
0,0.5399592630864264
0,0.033398150810447974
0,0.012627389540070123
0,0.06840509695578416
0,0.7862799143386576
0,0.5420220608419954
0,0.672945349050004
0,0.015297683351720484
0,0.7727502958724926
0,0.3749046698384823
0,0.046613588937859
0,0.4770367074045074
0,0.7244479811639023
0,0.141625402282264
0,0.12084212321112382
0,0.030018780594681386
1,0.8746138787986549
0,0.3600347626730989
0,0.5272913598291163
0,0.03875549940806509
1,0.6191391566176838
0,0.015698604504827563
0,0.3841662929073342
0,0.061276345362400016
0,0.07447266915398494
0,0.831190042384948
0,0.030840467826393738
0,0.027692553963097628
0,0.3150144670860582
0,0.4964526983289162
0,0.03263029437726819
0,0.3417979377522354
0,0.5913108082808736
0,0.044522196459019704
0,0.06240463859800508
0,0.3020748989050968
0,0.07761518103237317
0,0.9303418579464479
0,0.0282949020805325
0,0.04512525704422027
0,0.05865504641748659
0,0.8534108011580851
0,0.03104097565872022
0,0.9136585974986602
0,0.019261511724072852
0,0.4932197623875006
1,0.9305422817882645
0,0.08684325188014758
1,0.7639229980529499
0,0.017045784379980437
0,0.0362065054447893
0,0.08050215340584069
0,0.3357598304224538
0,0.01573063129554504
0,0.03699890414654317
0,0.4791581603925586
1,0.9075437743681434
0,0.6329537676000654
0,0.36220187773523227
0,0.021198030567996767
0,0.00848378529315041
0,0.8945105020192018
0,0.03540935362010162
0,0.8289100969952169
0,0.669303305521165
0,0.03515203907325091
0,0.40942742495002865
0,0.3654977215997851
0,0.7311323159420211
0,0.6511127360706022
0,0.4726282540901043
1,0.2751076108227331
1,0.8071002102058622
1,0.6812017463380847
0,0.1789627476182915
0,0.5022077570094454
0,0.31205850181616474
0,0.04782663039279858
0,0.5305381296915974
0,0.22423333551605618
0,0.04304910976947219
0,0.16643922334569264
0,0.031574363694759085
0,0.3322762418955071
0,0.012818513906041006
1,0.7683432258015469
0,0.6623912464609527
0,0.016167112169088553
0,0.8794779611665797
0,0.041639425972195665
0,0.298286693109339
0,0.23629319783547242
0,0.03783558865648086
0,0.30585061367598654
0,0.39411238647855296
1,0.03549835607711319
0,0.8828626977178352
1,0.35528703434520503
0,0.016248330287933287
0,0.19250564772937728
0,0.14564922638332226
0,0.5749547319352898
1,0.8643529828720528
0,0.24999853493529514
0,0.7671130424052343
0,0.023539874979663603
0,0.19378618534515263
0,0.051210422154825797
0,0.027607853110069063
0,0.25160171415683374
0,0.09684566354721284
0,0.02627653940825576
0,0.45128488610523576
1,0.749836437293095
0,0.6927282966937715
0,0.37436038508119535
0,0.37264603517263756
1,0.3049944247650473
0,0.2731665641444454
0,0.16708576805629954
0,0.08868405068029271
0,0.5102117332769615
0,0.36133483545584544
0,0.6159783366877558
0,0.02305514117420794
0,0.008492389877149023
0,0.7183021977917571
0,0.0290357439934372
0,0.8601742076657617
0,0.04631388215686349
1,0.6766936177133275
0,0.5688282122163425
0,0.4490952771497722
0,0.8015100562911532
0,0.6898557108733188
0,0.9372960143064233
0,0.5790287095429453
0,0.02082266680132608
0,0.09716053425411982
0,0.34993648834085006
0,0.13903133948201613
0,0.03290720499799832
0,0.1562164113860332
0,0.031483702364414036
0,0.1736853576829886
0,0.6142229774064448
0,0.4215317632139994
0,0.17504970200667733
1,0.9295438750348566
0,0.04092192566018844
0,0.018697508445226774
0,0.26057104060392416
0,0.06815246689942017
0,0.35858645976305487
0,0.05812378631080154
0,0.4164031401182807
0,0.6547040937853095
0,0.31613962743588087
0,0.12469907153675137
0,0.5210796662671869
1,0.6357331510998743
0,0.6922575237977145
0,0.13430336542290666
0,0.8453618531432265
0,0.18719038068008434
0,0.24307391495020586
0,0.5199951071997652
1,0.5377466586186505
0,0.02233656244743493
0,0.16545889396344104
1,0.16204944383985656
0,0.15953232803877032
0,0.9195909530862241
0,0.18872967969829824
0,0.22949322609882758
0,0.02431030729485036
0,0.27173377751387
0,0.8730290730350608
0,0.8095739995710111
0,0.7049104701763338
0,0.4811542501250702
0,0.6056312230587861
0,0.7403874366408963
0,0.8400442132142759
0,0.01238894448658633
0,0.7840579484506375
0,0.008241287345415073
0,0.26083480387424884
0,0.23493843499159792
1,0.9442637666988642
0,0.016761221679124503
0,0.6809809238157595
0,0.13781496798944404
0,0.39995292396338844
0,0.01599734562878305
0,0.027612942013778688
0,0.9065192336267558
0,0.03463996637873653
0,0.09254477487158547
0,0.04046248541240822
0,0.40029526172275287
0,0.5538660541958338
0,0.022691353917703397
0,0.22127969416736934
1,0.6302610097511021
0,0.31315591496792033
1,0.862449642892422
0,0.4435769567367834
0,0.07448829437642202
0,0.2877710546895191
1,0.06584322150398872
0,0.08589032618011024
1,0.8187060537549221
0,0.16995225456468388
0,0.48016576739753314
0,0.3725519616338069
0,0.058798173436558104
0,0.9290240098940786
0,0.11845014748191357
0,0.41035340124222985
0,0.5224256542281065
0,0.5285246485267211
0,0.2609833617402605
0,0.6644496466503182
0,0.15744958932042463
0,0.02251618472824554
0,0.012896019482042975
0,0.7437300343891164
0,0.5227630783800489
0,0.09466154780605278
0,0.09076609991603045
0,0.8018980404740521
0,0.03147433593851884
0,0.2410350480321238
0,0.09450703064038228
0,0.06406708285478142
0,0.18330020035999595
0,0.14570932208806625
0,0.12102790152782049
0,0.2088120752506458
0,0.04747122630391263
0,0.23916556037927367
0,0.09401010262854319
0,0.01634954534140907
0,0.07748660458950347
0,0.014563153357706514
0,0.03749762434932356
0,0.05559295834995064
0,0.35597596926659997
0,0.009720880958551066
1,0.63268896086601
1,0.8885850804135035
0,0.8147054839291182
0,0.018443168471764592
0,0.128323673227586
0,0.060191848502802056
0,0.045612068149983434
0,0.02882925181880851
0,0.5222465480297154
0,0.2622065902937336
0,0.21170731058115483
0,0.8075158287759373
0,0.6080658367419307
0,0.8299936495870885
0,0.3546755853965291
0,0.031238683773787374
0,0.3825965006367295
1,0.7401131549412893
0,0.015345962397157232
0,0.022970917267432483
0,0.16335271200230886
0,0.7045607672701856
0,0.03410747966597594
0,0.9206042700191537
0,0.45736067051548834
0,0.025010531729857316
0,0.27963022854263825
0,0.7489074228533532
0,0.15802109737254963
0,0.06557770260228706
0,0.040672718866991205
0,0.09756494963389013
0,0.5850553941310269
0,0.04038600523717506
0,0.3516550291731528
0,0.7000965665395833
0,0.04022247213754944
0,0.8633079087239345
0,0.03109862505398013
0,0.020936141578501034
0,0.008566043998670378
1,0.7256721203502761
0,0.6171428151439035
0,0.48938230419249196
0,0.15284303022737125
0,0.16810883207435026
0,0.9292795023732358
0,0.5611437831271073
0,0.2219467565519075
0,0.0605193358496429
0,0.03242123590991209
0,0.27039740952349794
0,0.5528535422374089
0,0.13327959007244566
0,0.3332505295540675
0,0.03310161753625859
0,0.27012844530938745
0,0.04038329684269028
1,0.7653253571579353
0,0.04425352893291653
0,0.3810232509840419
0,0.017610969778829616
0,0.2257178043415482
0,0.5706577900723564
0,0.5439947112251451
0,0.06088518865430246
0,0.22519124523195702
0,0.07493323034300436
0,0.2730042140879992
0,0.31904914711385884
1,0.7897951837556695
0,0.41273359953887623
0,0.04342577316772189
0,0.08799768282822588
1,0.4127483301000984
0,0.04305044939529272
0,0.01800709582027802
0,0.028942867288269142
0,0.22423265506684573
0,0.4979642033192513
0,0.6976082915199816
1,0.9099298680462401
1,0.685627467500674
0,0.608605393960742
0,0.7638658625670108
0,0.5545692188992374
0,0.042991728871206544
0,0.020702993409366197
1,0.11171805218058217
1,0.4842195995205857
0,0.019225593048542572
0,0.18218029995114138
0,0.49302438880372607
0,0.02731638593267121
0,0.03496350765755569
0,0.03621619468070006
0,0.4520423301903637
0,0.1486326425392545
0,0.32555909075372325
0,0.01666789162551597
0,0.26909760639439173
0,0.055746781710437315
0,0.38254378995028415
0,0.687077099722198
1,0.7895019612696682
0,0.011596861179969052
1,0.7419422658533718
0,0.03796210726557774
0,0.009633476088180078
0,0.004148169758798733
0,0.023131555807466852
0,0.8083989368222234
0,0.028949937522049277
0,0.03763831933110258
0,0.23033866901469713
0,0.1244818477287562
0,0.06789301627658563
0,0.624492021906886
1,0.5242297436577006
0,0.6434336910339342
0,0.020036500853282995
0,0.8838574394874876
0,0.3740297268823332
0,0.07267621320706752
0,0.006006295064722464
0,0.03507134264979748
0,0.38917080542796484
1,0.8435105611030638
0,0.02086255000446064
0,0.7181410162939893
1,0.7946472824714074
0,0.29486801820154374
0,0.23654316272183687
0,0.163846389884334
0,0.06560660501746025
0,0.8564608461137667
0,0.46919207862408974
0,0.9148189874436318
0,0.8522904749194781
0,0.741108140582095
0,0.029619066831709336
0,0.021176731792710877
0,0.01628232756193679
0,0.09315782643556252
0,0.043565443602578455
1,0.33879958135861293
0,0.6746483859567511
0,0.11481512272384707
0,0.05512351490865028
1,0.7798922278700549
0,0.10616342459227193
0,0.04115707963250915
0,0.02839205399289985
0,0.4269579387671619
0,0.012421623293770806
0,0.06728323386605904
0,0.027576957795038923
0,0.8437148460392693
1,0.7687902394087761
0,0.09914903867154183
0,0.16805574175831497
0,0.15717024136465688
0,0.012893316888402168
0,0.10213283403186818
0,0.04663194088210262
0,0.10697479234392841
0,0.268027300952311
0,0.8573128976858128
0,0.029111010521395364
0,0.050922251751221496
0,0.23710445252999637
0,0.24994302382392908
0,0.08898560148102179
0,0.3504403890305721
0,0.057173589914215915
0,0.012560129176190872
0,0.010889817919566877
0,0.01919325098086527
0,0.02788699299340128
0,0.013774566671099855
0,0.05758317231246394
0,0.8354137795411825
0,0.31873988254196545
0,0.552230153282889
0,0.01631086439686459
0,0.0780732745553343
0,0.04096374514367445
0,0.18161668043072424
0,0.3695985759482192
0,0.44164024666193463
0,0.0771849960074175
0,0.025620456701116786
0,0.26386539291048294
0,0.18741159584380435
0,0.38768731821845787
0,0.5265497649312321
0,0.8938792134651844
0,0.08085622446263181
0,0.5735747790690977
1,0.14431676116865225
0,0.7932053935223993
0,0.0621402303159386
0,0.02227011946781554
0,0.21631768182001607
1,0.48822638389465145
0,0.01744725729889199
0,0.05937524319376357
0,0.8970650928416205
0,0.01793768233842631
0,0.5600173031344108
0,0.11866811992784992
0,0.03972304829603848
0,0.17712488783543853
0,0.013727654170468409
0,0.15324742206385406
0,0.5523869061578383
0,0.05401214474617447
0,0.8301799443061219
0,0.011960005921252582
0,0.37093285827734696
0,0.34647195003571546
0,0.0660538590296577
1,0.7805763603109122
0,0.016440860706033206
0,0.6686380696223364
0,0.7498517467665463
0,0.5591661759510979
0,0.23141196227954966
0,0.4256729718648953
1,0.8106955370007602
0,0.05860540902143134
0,0.02632274076401737
0,0.6824108851618059
0,0.8190506750100177
1,0.8804209816485875
0,0.020598743075305407
0,0.6810377385768073
0,0.032675123510785734
0,0.060445649104933365
0,0.017089939686050534
0,0.026851521399438028
0,0.044397836943619436
0,0.616121228554276
1,0.6385476908734662
0,0.6080517012564873
0,0.3413383664237384
0,0.1671672236721631
0,0.3046418818640019
0,0.05125854406871738
0,0.1502257745269805
1,0.6517535277462311
0,0.19991303039251257
0,0.11131043480562106
0,0.13839578701177024
0,0.6432091787107133
0,0.856354743862165
0,0.5515473129848525
0,0.15393508278531692
0,0.031602243412716585
0,0.6819093020715948
0,0.07362974442850315
0,0.6563383181886411
0,0.23536821042870473
1,0.875358547858268
0,0.7698513699225792
0,0.12265246479579583
0,0.4183257145127543
0,0.021230558012932253
0,0.01364124198636998
0,0.02533770590593792
0,0.0092762428928095
0,0.67129002133514
0,0.1468939531217693
0,0.1533007773120483
0,0.04000656109527459
0,0.028957102630748223
0,0.12175227151361705
0,0.09633322189341523
0,0.8388554446387365
0,0.06155786607121261
0,0.9158984711302608
0,0.2432280231555516
0,0.07392803172540853
0,0.02417350538288691
0,0.12123435268315652
0,0.016352192117764994
0,0.07177762763374185
0,0.013992646566779248
0,0.04722009723641873
0,0.06328723576755843
0,0.02992783039005931
0,0.019124385547821306
0,0.9394344284104543
1,0.9337126139314342
0,0.03056551283425418
0,0.19840256715867916
0,0.024762288755019186
0,0.05811132839061776
0,0.17475533415750602
0,0.08973672361246925
1,0.915370239052105
0,0.6204297990170496
0,0.04747768047597449
0,0.007960683273590273
0,0.573841221789021
0,0.6830267924461539
0,0.4330684347842784
0,0.23551325170251222
0,0.031068100790498265
0,0.46772399067101667
0,0.5837751102490171
0,0.24446398498706906
0,0.5214395025198719
0,0.8608570728307168
0,0.10982656068630611
0,0.7876507943047644
0,0.9304632585155208
0,0.5774616068681074
0,0.1351589597262308
1,0.5981832020576796
0,0.3628812620965493
0,0.05689006454822997
0,0.7414435244326764
0,0.023806456975275177
1,0.9060811078738089
0,0.054354083677291304
0,0.08132486294589776
0,0.5873293204675372
1,0.7689675222136473
0,0.27711501661549637
0,0.5875297433192093
0,0.023025654140178695
0,0.6046327005958119
0,0.1473977943329465
0,0.031309182873897105
0,0.05712319080770244
0,0.5192413012634851
0,0.7706356163293687
0,0.1552145942219018
0,0.6127809163877219
0,0.4778602270711917
0,0.6058323010871696
0,0.02416557803992641
0,0.0305405391487076
0,0.24300355833078804
0,0.4943517657450253
0,0.0331089120894627
0,0.639964293749497
0,0.8208927184833367
0,0.5215545433677982
0,0.29425864802003493
1,0.7660441056467967
0,0.011338984086070305
1,0.5860740934542042
1,0.7485619280903668
0,0.3133059857083853
0,0.016708054903607685
1,0.9450018937289192
0,0.43979929567032755
0,0.9170158886792299
0,0.03003004739068719
0,0.0970113949681123
0,0.21415681209605555
0,0.046013616583286954
0,0.0252316743251026
0,0.5958832001976696
0,0.1649676726304977
1,0.9834941144202188
0,0.051594924483417716
1,0.9228066287868634
0,0.7515532741900001
0,0.13499102094303056
0,0.3353795547811911
0,0.6485767597458607
0,0.029777675650486713
0,0.5759720613936532
0,0.03981654593875846
0,0.02241240255142491
0,0.04886261090024828
1,0.9306762696075568
0,0.021257084057940544
0,0.06976977104302033
0,0.01247413589586252
0,0.3092606917128296
0,0.9000380780971782
0,0.8733678017006132
0,0.2133123776296762
0,0.6500187290265047
0,0.011512880339823228
0,0.2339305465217543
0,0.01728863617564974
0,0.6936704369590672
0,0.015715435551721176
0,0.08136559287236043
0,0.02021828785257475
0,0.6793897091434017
0,0.07200039266872937
0,0.023664562065626858
1,0.751381769792486
0,0.18861277003632132
0,0.013182879636259366
0,0.3564704951358105
0,0.7332666981405348
1,0.9289982371597282
0,0.024994192373453072
0,0.02879043343116624
0,0.02168324918682006
0,0.04564387222222976
0,0.026927065664885712
0,0.031068493074972725
0,0.048796165220499
0,0.0409143972382283
0,0.8741224412358194
0,0.056406943585641835
0,0.44068091579660373
0,0.8406065280258631
0,0.05404823386366718
0,0.022302342081812716
0,0.159033839204428
0,0.799613504372467
0,0.23446579642252285
0,0.43883057863535047
0,0.07227397366930405
0,0.5777945962528344
0,0.023910937146374853
0,0.46623710825525494
0,0.016592156820858284
0,0.18699754411303574
0,0.6424071809376002
0,0.25244077148081884
0,0.45512442767400824
1,0.42190025431888795
1,0.9239805273702711
0,0.031368208531111504
0,0.08292136427997514
0,0.5336467439265886
0,0.052194638551258464
0,0.03584945243028039
0,0.5577101427228498
0,0.14504855884145323
0,0.05212704282607972
0,0.6625928816518977
0,0.5360986873011757
0,0.18045801364210098
0,0.4791548401952685
0,0.07738138828776953
0,0.37929880911495467
0,0.7204702838902135
0,0.7012873004635003
0,0.026675985586532915
1,0.7879096986404183
0,0.021221865189249723
0,0.027889385508267087
0,0.05062332495590799
0,0.1145194563314365
0,0.3940883329886024
0,0.02485484474882042
0,0.8587202445992135
0,0.0248496878356209
0,0.05792736638852177
0,0.3219905972242754
1,0.5344603875231333
1,0.8833141674049775
1,0.876432322276208
0,0.7068145070991727
0,0.06291090784197237
0,0.6123797778322424
0,0.3797462738919891
0,0.6376394284079068
0,0.42653551041036175
1,0.458775553673161
0,0.0697265221896384
0,0.6434487861423603
0,0.0700395401368993
0,0.025499686743589354
0,0.255494238016028
0,0.06329879798473191
0,0.017985411651043115
0,0.5579682518636084
0,0.22565472832909442
0,0.08674879728162235
0,0.05260475238021556
0,0.5811937214103555
0,0.28000727855150326
0,0.7940010027571844
0,0.6948007464278414
1,0.3235885632292125
1,0.6475292397749003
0,0.07109675886919899
0,0.01728694623260552
0,0.8201595134665159
1,0.7652493158993097
0,0.022438689635917244
0,0.6491807588676956
0,0.5061560742484511
0,0.33997961951832667
0,0.054980282311353434
0,0.14472673629082758
0,0.6598067569685272
1,0.9559213397504057
0,0.5802009871778756
0,0.1575866970600503
0,0.43648167279879824
0,0.6957604485705373
0,0.015875911253926376
0,0.23236211930226544
1,0.7823287327113516
0,0.7854909679455034
0,0.7561027642494662
0,0.6879559176723413
1,0.370188009476786
0,0.015014035476303993
0,0.12195811257414937
0,0.07365088873696109
0,0.6985199523501346
0,0.0053708692270229026
0,0.6192833048046482
0,0.7345815858703245
0,0.027918563449797106
0,0.0785296556284372
0,0.12727707193144935
0,0.007661673678168981
0,0.45547120145548187
0,0.02157295222992862
0,0.8123495601912933
0,0.6837761875369534
0,0.09294517338896166
0,0.038796772885051185
0,0.3280372066790207
0,0.0191992130345321
0,0.20063245063944732
0,0.7097668242350409
0,0.426305925500788
0,0.31749534864591694
0,0.4592137474113727
0,0.0250379864054472
0,0.034791173897752416
0,0.5894646321688092
0,0.7952399954292891
0,0.7349506843314937
0,0.07209318043562213
0,0.9200425436742773
1,0.8875797005105288
0,0.021911781191812037
0,0.021257961500625745
1,0.3033704343617577
0,0.305681362876175
0,0.2202530412951598
0,0.12070034243660789
0,0.25936476884812193
0,0.87027383727318
0,0.05679372248321473
0,0.06571932995966219
0,0.5804368234969167
0,0.028332577147949446
0,0.34983160019137954
0,0.0529880829435775
0,0.017301096958108806
0,0.7669074648124965
0,0.13264532750582203
0,0.007114286580459262
0,0.7619791559614524
0,0.05935338854456216
0,0.48696038921100254
0,0.025136098742375285
0,0.2875168293998314
0,0.27080156705131625
0,0.20985259419626845
0,0.6937825895245
0,0.1545106960867526
0,0.05866839769398736
0,0.043665399530934644
0,0.06955311155109305
0,0.5528982077490846
0,0.6157905016186895
0,0.12272932352919254
0,0.037530766463244686
0,0.0629521174426501
0,0.40423966331555156
0,0.47503346824727244
0,0.9032129617680341
0,0.015178977930419738
0,0.03695351415307021
0,0.042604591065077045
0,0.771585948786176
1,0.24538032580314564
0,0.049293962681872826
0,0.03378023565856669
0,0.11342377546090204
0,0.0976642650955942
0,0.03248352691004835
0,0.03314643302259118
0,0.6152409862493996
0,0.5626337296572282
0,0.7542364888910554
1,0.2607675828526946
0,0.5636647865167801
0,0.703108093696345
0,0.4641485264820344
1,0.025799748061178903
0,0.03332033778994351
1,0.4861140946076101
0,0.022068125638810932
0,0.01351134223269863
0,0.04082431110785796
0,0.7001045991694301
0,0.04107135240705511
0,0.12140541922225391
0,0.40056728872405994
0,0.3340409341883424
0,0.05737683038506027
1,0.4288947955290136
0,0.2549031747142063
0,0.010924018613653764
0,0.23025606640355833
1,0.867592157874632
0,0.735001812154329
0,0.711670920436651
1,0.6272583246106295
0,0.03241587062967802
0,0.05247784298659374
0,0.5371824923900407
0,0.036920188059454066
0,0.6936849984423047
0,0.038500129472591814
0,0.3514432317185066
0,0.15927140795568537
0,0.1132995553742485
0,0.3330508445634484
1,0.9505174836769087
0,0.05470338440894332
0,0.41035566057434186
0,0.03721454757043167
0,0.011089113061271607
0,0.013113304006568885
1,0.8676447433436456
0,0.012233515860247075
0,0.14019822203841692
0,0.03226386185536719
0,0.47826903607012283
0,0.3311594269263844
0,0.4282308362095841
0,0.1232517084964213
0,0.008480699453047254
0,0.8750464087041692
0,0.07546047526598307
1,0.7629451850464525
0,0.025110394015017967
0,0.05073173480037992
0,0.443717860650027
0,0.2531820005618241
1,0.49246159170576453
0,0.22651680874372987
0,0.0963827048346917
0,0.7754274231193335
0,0.6751296882014164
0,0.02864073931140669
0,0.07226818383440661
0,0.3775446587524638
0,0.5854513310389792
0,0.8449179770602324
0,0.014285528289241607
1,0.6124023754275021
0,0.04780576522279734
0,0.018946368282581658
0,0.49577434510977036
0,0.8866841779844338
0,0.10722323038206671
0,0.5744707077338249
0,0.02719933813014092
0,0.05019544509769492
0,0.05961563495790332
0,0.035401194012602444
0,0.03622608221382524
0,0.7621065186548318
0,0.2822483570487415
0,0.6793989486951876
0,0.33149067972459273
0,0.27402456719873114
0,0.24885668174965
0,0.0569439576319292
0,0.08249937606983877
0,0.7297886999342742
0,0.9355096338436719
0,0.8722118974010251
0,0.6436204462207118
0,0.8660976961034627
0,0.8062004988612752
0,0.3380320246878
0,0.7772375742025689
0,0.4840151721809607
0,0.5361656926693055
0,0.048391118949934996
0,0.07657856619163443
0,0.34844511526211674
1,0.8270677098828727
0,0.5024838208543304
0,0.23468014534108134
0,0.7204301566603484
0,0.3620397016861239
1,0.545814958299926
0,0.01027439479933712
0,0.30505779149620366
0,0.5718723692497508
0,0.07010887930527242
1,0.5646098663758092
0,0.3396955462017249
1,0.9320880373733813
0,0.35400812952868704
0,0.03126210969659017
0,0.016913353620028052
0,0.024900137406377535
0,0.3746261745361945
0,0.1784444443733659
0,0.045381586194485686
0,0.010381569596413714
0,0.014116569779408818
0,0.02874781855565831
0,0.09512350051166261
0,0.8669814408658084
0,0.17036103484319998
1,0.3444235663661338
0,0.14601713735922942
0,0.01928288388177767
0,0.8052036333023627
0,0.09997343757130928
0,0.034805474067390034
0,0.6679604785907103
1,0.9048926759972262
0,0.3971647601242315
0,0.021742218908017537
0,0.03363258224239435
0,0.5136659959542836
1,0.49905790584847354
1,0.8799536474031775
0,0.11220779894759607
0,0.015883157674589345
0,0.14236620815038353
0,0.8632998007852697
0,0.4556064117963685
1,0.8660805154453767
0,0.05382898639558372
0,0.5136568490834779
1,0.5514613663947795
0,0.7758808999828799
0,0.4351324680346623
0,0.20195696095542226
0,0.6828780563091746
0,0.6113989577741772
0,0.8239039459240383
0,0.010860059271826055
0,0.01814635813222458
0,0.582061548115925
0,0.34006739996763385
0,0.5370353747767272
0,0.03761132675311835
0,0.01798460576616577
0,0.8892470845123985
1,0.4472799824444301
0,0.6306596188639477
0,0.34932159633860244
0,0.024936317521160496
0,0.549693979486781
1,0.3582353801242668
0,0.8067643662926175
0,0.4052604938119435
0,0.940148169246904
0,0.8423742363099764
0,0.03767647575865078
0,0.06758698516272028
0,0.02209242421815125
0,0.7524022418574733
1,0.3669442830060549
0,0.21619992719377587
0,0.0864170240378525
0,0.008236868365803892
1,0.6966973689418011
0,0.00841474771314413
0,0.059172059309812126
0,0.02462318658403116
1,0.5519751834417636
0,0.3662446170404659
0,0.11189251118960926
0,0.1665525462494683
0,0.008409878252057572
0,0.02938428526865919
1,0.8679345257876638
1,0.7374487098527303
0,0.38055945481215175
1,0.34932159633860244
0,0.2015044996887905
1,0.0976022488367733
0,0.04457020460646894
0,0.014425952080108485
0,0.4277785777210252
0,0.2911867583980129
0,0.8870848195911636
1,0.7507146218845212
0,0.19315948323826906
0,0.78402609928392
0,0.311727383609192
0,0.4630409117380686
1,0.42615734265846944
0,0.45893165598948327
0,0.15083157354487114
0,0.6911493155250586
0,0.0269454606591787
0,0.1223940463152709
0,0.01111639130488315
0,0.48251445086945
0,0.6464451708772395
0,0.0657431865447647
0,0.053192272554172804
0,0.11100984104756906
0,0.27991192789105585
0,0.05107715258148907
0,0.47323404361251487
1,0.7062032864947623
0,0.473768476244485
0,0.17210621287946537
0,0.3055849975807167
1,0.9467434601142594
0,0.030448239532554718
0,0.5404885036659844
0,0.7964051051908156
0,0.04053119821079065
0,0.4541177652690134
0,0.36220187773523227
0,0.009328583489979043
0,0.014222246212051861
0,0.4704376893728784
0,0.008819364325572556
0,0.07705243669463974
0,0.01617798574934164
0,0.12263615914746864
0,0.6922600895595169
0,0.08523900787708814
0,0.6761743112762226
0,0.31462294893356324
0,0.01803564391569956
0,0.049897345864062206
0,0.7512926623376097
0,0.03223636617058561
0,0.5491272762493045
0,0.05853702869893697
0,0.7779577535309863
0,0.4552126642060069
0,0.5848930010348473
0,0.11485393313551305
0,0.08040727728190673
0,0.018880473869631927
0,0.4097432736719316
0,0.09974312278401659
0,0.6365004948109547
0,0.4285093184009277
1,0.23839216078788225
0,0.06215150328121693
0,0.07559850836820176
1,0.6576954032283128
0,0.39252060387976306
0,0.467594942988155
0,0.52516767636973
0,0.07496735889666144
0,0.02342491117115602
0,0.7882060319676313
0,0.4986046668798343
1,0.9465678644241193
0,0.7861185812237681
0,0.4614647308355903
1,0.015937119601546874
0,0.06562823244927349
0,0.017837641943962774
0,0.37800435053713116
0,0.23324239697254953
0,0.3520707695672977
0,0.5480222441786994
0,0.5557887663404146
0,0.18468620727654456
0,0.03604079577203678
0,0.879913223394631
0,0.6574803363849077
0,0.3262544450874147
0,0.752601187901695
0,0.004367369671550177
0,0.48655179058162024
0,0.02434097205300452
0,0.057791093513045406
0,0.6833374011916667
0,0.7018693606725177
0,0.0329639872222804
0,0.010973873742726122
0,0.641348457204286
0,0.6688167036524146
0,0.030472069302893076
0,0.07910173446784972
0,0.15900624025103463
0,0.40605737094490874
0,0.04784759680232892
0,0.05588518790937316
0,0.8716592847262226
0,0.8953612558544559
1,0.8994452192047194
0,0.39947981268940086
0,0.5501576331822431
0,0.020056871061745613
0,0.26888569105547094
0,0.508840029451956
0,0.014346135955857322
1,0.04471821623099038
0,0.1875581269154486
1,0.7092908290310321
0,0.022465278773661713
0,0.6033321473196862
0,0.7608264076159621
0,0.11688353986710984
0,0.03200890695936172
0,0.6863812241558434
0,0.19211242896363953
0,0.3783010749055414
0,0.015900670698965325
0,0.024534407560280882
0,0.05056981354653254
0,0.017932503712358976
0,0.055346965768074886
0,0.9237378452624351
1,0.5886298498488576
0,0.7906643939022066
0,0.005161807076883578
0,0.015521315119582334
0,0.8160020889404357
0,0.6790325973934862
0,0.007044719047005586
0,0.013891444704419394
0,0.47443848442187675
0,0.004131402495492599
0,0.22867556021931318
0,0.03014029611926253
0,0.3067747848780828
0,0.08644533522165648
0,0.0247062018577076
0,0.5588958902772961
0,0.023200012675551093
0,0.00744926324804349
0,0.6533705624354873
0,0.0900045421398616
0,0.3919319650803638
0,0.02482134468289821
0,0.04483408184713502
0,0.9694907310168125
1,0.5513457538644086
1,0.8619940928045092
0,0.38272066577238867
0,0.21264574323240967
0,0.08947279449297763
0,0.03652618417930322
0,0.051092016310004124
0,0.02026761413471869
0,0.9547214560983713
1,0.7772612018134327
0,0.6299704295211112
0,0.1721238653104398
0,0.12283472728805987
0,0.6473007007787281
0,0.30385419045188367
0,0.09535888926868019
0,0.9376478955459511
1,0.6836174885984646
0,0.08998148600834922
0,0.08503152380909555
1,0.6419634562604518
0,0.43602824414179886
0,0.9146639414288668
0,0.02639882530624718
1,0.6444111397771053
0,0.02677310713901385
0,0.5960908124041889
0,0.01509973913308139
1,0.9629366869212521
0,0.11058558659351919
0,0.015703291685420773
0,0.4233459043752115
0,0.341282941414746
0,0.26557090476845724
0,0.08173036154869594
0,0.11144072215085293
1,0.8413099754633232
0,0.15624039937734346
0,0.7137540245759089
0,0.02177264407490289
0,0.6604953822940643
0,0.9305927230245085
0,0.029329946044174382
0,0.5637700542852244
0,0.027173271908401
0,0.062254863721697244
0,0.47509633851154087
0,0.016180380120813236
0,0.43787741040232975
0,0.5518119536837542
0,0.01451147421123002
0,0.9348208272509293
1,0.7640081550078323
1,0.06324514269287122
0,0.23297223038542683
0,0.41090703020557645
0,0.01355007649704392
0,0.2019391391819985
0,0.6550026408810953
0,0.9083380665660838
0,0.04095369114013199
0,0.8071360602583934
0,0.016142904866862186
0,0.04393702450027701
0,0.0573086432194707
0,0.5350684594844487
0,0.026516370293632702
0,0.5899487688438508
0,0.013801665342499584
0,0.2939887443913314
0,0.642036403594532
0,0.02606492228107226
0,0.3827678644049938
0,0.020925501979588323
0,0.4943492073680162
0,0.055730733850404675
0,0.4001138709329273
0,0.6313104183848367
0,0.672725878812277
0,0.27065278784272584
0,0.05492500945846829
0,0.034966634248461116
0,0.12504020742707625
0,0.026938906008530474
0,0.30806897435640573
0,0.2641839920334697
0,0.2108041637724298
0,0.7140759443384561
0,0.7173961350182296
0,0.041444864383937026
0,0.20141221461322734
0,0.02017861231900684
0,0.010632209612279923
0,0.8400969199459686
0,0.025412844939830426
0,0.6444970418160281
0,0.01644031960716857
0,0.6874912638564971
1,0.6231113991285092
0,0.5629300448642742
0,0.8065320167981892
0,0.32267753921607045
0,0.9263768349991666
0,0.010477975027772805
1,0.8450715499380138
0,0.037577531510794855
0,0.3863366350797087
0,0.01621400402154662
0,0.6749032645799528
0,0.05132097487395963
0,0.08785098259197972
0,0.2942283536967827
0,0.05830787299324018
0,0.9083418858424961
0,0.7856563149147214
0,0.5182971116507006
0,0.3721467444690593
0,0.051812911016906535
0,0.02923434394311344
0,0.21747725975772011
0,0.16841343675566103
0,0.8895788867605093
0,0.6981660550974562
0,0.04694714682715267
0,0.0689987237926606
0,0.06294138182812001
0,0.32723418770700297
0,0.038650889117242807
0,0.6750544428762872
0,0.6190879908771139
0,0.020390322254047386
0,0.4973606260616234
0,0.014631034518408293
0,0.159679552941734
0,0.20336058032232385
0,0.664937464067957
0,0.9313990004895584
0,0.05886958519222669
0,0.1666074467343973
1,0.8995564268157322
0,0.3817358743583817
0,0.5507437473873835
0,0.1767030627619437
0,0.5447276292694938
0,0.464333908425707
1,0.7887854934199294
0,0.4333983377802585
0,0.13821778368909504
0,0.4243741472231506
0,0.08596411377570087
0,0.8748288619282525
0,0.34416453372684286
0,0.21348443820050164
0,0.1318185018513284
0,0.0721578148257158
0,0.06829741942084809
0,0.3084867027240809
0,0.8281029564835972
0,0.304098668802404
0,0.7004403741378685
1,0.7742239052324733
0,0.5780156837855305
0,0.746312386428917
0,0.4761555269045533
0,0.16235021751507936
0,0.11277289851917555
0,0.025301282141486896
0,0.45305595698212925
0,0.6370868390555081
1,0.8854155975280102
0,0.20937378789241234
0,0.6954772292658006
0,0.29182197014701905
0,0.1854185289392705
1,0.949829212095999
0,0.6410772260285934
1,0.8757475409271074
0,0.6106790049953121
0,0.008049151113432825
0,0.667819047576966
0,0.15262039032174934
1,0.8364912333058507
0,0.9419486251481871
0,0.016681092266501468
0,0.37381023709978406
0,0.0207854257080613
0,0.015315874758578783
1,0.34347430023665004
0,0.08525383876611341
0,0.17075303379428106
0,0.728043560640315
0,0.9085676558141378
0,0.4026213738868524
0,0.01343061542784987
0,0.037220375542340936
0,0.34200293187392283
0,0.022093824827298658
0,0.7064536098467741
0,0.030147405254187024
0,0.5722912226312052
1,0.7141189036425398
0,0.060898666695171244
0,0.8316451883406669
0,0.13622365363523245
0,0.05417127117304004
0,0.15972485203021627
0,0.06687099882879724
0,0.4559927564313018
0,0.04082960999344221
0,0.037961974882561166
0,0.7766235123739718
0,0.8917468662309639
0,0.33141656637284866
0,0.3003087039547416
0,0.019242255124232024
0,0.7166975145393825
0,0.5601946659405993
0,0.5358314740873834
0,0.44853635494717103
0,0.2623705852802661
0,0.034099886761427216
0,0.7626996952099213
0,0.6153655960769417
0,0.7443043693424681
0,0.5302446790360291
0,0.2994374222223968
0,0.573478422950365
1,0.4820967129401046
1,0.931852918323655
0,0.036754733039256825
0,0.017176440368217194
0,0.013488727646806154
0,0.30488494315396797
0,0.09326316869066782
0,0.7083693992584751
0,0.22894458573487406
0,0.02832839263495511
0,0.01320836729032403
0,0.4029610140078064
0,0.3115497799160494
0,0.8721791833201972
0,0.016810416917175032
0,0.8987703298490305
0,0.5153228596861789
0,0.15967633020572314
0,0.1352602590037102
0,0.028437640172253312
0,0.34964618013788185
0,0.05598979278372365
0,0.038068419165596536
0,0.6595612492762541
0,0.5103721822945368
0,0.28623498130201247
0,0.15208882577851626
0,0.7822681231843115
0,0.5066747682040209
0,0.03499099646108307
0,0.014898872803082289
1,0.40596332752471276
1,0.2043251865463996
0,0.4124446073518905
0,0.017995066956127077
0,0.49492622732347286
0,0.009790877486490941
0,0.4547377400186525
0,0.027880666352181782
1,0.43358677437652554
0,0.8377736827194047
0,0.02215473020056117
0,0.4869905924793568
0,0.021578942038015535
0,0.05526226993666439
0,0.0178846608759892
0,0.6586427470766375
0,0.6677063583851531
0,0.0737116911636774
0,0.32111362721252107
0,0.3260276509554411
0,0.04835506193514213
0,0.8566196880828659
0,0.019084521146847777
1,0.5397474963817701
0,0.023802692412519207
0,0.053474485162883764
1,0.7603100614377336
0,0.7022900851032094
0,0.26178418004447984
0,0.05768131712138391
0,0.02640817763289039
0,0.4114075524394356
0,0.023998266769009843
0,0.11329774712374908
0,0.023794548951491044
0,0.3961837619031981
0,0.7197452109331889
0,0.029618153275007893
0,0.046721213424450285
0,0.018205765669286885
0,0.36835118608953266
0,0.034628253849312625
0,0.009680663235783328
0,0.8827584206799278
0,0.07053858758577777
0,0.019568861731293453
0,0.8151861582803693
0,0.8346572232028762
0,0.03936271672749418
0,0.03162533905269024
0,0.6536916917198413
0,0.5452668604415255
0,0.05045196172619283
0,0.11919075426547264
0,0.2729044916803763
1,0.9678251906543585
0,0.07096924713187368
0,0.6749773531569594
0,0.019261511724072852
0,0.17065732997520444
0,0.1569527134810558
0,0.4069577798551801
1,0.31862321977564456
1,0.9102742101611062
0,0.3666167878970803
0,0.013514635419593787
0,0.778760155783255
0,0.746886509820079
0,0.442186263493236
0,0.12235280065036604
0,0.3263376739232872
0,0.004895134069254396
0,0.26222467783411807
0,0.059594017871942497
0,0.784330960408347
0,0.2193889052637575
0,0.7766269036888029
1,0.8387731941344314
0,0.6856496770447581
0,0.08805704045863785
0,0.41371746996391345
0,0.542419357998781
0,0.7863002047698487
0,0.3226258578943464
0,0.7134989971695528
0,0.01570763416677555
0,0.050821174789387795
1,0.2752072981173289
0,0.07923445699704397
0,0.7254806865250101
0,0.0641915266376277
0,0.3169047421599509
0,0.010859036407135295
0,0.6999464250202352
1,0.9071713172228724
0,0.49478183833365075
0,0.03145332866867169
0,0.0622487244169825
0,0.012727706741569481
0,0.019406672414371478
0,0.012301233317823172
1,0.7108939709700844
0,0.4737345997135194
0,0.2514397387734686
0,0.5061261012033192
0,0.018554300498416196
0,0.028743009748330547
0,0.044303834634371445
0,0.427548983289484
0,0.029618153275007893
1,0.82640588928017
0,0.4021857521773233
0,0.2800211819735714
0,0.3932758785712486
0,0.8166781223003761
0,0.1638743172128929
0,0.03314062092116035
0,0.605915457655428
0,0.03053509495175619
0,0.6593349588403895
0,0.016653806528428176
1,0.4857703898495833
0,0.13876044326122206
0,0.5773910373666433
0,0.6061077906024692
0,0.06236868743694057
0,0.17662651443968824
0,0.019437927118505963
0,0.7354660564651657
0,0.7250709403089184
0,0.010557947138995178
0,0.009532268647744313
0,0.2658831504355015
0,0.02659481179323234
0,0.16238282436814602
0,0.319885419040348
0,0.27678581481213865
0,0.09861957924410841
0,0.4596759319773592
0,0.8437911022041281
0,0.9673789469016989
0,0.5246373493363249
0,0.07749718486725857
1,0.9473011578924047
0,0.020371293927342726
0,0.26938336800076795
1,0.5952619648556634
1,0.8424431375985582
0,0.054139657805921906
0,0.03227649469861562
1,0.9734203843124131
0,0.11179404517418183
0,0.882751203639405
1,0.9350203145574171
0,0.015260335202693447
0,0.0726425302110694
0,0.05796156229618797
0,0.7429835613397646
0,0.6127772493075636
0,0.036135078019062995
0,0.6549554341791036
0,0.03981206165291099
1,0.7890992161943561
0,0.3347786495279251
0,0.07033425514607636
0,0.1591827068685725
0,0.01434967677407775
0,0.4213740773323747
0,0.2547133302436046
0,0.02053448814827146
0,0.058514905997914146
0,0.42489947187228383
0,0.1057996005761284
0,0.6834050261845198
0,0.21454137906992818
0,0.014173663187719888
0,0.07583577326988171
0,0.021400067502006556
0,0.6315411696116645
0,0.5781542546544454
0,0.1461738726770367
0,0.3674086014282752
0,0.011013382395287943
0,0.22636380193909902
0,0.13430707432006492
0,0.05929475087685082
0,0.018233161805974448
0,0.70716568324375
0,0.38083163915695295
0,0.5750616784466395
0,0.5890470486822762
0,0.0547818825054358
0,0.8027029397738622
0,0.5509372587358429
0,0.17985955350244978
0,0.17152438439598336
0,0.10067174176935777
0,0.08594961283090188
0,0.1069241734097676
0,0.3833498735549949
0,0.7195098060466347
0,0.033080207739569996
0,0.5364180846889502
0,0.27144204774334885
0,0.6676780776324142
1,0.790771853419589
0,0.07441951646404092
1,0.9164524652788959
0,0.029706581474958072
0,0.02078344003783645
0,0.7935686855337105
0,0.5860286666685423
0,0.8073141688256454
0,0.07244869345166866
0,0.8237220758653977
0,0.03147815520623349
0,0.5262358274213378
1,0.844814793572714
0,0.07027510379473437
0,0.7741718040806085
0,0.5622027655971173
0,0.028485781758478778
0,0.4528429531313279
0,0.02237347845266122
0,0.01551713683552558
0,0.014567895312250926
0,0.02531819505290704
0,0.7224628103579922
0,0.4035098254397717
0,0.015558265438116687
0,0.7310978910213933
0,0.02654805834953853
0,0.28867405971660354
0,0.13816158996043867
0,0.023889924270522923
0,0.012588889987440923
0,0.04264921669385915
1,0.8349203876688317
0,0.03539284002552717
0,0.04929836324497932
0,0.7631607390946963
0,0.034473267285270975
1,0.8671461861314658
1,0.9499659401735135
0,0.39580730620186216
0,0.019249382688193366
0,0.2788588718706022
0,0.8620938856246686
0,0.022086661675515852
0,0.37199479474871516
1,0.7115947799843735
0,0.09970618523578606
0,0.6519524516887367
0,0.0467907559857147
0,0.019990847328350554
0,0.7920708377251882
0,0.7578514276208164
0,0.9364664778618821
0,0.12495767732870443
0,0.08418351517115959
0,0.04487650717303151
1,0.4883123962163832
0,0.019771962616910874
0,0.28897779003851826
0,0.09367921231851623
1,0.6566694295763023
0,0.4488915985774643
0,0.05950105555054662
0,0.01791799903979507
0,0.33944405000172756
0,0.022383514917763785
0,0.017972747899605818
0,0.46964296926416105
0,0.6817817266005307
0,0.6599483136125097
0,0.7923341038645274
0,0.025171147003123555
0,0.7530076928371398
0,0.047845166340276586
0,0.41302130569464723
1,0.03629244442331028
0,0.1438015885946145
0,0.012490403239182032
0,0.550798384605163
0,0.5313964210060365
0,0.16282685507480535
0,0.15208890665735048
0,0.024530540839859092
0,0.7716688253105861
0,0.04525545305439248
0,0.19906473573314418
0,0.5278268927212003
0,0.8577871228252233
0,0.6732843412979965
0,0.7464960589705556
1,0.6284936617681578
0,0.5016756441874888
0,0.030689229374431342
0,0.43370246865670137
0,0.055968546636108556
0,0.6745063370100857
0,0.3710449213803981
0,0.06737949557392854
0,0.34222439940790556
0,0.8287661578844066
0,0.11233441784786186
0,0.22637445778424978
0,0.3398494573499037
0,0.516679937869494
0,0.5670506341993297
0,0.038738908239465276
0,0.1097596542923315
0,0.8995952350970517
0,0.4510813400635093
0,0.14446223905365138
0,0.06837265967473945
0,0.06525724196422493
0,0.32291789338433746
0,0.9013090436192799
0,0.0068465403122012205
0,0.5672490298002396
0,0.06036623323686892
0,0.05511286550401034
0,0.5725379503482158
1,0.7754670303462585
0,0.35907072298445053
0,0.23504303975097376
0,0.015036165806188297
0,0.020367648299745703
0,0.3103615547975451
0,0.03176928766877821
0,0.017764469108787994
0,0.9319042103368024
1,0.7841881162372424
0,0.7756525336285128
0,0.03573610935295962
0,0.5745313916065945
0,0.02944586963240599
0,0.08720990420164636
0,0.458806898941902
0,0.009666297943648849
1,0.31773584802586563
0,0.8577603057263002
0,0.025197571616367095
0,0.5400496077590194
0,0.01743601539884912
1,0.5553007355142056
0,0.7798629230477735
0,0.25129272991541585
0,0.301009046023794
0,0.5137360441699096
0,0.6418198588295183
0,0.29024801870799155
0,0.033252528375430405
0,0.012784834654267363
0,0.1120595443537081
0,0.7170742733469253
0,0.752400481392234
0,0.7895925289614533
0,0.13808935589140503
0,0.10107987949370091
0,0.06640486975771234
1,0.6531797148547854
0,0.03558388921486256
0,0.3351234301934734
0,0.018567367540195657
0,0.1704203944923626
0,0.07948671413860085
0,0.4022090157253707
0,0.6929314725753392
0,0.05848795212013754
0,0.3548524161824297
1,0.8868708049200462
0,0.3120397724657535
0,0.07059788305086578
0,0.05221634447008859
0,0.2536125097356477
0,0.01903731478328536
0,0.17339163567184657
0,0.014618712744305958
1,0.7153025517760333
0,0.019154686227158577
0,0.5382758578204674
0,0.19006228783475257
0,0.7808212113579072
0,0.15018383014434708
0,0.03727751733163836
0,0.028860708152702925
0,0.4824914398237095
0,0.5788030566546649
0,0.10830530007530108
0,0.4061894452136825
0,0.4872005977485567
1,0.5412865038033059
0,0.8070097204306905
0,0.03902235006821978
0,0.3744634783803103
0,0.12123241392953711
0,0.07933980127272194
1,0.6220745933597357
0,0.8940041856907625
0,0.015359503694353252
0,0.08777338211465191
0,0.6234231865952317
0,0.1326151001597482
0,0.26592534386638816
0,0.27924378169229086
0,0.6156849564206351
0,0.3366057103501254
0,0.25891125198400194
0,0.0896048471912377
0,0.0499889159770723
0,0.47042220512333893
0,0.9038604258109857
0,0.10490940664296416
0,0.03732619990884956
0,0.668320512852336
0,0.6557473063549526
0,0.27573055983422534
0,0.45860178410312835
0,0.4325344066338481
0,0.56546202197894
0,0.07359344271415803
0,0.6805908962731846
0,0.11105909737215582
0,0.36574371824922136
1,0.8198853383914743
1,0.29736406431803897
0,0.06084374157317737
0,0.04793351596726138
0,0.03428526360435788
0,0.10839555065549372
0,0.08368229086761766
0,0.3722555416209127
0,0.7849961799025655
0,0.7923552878525141
0,0.022617690062946377
0,0.6400521410975161
0,0.2646939408404936
1,0.8744245035232602
0,0.8323881003321975
0,0.1165389252223926
0,0.047300269607985626
1,0.7576822085577324
0,0.8083446738701767
0,0.9230503111608301
0,0.6520564304341675
0,0.10718243366475637
0,0.6686898988736238
0,0.5887226023794888
0,0.03277823861791908
0,0.08475625474407061
0,0.017876917672042577
0,0.027880666352181782
0,0.7098690097152031
0,0.8748897942637431
0,0.6501083579525362
0,0.5390639217996941
0,0.042517446076513817
1,0.7288939999523477
1,0.3237053326941399
0,0.7009086911752703
0,0.81550394196676
0,0.018135484430231573
0,0.7859244906552653
0,0.7213623535804188
0,0.49466025416083537
0,0.013034689458553378
0,0.901320188107595
0,0.17642397190964895
0,0.3941473649450952
0,0.6722792332060139
0,0.29319814091859653
0,0.024542263448890662
0,0.04373678656760608
0,0.09893959799198208
0,0.7678085354125329
0,0.20181236598795518
0,0.4308894933859417
0,0.023256539379946123
0,0.6094879767073907
0,0.34998168540428753
0,0.034044662183474926
0,0.016973528952352455
0,0.5639703756239848
0,0.08882404178945695
0,0.7556400084840131
0,0.11336912123620825
1,0.7072532992998057
0,0.19164837167300183
0,0.01273639956211501
0,0.41442045991741355
0,0.038776948552449654
0,0.03317487419770985
0,0.011547627131820363
0,0.13629725864110065
0,0.045409870479869344
0,0.38329320546182527
0,0.027816057211685216
1,0.5632013115885443
0,0.2503867942466245
0,0.012917673471398224
0,0.02682436747387444
0,0.0267957788433236
0,0.03791856083166362
1,0.8756707757362904
0,0.3917153423155769
0,0.049113418450132354
0,0.6623431917246522
0,0.04321851058716192
0,0.17096445039252073
0,0.07483292028634753
0,0.04289349520096551
0,0.12990289377041714
0,0.042137662235557614
0,0.2840721459413444
0,0.23411676658466393
0,0.17079386771563812
0,0.07089948279840662
0,0.050259557707850636
0,0.021752653772732215
0,0.6645099799514128
0,0.06108153502227118
0,0.019213177837377603
0,0.6646999472214998
0,0.4629988495792867
0,0.6442477539307034
0,0.07135715952612202
0,0.6346209752573095
1,0.937861498203663
1,0.935897736044762
0,0.14081850249226982
0,0.31188283460023153
0,0.19888558701651132
0,0.5810116696847368
0,0.01956898861188406
0,0.6663173699898236
0,0.022149495331087943
0,0.12479169625814572
1,0.5742813508267386
0,0.08993114235083939
0,0.32000225442450564
0,0.6890399646835077
0,0.06722193700510481
0,0.09480429020653523
0,0.08383611110937249
0,0.32642227054265227
0,0.045482555642582446
0,0.03390159414528909
0,0.5957223988373007
0,0.014556589700219731
0,0.0493651298121528
0,0.7907383369577368
0,0.5047084236487267
1,0.7557855625388439
0,0.06707659937156639
0,0.011333535723119202
0,0.25866122960436383
0,0.022424342690517282
0,0.8803589919556887
0,0.4696689271544111
0,0.02326001122841592
0,0.11825772035951337
0,0.03526239845332357
0,0.07216437250034294
0,0.11911599340437176
0,0.03660368273368449
1,0.7390577124438095
0,0.5112652637523176
0,0.010856445523216027
0,0.010924018613653764
0,0.35462485065098504
0,0.5388571533201225
0,0.2952669006701888
0,0.646950769490733
0,0.02809778162585937
1,0.3910879202946188
1,0.888004718802593
0,0.04644543165500191
0,0.7438377624016919
0,0.027348204361124867
0,0.054892537493513326
0,0.13211949378964624
0,0.04053119821079065
0,0.44909456474148884
0,0.7543883502805236
0,0.008534537850066925
0,0.035818789482326543
1,0.9506299859910685
0,0.0523887948681783
1,0.5437476335794998
0,0.30054635550650294
0,0.16298292509053094
0,0.4620361901672412
1,0.8825236230347502
0,0.01612380249196322
0,0.8781393081373244
0,0.03181931015714738
0,0.24004981907267736
0,0.026155165103874663
0,0.6896101157831918
0,0.7003963989870192
0,0.13060204512314796
0,0.01770658637283087
0,0.014032603661337713
0,0.5026770317252547
0,0.0335966599835564
0,0.305681362876175
0,0.5286702399227419
0,0.01661890804349001
0,0.1121516020692051
0,0.6085781944019504
0,0.8258406255037851
0,0.07456781683530234
1,0.9039291728792883
0,0.7687358985245318
0,0.6608929111472182
0,0.061634941535863075
0,0.1842420194737035
0,0.27855050201914044
0,0.036231540561578325
0,0.6789521727538079
0,0.794945791105227
0,0.43264424374377636
0,0.24174468322380935
0,0.40003402792667286
0,0.12471190872484811
0,0.6235197094597598
0,0.8274699060649027
0,0.05926164442604736
0,0.49427249777685894
0,0.09886206490633158
0,0.43136249370079466
0,0.2977643846256176
1,0.5001864268953887
0,0.02666101160845996
0,0.026465949966140018
0,0.00813073532766493
0,0.05979394147188278
0,0.18366199465208705
0,0.11094970779948365
0,0.8876289235987802
0,0.08779922328301101
0,0.8806633629665891
0,0.04334826776140156
0,0.6272082571232329
1,0.8359203041765604
0,0.00808867486637072
0,0.8447157457266422
0,0.044465266813847354
0,0.662019803737228
0,0.5007102650474602
0,0.6107495303428542
0,0.40113023583562624
0,0.43093132664481787
0,0.043859761248587044
0,0.5921166867356634
0,0.045525050596209364
0,0.649966743473085
1,0.8978357674686527
0,0.3035542636712523
0,0.7330811968559945
0,0.6403197430678379
0,0.5799099891733492
0,0.05668133653294393
0,0.6998015562613678
0,0.7648579629582957
0,0.03197407370129414
1,0.6606193737469073
0,0.41961530351543314
0,0.03181082882114688
0,0.6787918346732724
0,0.013820443870435567
0,0.10090252034962092
0,0.5409058547162929
0,0.009094973086879508
0,0.9281343320479019
0,0.2936348402508048
0,0.6834320525017272
0,0.04813276604670658
0,0.03144551367269372
0,0.08868288277162406
