y_true,y_proba
0,0.01266750976822659
0,0.7839408972562419
0,0.5207909466654206
0,0.8235508902777136
0,0.060200240404505195
0,0.837959849368327
0,0.004806388729217711
0,0.05234001409112086
0,0.6852128021389532
0,0.030435180113859966
0,0.08163730288212234
0,0.8913826124348073
0,0.7297300481302402
0,0.13206334608822157
0,0.12262076970821635
0,0.04208874934029816
0,0.2529461057658634
0,0.8492135234128737
0,0.7782337445045242
0,0.017174467804977025
0,0.8090050372601948
0,0.9083432099937502
0,0.027411882987004352
1,0.8493636000120094
1,0.7916652407031961
0,0.3278014195023926
0,0.026988889567974492
0,0.3142169803274977
0,0.06640830214834818
0,0.04001410691037668
0,0.7104342002595968
0,0.8984391510223934
0,0.47554038419871236
0,0.059507030866409905
0,0.02494027789025963
0,0.37566736543130036
0,0.0024974455205956474
0,0.19351405582550432
0,0.49498994416941955
0,0.5122886750805213
0,0.24857685443967478
0,0.3973458260782512
0,0.6894730590280616
0,0.5580905102703614
0,0.021827851428910097
0,0.03142736960949412
0,0.5043737618769322
0,0.020244760942362237
0,0.8800593926973045
0,0.4816073692855439
0,0.13651491129145701
0,0.0790037632157409
0,0.6768473281833208
0,0.6522759656741686
0,0.7293470978234272
0,0.011769763540447587
0,0.4698727517982332
0,0.2055289098055056
0,0.029560681960627787
0,0.6074179007771381
0,0.02328495341503821
0,0.05086703279149145
0,0.023003170820809892
0,0.0864069191574631
0,0.007543069982741082
0,0.00941950004829587
0,0.2897791208330821
0,0.35303535642456113
0,0.12705824623353598
0,0.35554237149606005
1,0.28748191512484683
0,0.711638006210276
0,0.01694748978413432
0,0.4381567127805001
0,0.2605360537727541
0,0.7031394011921831
0,0.18772859125848051
0,0.49967717032493725
0,0.1309018457640924
0,0.3186384880231883
1,0.3763367370096433
0,0.581525658082447
0,0.6761055628096909
0,0.026944086577268565
0,0.12214638535229883
0,0.021802550304316326
0,0.47570961048507854
0,0.7838806145790926
0,0.02981682834674733
0,0.05049087407736266
0,0.08594730557236104
0,0.34304726247634887
0,0.010778995587378026
0,0.29322494953904554
0,0.32857518828022464
0,0.1521965069162226
0,0.1397544682106549
0,0.17266221960002576
0,0.25403839488811086
0,0.10595001180096851
0,0.8504171108512604
0,0.007806659574853669
0,0.4485606436011833
0,0.11700836098586928
0,0.8816607687613068
1,0.07257005834543105
0,0.37276021301575823
1,0.37063753028824525
0,0.4997769512991272
0,0.166133457032684
0,0.07877104224508971
0,0.670939602415899
0,0.10946762844945265
0,0.1379998334998439
0,0.6944799088754414
0,0.49314985475904166
0,0.5180465544325894
0,0.11553470960883996
0,0.8395526415369354
0,0.020585507184690863
0,0.618045058653712
0,0.2192748399202208
0,0.8427555194908373
0,0.09500568116741921
0,0.07362136287469788
0,0.44177722663117275
0,0.6023568002310119
0,0.23917136383609874
0,0.06960601162300821
0,0.5578569238672678
0,0.385633577538535
0,0.07817089582427675
0,0.21550363678593457
0,0.11874233263729188
0,0.19191329872360535
0,0.8164216492844001
0,0.3354584355566971
0,0.7055655039227635
0,0.006605518436599883
0,0.0052857236158984165
0,0.37619712162090824
0,0.10875284203484442
0,0.16503811709143576
0,0.6234807748145265
1,0.8547619291418601
1,0.7706518182877375
0,0.07740850584781295
0,0.16278789126913723
0,0.014205992450763011
0,0.01151364625242905
0,0.577232990612431
0,0.015190905028769824
0,0.6102021705866494
0,0.027906784857725186
0,0.018059393211716623
0,0.017496629082969166
0,0.08129661189814857
1,0.5464011102216156
0,0.36571374177747024
0,0.012321388934345555
0,0.5867498076332808
0,0.1804447973428245
0,0.12616059052259332
0,0.7695584031037256
0,0.42655623785711855
0,0.3291169699722186
0,0.39441944936524065
0,0.015373931650165628
0,0.08534375733586176
0,0.1588825973535158
0,0.4756820043032002
1,0.36162817244688056
0,0.788144879689277
0,0.14367454680928413
0,0.011896819037168114
0,0.7938622748582618
1,0.8235104307193253
0,0.045787285921192904
0,0.18470184156793476
0,0.13796886921337873
1,0.6076808064356556
0,0.09850194859671647
0,0.5091849305571493
0,0.1460535902198391
0,0.47188427810170963
0,0.18588312334808837
0,0.19336885945288712
0,0.24705354146263053
0,0.12043656291493149
0,0.019314208721084893
0,0.43979850648037677
0,0.057302349620919346
0,0.8349321801466241
0,0.009713303389041103
0,0.013094214403972381
0,0.48419727224124853
0,0.700879185722127
0,0.11104923286808568
0,0.3332229774254827
0,0.12858629604414804
0,0.8704713408393415
0,0.038159997827339344
0,0.6874608395404497
0,0.5319473096847985
0,0.13167215791569886
0,0.005679036209041688
0,0.02850763038586797
1,0.6601217518067366
0,0.09243474235618714
0,0.17819354579863075
1,0.8476817158316329
0,0.10758470229297248
0,0.01158500250332999
0,0.04227920439612042
0,0.23036873692242477
0,0.005725631896420941
0,0.17083414363554084
0,0.05716051898805598
0,0.6997959293055821
0,0.8717585355490145
0,0.18761958925130703
0,0.336707979272529
0,0.3513441731552855
0,0.9313696467062283
0,0.5140154050932826
1,0.8634650433812319
1,0.6464724634329526
0,0.005289350736301376
0,0.34523086058506014
0,0.027068989931669965
0,0.5511960356121083
0,0.08956823977148648
0,0.21699403935230419
0,0.07320704856451311
0,0.1396155124561192
0,0.08125925136635782
0,0.4726890760048683
0,0.0639605480004071
0,0.005059208708811484
0,0.08896467358544172
0,0.6034272681210794
0,0.09855442596834338
0,0.0205806022681612
0,0.1480142626997742
0,0.031020658482376073
0,0.3761779882462989
0,0.2058499257700353
0,0.5486484229489014
0,0.8288409172603298
0,0.4157331503850937
0,0.5771398378414956
0,0.6887751163218092
0,0.08179198954995316
0,0.09477260393482703
1,0.7052111844161293
0,0.5445940563025294
0,0.43720849907808146
1,0.47808429000425695
0,0.32643502522078544
0,0.1275759176778642
0,0.91136378739617
1,0.5443719292412907
0,0.8159084328629996
0,0.15382692562187447
0,0.20514445668529285
0,0.19038527839471545
0,0.4529390539056908
0,0.1453689393644156
0,0.13342851357741914
0,0.025948097366359977
0,0.05879002522192485
0,0.4482201857952708
0,0.04590073651309204
0,0.4881457545547939
0,0.34312599427956875
0,0.11720383443672941
0,0.07610206294164691
0,0.038755350952107005
0,0.25281337204196663
0,0.0433117620055752
0,0.02071460206252982
0,0.7636873114878897
0,0.08537606684542334
0,0.5276337083435659
0,0.11320775519795022
0,0.49379399259671664
0,0.5753821709490274
0,0.28829849637065863
1,0.8912138892176135
0,0.4698685387162944
0,0.025427972783456706
0,0.033443714869426634
0,0.2942189936951194
0,0.7305521389008349
0,0.2603338166907103
0,0.019783824555942287
0,0.8770534800724099
0,0.11304095694571768
0,0.6836729505859933
0,0.02647392517171148
0,0.01741267137016049
0,0.6482738815503755
0,0.5965156011534541
0,0.0343028048580263
0,0.5867060831230481
0,0.4747802208678221
0,0.3763918725942723
0,0.022022021012428727
0,0.32660200038636794
0,0.08729698030466115
0,0.26280547337389515
0,0.5264124543131832
0,0.3168125726729192
0,0.3967085324320929
0,0.6307657786873337
0,0.022763017813268116
0,0.5388851407344625
0,0.04867527920408414
1,0.8774950067692096
0,0.4214388414669946
0,0.13688534001963962
0,0.8083228894221838
0,0.08557767104844832
0,0.010172525008147129
1,0.8310813771771812
0,0.16730014201982182
0,0.5086068147073628
0,0.7792189853422636
0,0.1158415568020842
0,0.7257356514312164
1,0.8351999174737751
0,0.2897623894162464
0,0.3342098214196731
0,0.40231063373809667
0,0.03103886350754969
0,0.20401576774038194
0,0.5825841562485831
1,0.9564925176461103
0,0.3417456442919086
0,0.9011049670360389
0,0.042414710319525505
0,0.33658866151481465
0,0.021352810236816882
0,0.007741303605948848
0,0.2547389174735658
1,0.7993526571387775
0,0.4979805496928462
0,0.11223085431645093
0,0.0523214447349898
0,0.055016319875187555
0,0.2418990261497894
1,0.7722342635577908
0,0.6598270563922358
1,0.6805904675272333
0,0.10037163912157858
0,0.1909820387663934
1,0.7885087649383048
0,0.10871875605687893
0,0.20666803224052427
0,0.7544788566126239
0,0.4188808714923497
0,0.7662601799357132
0,0.7267656497987033
0,0.2184979238953823
0,0.017950137029880804
0,0.5239590361404451
1,0.9474225646517274
0,0.01567004567682688
0,0.16154542255477647
0,0.14707180394784958
1,0.8533790057180355
0,0.07120092012537332
0,0.0881955944610563
0,0.6592299252232859
0,0.02204156127395704
1,0.737855294219955
0,0.7457870813132674
0,0.18122185421907638
0,0.07551516311959533
0,0.10814482265114383
0,0.6617910118656891
0,0.11264539988477668
0,0.29959575088952806
0,0.6227077102065884
1,0.3811189209421874
0,0.08287032687082849
0,0.068091853017541
0,0.09543219394883883
0,0.2207194325922146
0,0.1561791878104216
0,0.034613709539134584
0,0.011631775143744845
0,0.3504322876592119
0,0.5454566765061862
0,0.24868020646808706
0,0.005468391396936488
0,0.015727191710248032
0,0.3791237383053093
0,0.13983765189717057
0,0.023333261700563032
0,0.8619550086137726
0,0.00692190582495164
0,0.00853021850607482
0,0.25163064842415295
0,0.773969372975118
0,0.1938087790208169
0,0.006027236612514034
0,0.7379107143321816
0,0.39855470157406
0,0.10966235811671508
0,0.42626255374165073
1,0.8264245019461587
0,0.49033134351759444
0,0.4833609069368637
1,0.9159507551474947
0,0.4850173444965941
0,0.8622558259601212
0,0.01738260590363988
0,0.6568083055975065
0,0.0329397052255576
0,0.18629686292315034
0,0.01586352151795754
0,0.024589000087178126
0,0.09224982033238013
0,0.8006190085645964
0,0.2550191683006817
0,0.5682116272082288
0,0.32220253343681104
0,0.2024389716642908
1,0.8203498816278569
0,0.010208226573980121
0,0.349737446973728
0,0.42736610673713726
0,0.1801084746179105
0,0.12691432065252864
0,0.02596311201587735
0,0.37777698093731643
0,0.01167141174545601
0,0.2893194353449077
0,0.05395822952390098
0,0.03637831053622751
0,0.6780594554107542
0,0.6649242146148804
0,0.11807162633114675
0,0.30025056686447926
0,0.13036445447099115
0,0.008473299707971475
1,0.891553786786168
0,0.2512653066010191
0,0.04939810976585629
0,0.04755832112207204
0,0.2926876154898366
0,0.4933556613969996
0,0.9011347956358272
0,0.6326471898728951
0,0.021555588264541733
0,0.39220516592813154
0,0.62227019709108
0,0.4737255582124617
0,0.5668136485071034
0,0.01901901755584501
0,0.8840785276367712
0,0.35737750512164557
0,0.13908543077122038
0,0.13719436648244634
0,0.04691513690004725
0,0.6981753717623915
0,0.6911246190012389
0,0.9265550422336568
0,0.05291864565277386
0,0.25717453608640856
0,0.5258973796731752
1,0.8121689348452933
0,0.28008280104634387
0,0.714001479843918
0,0.34933492474603645
0,0.07068372654442005
0,0.02620694996370313
0,0.3524896130472218
0,0.41071061319118307
0,0.1441208041924186
0,0.21434830432595822
0,0.1969110665678735
1,0.9572286434788495
1,0.8149601822852347
0,0.024665879355142115
0,0.0792972739816941
1,0.599479178835878
0,0.7818513447058798
0,0.0655476306772416
0,0.7453659591780529
0,0.7428464344054372
0,0.021395212843989906
0,0.04204092996637078
0,0.11077394026856924
0,0.008623529080516763
0,0.47150027600426236
0,0.01518292037008307
0,0.03306054268609588
0,0.7788983156553779
0,0.1491091662308427
0,0.06034484624794315
0,0.8388474896944484
0,0.09024215407933195
0,0.755334209382874
0,0.039302048277542675
0,0.14468886736245212
0,0.012756371724756313
0,0.20803237588125914
0,0.6315787961232936
0,0.6085479799740074
0,0.8873877263259728
0,0.8296312119468935
0,0.08148445992499025
0,0.042417292120109765
0,0.06129420525570258
0,0.01356726817467406
0,0.5202154027718432
0,0.23666213590650145
0,0.7040550830076682
0,0.09174181735948368
0,0.7162582850388104
0,0.31406119963798707
1,0.5720269161177579
0,0.011805811648242768
0,0.10417088437388723
0,0.8189551024779104
0,0.7794776668314456
0,0.4495362792392508
0,0.03573580254795532
0,0.19788601967407268
0,0.04661638952900935
0,0.7688761161922502
0,0.0832974474233082
0,0.06698952581662102
0,0.043582363135925145
0,0.5436707606744096
0,0.8464528334481339
1,0.6629637013628873
0,0.3269934454304478
0,0.01060317374694142
0,0.03429177332218723
1,0.8847984856222278
0,0.01482230705700809
0,0.041867921673464384
0,0.20646321250519492
0,0.035410519685488244
0,0.3335562616225994
0,0.589652263759984
0,0.5893520638736844
0,0.041012356817641586
0,0.026845227387192354
0,0.11022204331589536
0,0.08369844913369703
0,0.6285151917855039
0,0.0705162451879257
1,0.5060328223752201
1,0.8290689436831924
0,0.4764430249640934
1,0.8560647802325679
0,0.7037099099579665
0,0.08349372984446074
0,0.5823705679893523
0,0.8661984708366517
0,0.13688534001963962
0,0.21765444156063
0,0.5122620961243561
0,0.5424897907748011
0,0.5725769309120805
0,0.8175154909235796
0,0.11088375322170789
0,0.047169618216088456
0,0.7264168834973915
0,0.6877755662192376
0,0.44570197215724683
0,0.673339157128233
0,0.69155096181098
0,0.5801498416683808
0,0.09840834125150738
1,0.9313744314753915
0,0.278358902275816
0,0.07033562699382252
0,0.6826320160286804
0,0.007460002835633453
0,0.010603723367071641
0,0.6291089079281933
0,0.10506806013385693
0,0.29520710304109576
0,0.04355738435934285
0,0.06098154216056225
0,0.04288215961327837
0,0.046974887546521335
0,0.22449234681802221
0,0.10012523313754919
0,0.38521275374299246
0,0.5447497261015835
0,0.6416196206588944
0,0.009918980903399167
0,0.5392659258202608
0,0.2305283472335395
0,0.045043629507331255
0,0.6722896813070853
1,0.7771773884480092
0,0.18952023349297156
0,0.7433989224914913
0,0.02722565138470129
0,0.31578121225822875
0,0.04990173207734431
0,0.0429047742314643
0,0.25647856668971497
0,0.3133867939614442
0,0.08740783576311247
0,0.16683131861005163
0,0.4918409510172641
0,0.5890899708190278
0,0.0367070072063551
0,0.20201673659167835
0,0.012501785633730078
0,0.4904021922358321
1,0.2653528051031424
0,0.007999100300626553
0,0.030920657822260438
0,0.5510281059205124
0,0.6698485508213118
0,0.1791289212991426
0,0.329452838761936
0,0.19602650100782862
1,0.8016946712143544
0,0.6830701360954403
0,0.004377008699219862
0,0.52358171212761
0,0.8297012968146197
0,0.7730927223252311
0,0.23559749592219328
0,0.2794677498728737
0,0.23426798915517721
0,0.3431534769178929
0,0.148367225112379
0,0.4318986813430187
0,0.052526756279850186
0,0.709303211156262
0,0.4596126529596483
0,0.15399134169462275
0,0.5643859014252396
1,0.45924971090854033
0,0.5958653585812952
1,0.1251335270081561
0,0.016816560290147154
0,0.17772537808701538
0,0.032808578641419145
1,0.2901624764428152
0,0.1752457909875879
0,0.8986568930665602
0,0.007853547526966199
0,0.016218991927404964
0,0.3639826370089862
0,0.8006990513587086
0,0.08298864671064447
0,0.9378553085977895
0,0.016913914799396017
0,0.020153530341352505
0,0.4525761820691356
0,0.03068066473804088
0,0.1289011344650363
0,0.9314929495867701
1,0.8186950398427983
0,0.5814752999543081
0,0.920260813620733
0,0.11721359636641068
1,0.13548165281548719
0,0.04223700126429665
0,0.04858347376766717
0,0.5178555551000819
0,0.8530812348646378
0,0.21133731701744657
0,0.13422265359463528
0,0.0642627820158276
0,0.24405433161018208
0,0.01364860522156704
0,0.8981901300704722
0,0.5373680153976327
0,0.0025572277764110913
0,0.24591274242684028
0,0.0753834495443786
0,0.0638676852587463
1,0.949254996335617
0,0.20123186415060734
0,0.10040749514748878
0,0.01208994780830947
0,0.6999654314977506
1,0.9361326206447212
0,0.054397965314677985
0,0.028438635619888103
0,0.14066320136289528
0,0.5989494384581302
0,0.009333257011536793
0,0.0028894154392215903
0,0.20973522968364613
0,0.11619712185344518
0,0.6560415936227105
0,0.4099431935759837
0,0.04317099976160486
0,0.8488739183638571
0,0.11457886853755178
0,0.495993095219405
0,0.5597115751463314
0,0.9251805866926957
0,0.06691070016962002
0,0.8041474514499306
0,0.07432466557352022
0,0.26238462242936267
1,0.6458942885709874
0,0.017534132919769872
0,0.20863427948161578
0,0.011190523456033627
0,0.4352873057498081
0,0.21010352745194913
0,0.516234335100238
0,0.7974979979182462
1,0.8473017898831021
0,0.028379759489463884
0,0.46148892872990516
0,0.7146648690462919
0,0.042256113838784096
0,0.08127334096607178
0,0.23051865983348552
0,0.15247473941869014
0,0.21300575070304545
0,0.06287242329163377
0,0.7539144022488463
0,0.13166589089196368
0,0.010085703985261256
0,0.06971870171520352
0,0.6825911344581519
0,0.0049377517386344
0,0.009757727252285395
1,0.7360356557992846
0,0.5222706799538581
0,0.012211747969951376
0,0.4909941534681137
0,0.059360299911611486
1,0.11061204599769539
0,0.160660616616524
0,0.16142916316088587
0,0.055121682445008
0,0.12294256330274807
0,0.26867801975962957
0,0.004940706036040272
0,0.07030908198483606
0,0.008096103454180822
0,0.2844535531256707
0,0.07784905746699465
0,0.5674629137763951
0,0.7728238734479923
0,0.052759515737664235
0,0.29394092255673
0,0.19589598895858817
1,0.8182221253447585
0,0.5058197834077254
0,0.21971897656022044
0,0.03448959633052342
0,0.03431166057957653
0,0.016935307649430482
0,0.35476307569086496
0,0.047904671178366574
0,0.890267294345691
0,0.4453088295466141
0,0.07093259440258573
0,0.5205765991565916
0,0.2858898465365923
0,0.5845001489360085
0,0.8775307099419288
0,0.015911274182410586
0,0.33043508296718815
1,0.8225733987976712
0,0.08051328012803811
0,0.01655127383867586
1,0.845462123180236
0,0.2656873776059214
1,0.5381570576506562
0,0.7256473128724005
0,0.02947775044359004
0,0.6154453028161658
0,0.10176364697625886
0,0.5545788206576523
0,0.25599478892433924
0,0.0329951174081007
0,0.489114728641371
0,0.4170150857708011
0,0.7856169105585159
0,0.29322112827014657
0,0.06419026529568872
0,0.003359462337260211
1,0.5814977112289906
0,0.12462379744220202
0,0.41922632376360036
0,0.31613428121393333
0,0.017075201938815277
0,0.057302349620919346
0,0.13332676666267732
0,0.5994695768311481
0,0.6937803815968894
0,0.5977405566800236
1,0.8362011741077325
0,0.8754705124203209
0,0.8304095844178445
0,0.16651546507216575
0,0.2617117147401153
0,0.06952897613730072
0,0.01879837888063242
1,0.24269933554466278
0,0.08183204077100846
0,0.07191141038450305
0,0.03205132380736776
0,0.18708744289400994
0,0.18026853207996646
0,0.011501693719261507
0,0.003041876287304212
0,0.2898158905643726
0,0.2182812056899289
0,0.0957997028310971
0,0.8180408714405419
0,0.7458724936240778
0,0.6592118896117994
0,0.8913283363333413
0,0.19168350919490978
0,0.22928958937390181
0,0.06786637364607555
0,0.1325286848921072
0,0.036743060855108825
0,0.056580606342191586
0,0.8062214603893001
0,0.49722181492693074
0,0.25406056156656043
0,0.8338827681142497
0,0.11925832871274081
1,0.8566004390066045
0,0.7357478537068626
0,0.5610024931207982
0,0.2974070946115087
0,0.02271339516128379
0,0.24730367188443655
0,0.4865159570438335
0,0.020759447965182885
0,0.005355181697944167
0,0.19297325358515666
0,0.09164545248652116
0,0.055152359229794556
0,0.870718142810725
1,0.8526143448429476
0,0.008986435431671953
0,0.30071943425210945
0,0.02786060470529403
0,0.15281768270467225
0,0.21127938567075785
0,0.14376034781413147
0,0.5502382530254211
0,0.03980027888616259
0,0.5404472984705468
0,0.6990229609453101
1,0.34844950829288707
1,0.9271486889344711
0,0.2760584788893612
0,0.592720895544225
0,0.1893954211931867
0,0.028309521882348712
0,0.00803216940137193
0,0.1628166595200466
0,0.1005911279660052
0,0.014254224142368977
0,0.033698211055287496
0,0.5796338938018497
0,0.39704847749792904
0,0.523340256696121
0,0.17996124079925982
1,0.8190773646651911
0,0.15702920753648678
0,0.03898718395509304
0,0.7212230278634608
0,0.4169607443131206
0,0.022325570596617345
0,0.719770389554975
0,0.29723074849589903
0,0.8993272879437139
0,0.08504519177729712
0,0.6514712502826687
1,0.5766876922076225
0,0.01013029156296212
1,0.8149091061750816
0,0.43289022890486006
0,0.056760672246546406
0,0.6296804838972763
0,0.47823578244285136
0,0.2636105299631385
0,0.0063202291136279795
0,0.8611479935721578
0,0.10399473268810026
1,0.48846496336568873
0,0.7283250859270103
0,0.060566203498597045
0,0.010111058437117645
1,0.8067768258529354
0,0.5685974329424318
0,0.01593882611399678
0,0.498147759853367
0,0.5097157638530913
0,0.015751967194666858
0,0.1504190023869658
0,0.68678544137231
0,0.8555098042607718
0,0.592070705185523
1,0.7778551755181463
0,0.23297424886914622
0,0.21795571680287298
0,0.07813004014118351
0,0.30999024224840055
0,0.1157951913511993
0,0.01318698190087036
1,0.9404208138837349
0,0.18035110738528415
0,0.33993057275951094
0,0.04218621729932634
0,0.15622823748622439
0,0.36692595309397885
0,0.24152524753304297
0,0.7210249263212255
0,0.4459526436016422
0,0.191666123640373
0,0.1834517443218487
0,0.01082479312164106
0,0.7587257411484923
0,0.33886927929967603
0,0.14337591205702324
0,0.15182711264822815
0,0.010430899891923867
0,0.34968213344336463
0,0.7739943326748892
1,0.22516679044229967
0,0.002359970529590848
0,0.6005844908973685
0,0.5270484588987988
0,0.024461669992798307
0,0.7658488826222346
0,0.29508992203162715
0,0.3894248304178037
0,0.38711860696732037
0,0.8653104915298367
0,0.14842312317604767
0,0.7216725681561803
0,0.18758405622369762
0,0.16995036967132884
0,0.0056245506677132795
1,0.6207534365276531
0,0.01975793351459208
0,0.8265148011706203
0,0.7593051627409577
0,0.255648006738392
0,0.6266024037160447
0,0.16705155212500095
0,0.16538623940903885
0,0.5767718477026821
0,0.1393717481030604
0,0.8166770652260883
0,0.5333967319896683
0,0.014235957770659984
0,0.46827151121871974
0,0.029156764919456277
0,0.44919727208203936
0,0.08065984282044257
0,0.1835203276932698
0,0.6714971192809298
0,0.4918595040965457
0,0.32437546942744677
0,0.3947833549997693
0,0.049098535191499336
0,0.2365678769697081
1,0.8854964793686193
0,0.030270213421128307
0,0.7154143139310613
0,0.5419661227898609
0,0.2485816260872204
0,0.12782962037712567
0,0.006491750239873833
0,0.012069395529912002
0,0.38527308548803335
0,0.6677766937287889
0,0.3349141276509162
0,0.7452738369330857
1,0.8261637205448707
0,0.023640005035446124
1,0.6651197281522018
0,0.038187943738876906
0,0.004267084255441986
0,0.016365282240215457
0,0.007609079242275396
0,0.3631011795826283
0,0.020873671051707055
0,0.23083132239380677
0,0.06280958351220026
0,0.13706727225222393
0,0.8302545960633775
0,0.0285010745107059
0,0.022478407303039613
0,0.018121087322999323
0,0.8309049985163119
0,0.6915255140392285
0,0.7820558403666588
0,0.06664082516388772
0,0.11694120920584858
0,0.03773770324378653
0,0.6350002671781153
0,0.7641638738249638
0,0.007206304856607686
0,0.013544461751440414
0,0.011164338197701566
0,0.003936102560589854
0,0.34822384398617884
0,0.21174803124962527
0,0.019276898234154287
0,0.48236437774812235
0,0.250106641202203
0,0.00932621825363203
0,0.12626650757092922
0,0.0044029857767910125
0,0.5084708362380641
0,0.05606670611954356
0,0.23516758978393157
0,0.0933248382272918
0,0.012451206341746532
0,0.1614316759841189
0,0.6741011427386289
1,0.3839340695280659
0,0.8969300868261679
1,0.9187454776323308
0,0.4279899194432054
0,0.024407690402150642
0,0.03204042634759644
0,0.46094203914659315
0,0.08422167690027889
0,0.31996830857397546
1,0.8571164514389824
0,0.040333046247877855
0,0.6780043525282756
1,0.8055738292582242
0,0.8054193746873166
0,0.31898594950995346
0,0.41442009889282516
0,0.42976445139606473
0,0.01795160076846254
0,0.09238073838920031
0,0.07653111136319422
0,0.9416202965604735
0,0.2701418213720632
1,0.4242516929365674
0,0.5303854937391369
0,0.066894718051123
0,0.13723695675783792
0,0.0786851240686935
0,0.010209835100866739
1,0.452315975535387
1,0.7827640235181244
0,0.1666354069610727
0,0.29381032486663705
0,0.8593311689918498
0,0.44723933528730053
0,0.07182326567974073
0,0.768060112204396
0,0.2780505832914401
1,0.8990070780648594
0,0.5426197637773799
0,0.8069712896464583
0,0.6918090666444618
0,0.008923013885081255
0,0.07198675495544773
0,0.09731525474584292
0,0.07059141102741866
0,0.40474948243237985
0,0.06648789349945607
0,0.3057079664062826
1,0.6986222771187718
0,0.04942238026610047
0,0.24869118519986427
0,0.008303507700719292
1,0.9060010645922252
0,0.19221665193178492
1,0.8223223890606847
0,0.07351997477875588
1,0.759771609819172
0,0.016734365072978544
0,0.3069182270190086
1,0.4232344666500125
0,0.19269989537561844
1,0.906415504379801
0,0.14578703136853363
0,0.03641427318815558
1,0.7592521751659665
0,0.5637827365629843
0,0.1768413248182447
0,0.8599419270952242
0,0.7009013187775985
0,0.208539793200528
0,0.12951921691129645
0,0.28692361656528653
0,0.016447541814245698
0,0.21553930687909614
0,0.910295480516072
0,0.2958369073104579
0,0.7155882681428263
0,0.03576835622809651
0,0.3862562344526102
1,0.5744162512525719
0,0.7505226257479278
0,0.0661862563736159
0,0.48854071673518634
0,0.5734851245153451
0,0.048756941917895924
0,0.8354111203840336
0,0.5436818547168395
0,0.004835075323841355
0,0.5250577653803223
0,0.013602016981052975
0,0.9240066068165402
0,0.09095330866487257
0,0.5683410366334856
1,0.0036772138360241435
0,0.25467510691513007
0,0.052568816458091895
0,0.0710608144576016
0,0.19513724281870393
0,0.3295257816813852
1,0.8690172931095678
1,0.3972237172834401
0,0.15376906806615886
0,0.031245585905006108
0,0.8951008721427757
0,0.6737245804860869
0,0.5386148034154884
0,0.4657551520461761
0,0.014083163894634461
1,0.7350156457822343
0,0.8601117876717277
0,0.1531052004644203
0,0.31878157596756057
0,0.3370216622069423
0,0.10563745762719065
0,0.018737230669664786
0,0.5282715738819804
0,0.009843474097622037
1,0.8294201474271433
0,0.01491211934714002
0,0.4406096856475751
0,0.508788888072596
0,0.5399117771400976
0,0.9629990979922194
0,0.5687346919979702
0,0.058375937679526625
0,0.4038893230854943
0,0.00489855686451992
0,0.8995458511978669
0,0.031096526706637546
0,0.6252259174796428
0,0.5314934500918492
0,0.8184630361222176
0,0.31299558578618925
0,0.2274981970524585
0,0.01672161371424559
0,0.6487573802564953
0,0.05516595047206457
0,0.4454818024853268
0,0.056716624348009906
0,0.02100785107903675
0,0.8945209270290571
0,0.14167250911254897
0,0.7479408146481309
0,0.7694947557866272
0,0.8601117876717277
0,0.430087045494044
0,0.0791291715345136
0,0.15144649171208968
0,0.34930915714496064
1,0.3685595744430639
1,0.17502680543416424
0,0.1382332784399579
0,0.18115541278700223
0,0.2574905091045072
0,0.16968504911451782
0,0.36497322663245463
0,0.23855860630071268
0,0.6145732670133516
0,0.02318457504776379
0,0.3020473560136454
0,0.008881146026296574
0,0.1038740472830093
0,0.0086214477868329
0,0.21780505811351872
0,0.008198993248140832
0,0.03981716820946139
0,0.058767088201822394
0,0.3194128249051491
0,0.12611794611728677
0,0.22160129123887126
0,0.6035702713561047
0,0.5844484785220775
0,0.26834665850326284
1,0.8671561703197792
0,0.0791833846843748
0,0.01441282360387602
0,0.17174946553607429
1,0.6620246318197325
0,0.06767860814919169
0,0.21439562482694466
0,0.3620905890354608
0,0.5704595929008538
0,0.8269395438402628
0,0.5622811587647853
0,0.015759597287648787
0,0.03396703255774612
0,0.06397512745727088
1,0.8208046782740418
0,0.5818384065045412
0,0.07463906623893947
1,0.7904522183815708
0,0.6721406664868153
0,0.03222740002429207
0,0.5681428265700623
0,0.16592107624058694
0,0.028525180409064706
0,0.24924239475944504
0,0.6789124173563891
1,0.786346072718649
0,0.05198261501293214
0,0.22972265173093437
0,0.49022324044776994
0,0.07042353987847627
0,0.0507695162665676
0,0.16709373175495523
0,0.1375463699111417
0,0.7592892803753143
0,0.20328712457763762
0,0.39765868661952125
0,0.39857825100142785
0,0.018893554374390133
0,0.2603526969775813
0,0.5317751222593783
0,0.024962637608334417
0,0.0671045380550254
0,0.22060589845214254
0,0.4587041958831033
0,0.028687764612992387
0,0.010678853428707107
0,0.038761408603293024
0,0.7356796550003942
1,0.9655116888063331
0,0.5381101974550286
0,0.024207763466711434
0,0.2339880409199474
0,0.09650286577313116
0,0.006130079732692979
0,0.007605297324032886
0,0.007499033419337753
0,0.5038320168173737
0,0.055914300331855654
0,0.956103806343886
0,0.7530784774528735
0,0.25765907879949973
0,0.5947806954135504
0,0.0163295220466838
0,0.09762438766113246
0,0.19234281206778403
0,0.11002246958516883
1,0.46489940296607674
0,0.07567541117422835
0,0.06285337889558447
0,0.5130314532734879
1,0.7054311611446044
0,0.12932693449373664
0,0.4717374882140992
1,0.833555315489454
0,0.8098985422603155
0,0.1771249091511321
1,0.44765878825331257
0,0.6736110758460587
0,0.023533030354226613
1,0.9096657467297654
0,0.1497883409433875
0,0.2406612733882046
0,0.7348617412330337
0,0.06887750641789037
1,0.4312394832912461
0,0.12659540438817668
0,0.2140036223203101
0,0.01758021462022947
0,0.6227544607767754
0,0.5541272848951005
0,0.05634457098272198
0,0.9057846555775481
0,0.6647878570627856
0,0.8151362723405425
0,0.6400760640599451
0,0.8134959835377549
0,0.30834654186594623
0,0.028737602732748297
0,0.09971547144559702
0,0.686848799668731
0,0.37152486295342124
0,0.2729643917257228
0,0.7710948300085484
0,0.7777310651348112
0,0.4521724271565387
0,0.07384365204693799
0,0.7829433682689767
0,0.01091198836382229
0,0.8378870766042589
0,0.19523572011990767
0,0.006056315021259451
0,0.5762866163116814
0,0.8289336368953208
0,0.05865123463660267
0,0.06188198562882663
1,0.7060213375545664
0,0.466676657911812
0,0.024304797627092596
0,0.8757279707689744
0,0.07350770931232474
0,0.1217828017983952
0,0.8015910567071399
0,0.39855702108783164
0,0.004472151260008864
0,0.8258502945209751
0,0.8055968562704707
0,0.05944217542523951
0,0.17991924731098954
1,0.8738471746847497
0,0.3171373253813907
0,0.6189071330840709
0,0.17674460818043258
0,0.03788175680753009
0,0.8717903754940933
0,0.17514531883065645
0,0.3629321875952902
0,0.591165997634618
0,0.10070857488181231
0,0.46410249017768784
0,0.09819083986473141
0,0.6922593864898888
0,0.015164430608003517
0,0.6776887799978073
0,0.34665374377771374
0,0.23122170520471338
0,0.03053371314172094
0,0.43644996369927225
0,0.030202357906706046
0,0.519543327833442
0,0.4759783824429507
0,0.1130524508251903
0,0.0114694712658924
0,0.9462918040735552
0,0.31932377072011425
0,0.06826214706743841
0,0.031153140620740854
0,0.6552853820096354
0,0.8041518032316345
1,0.6208737523556181
0,0.11964437321834957
1,0.4132350440678097
1,0.8656266056490357
0,0.00277604800547099
0,0.2386605481582227
0,0.04026928457493225
0,0.05075254620253796
0,0.6872227096334579
0,0.10737136893704324
0,0.22283743353771943
0,0.3292123311850133
0,0.8448126847370127
0,0.4573667202436651
0,0.784506477369553
0,0.9152924021903331
0,0.19914817853327899
0,0.6683064352903266
0,0.11053434121432286
0,0.16043597197757659
0,0.2187433009846116
0,0.10676702513345651
1,0.9002942927660432
0,0.20865412886571674
0,0.01198147891122707
0,0.33188298723209875
0,0.37988743926060053
1,0.47082005635800256
0,0.22598518157658115
0,0.009274901256317547
0,0.23380225161520704
0,0.19191860987350437
1,0.8128062367443605
0,0.5756461091117928
0,0.20652956914498283
0,0.09293203837576676
0,0.036122727497268456
0,0.6752044651346192
0,0.10121936371543569
0,0.015928994056545447
0,0.05154641813623126
0,0.5360589504191154
0,0.6318451420686565
0,0.1333873000747663
1,0.8849671205617925
0,0.00787117532845033
0,0.7120371584248965
0,0.16079898289730182
0,0.0878576119427672
0,0.8701919004343082
0,0.491835158240665
0,0.889993363773852
0,0.11010511759738568
0,0.00703776113342256
0,0.4038703230957623
0,0.44140923132826876
0,0.015008067948111973
0,0.04584700967751933
0,0.05078302584382453
0,0.6836737451584747
0,0.1302745698766584
0,0.2909467850417116
0,0.5488036343332386
1,0.9223228264011504
0,0.11886310578722098
0,0.02724580888948354
0,0.01594006813987396
0,0.520747700806575
0,0.06288211614434812
0,0.008359530141566122
0,0.03400245101010999
1,0.8204017351344727
0,0.604133505158281
0,0.5098575636344946
0,0.15029629238092929
0,0.5500405906416693
0,0.26907618770979924
0,0.12329895390457513
0,0.6114897176680488
0,0.6566032817380046
0,0.23758409795907465
0,0.545964498908091
0,0.015117068421791915
0,0.7032482180304982
0,0.014129120879817497
0,0.7944663377995094
0,0.008651985079695083
0,0.813426691270558
0,0.21646078318817952
0,0.21697737370727058
0,0.5416475394811067
0,0.4596277643944172
0,0.057151747398256306
0,0.242096776540622
0,0.8064684487474342
0,0.10962460526793012
0,0.6764238883318149
0,0.0051880028360595095
0,0.9324111635009241
0,0.2690058273377048
0,0.09359364910478277
0,0.019073539127328308
0,0.02798398242710415
0,0.006938832088539129
0,0.27016133336484943
0,0.6299298126577735
0,0.026474509421399877
1,0.24146970143161603
0,0.3970633898744935
1,0.7402535436399451
0,0.005047594873994126
0,0.6030638962068906
0,0.43737234299649075
0,0.1259289406001384
0,0.1583499006864413
0,0.7615579167302374
0,0.1267372113783659
0,0.6745041113357882
0,0.809336305291824
0,0.5301573320856945
0,0.5382705766862131
0,0.25840740057542133
0,0.5530695084823325
0,0.23550222078613414
0,0.0797013290013582
0,0.7681510944654445
0,0.6799168076133266
0,0.31099030563862107
0,0.6501957639058075
0,0.03649210074022222
0,0.007746043565237806
0,0.8690550492219022
0,0.7686426824412893
1,0.8909569414199494
0,0.011527325588850465
0,0.008342912049911572
0,0.10582228440446556
1,0.930219100914485
0,0.9433167485159005
0,0.29147859279460564
0,0.01119298884156527
0,0.13617009595381713
0,0.5497757783681115
0,0.7643825930076527
1,0.9135869372064687
0,0.019538113064965806
0,0.16665077543340448
0,0.345470321331464
0,0.3203361313042435
0,0.2751765564544529
0,0.014171051567233204
0,0.6351670844209064
0,0.33695645406077174
0,0.6458137045166892
0,0.19968073424999647
0,0.5156744568458882
0,0.10574500635990297
0,0.11301909024330621
0,0.08742917579832624
0,0.08856413486890831
0,0.13737093050300753
0,0.5989344859043829
1,0.3428093604238267
0,0.8521615594459571
0,0.16774105903734793
0,0.14123466937939305
0,0.015597719505455462
0,0.06701261330423125
0,0.13986406020877032
0,0.4339087737964036
0,0.01619538629789906
0,0.05767125081126013
0,0.2533504904582735
0,0.42586335415097337
0,0.21391369382228081
0,0.24360449721734545
0,0.20976341104974017
0,0.6583714018300211
0,0.6855997187643561
0,0.00848157701333839
0,0.16907353643012996
0,0.08616643755616606
0,0.013352144947231937
0,0.15711902419785012
0,0.014652952486549591
0,0.28735919414633904
0,0.019662491839091353
0,0.5643583919894946
0,0.7931988359051446
0,0.11741227818577296
0,0.14806630989510736
0,0.10395933291178933
0,0.49271675185789277
1,0.5905789092510537
0,0.4150694125872371
0,0.0795175835967897
0,0.6119462678992674
0,0.10337245218206326
0,0.4622033793684382
1,0.7368349664903324
0,0.4032928956255302
0,0.43088104964225216
1,0.9258812415335625
0,0.14086495730569568
0,0.4355216613359129
0,0.0413644622725649
0,0.23931099312816742
0,0.3345561435483428
0,0.5459610783386981
0,0.49341885954297443
0,0.02898869375986155
0,0.4247740723350016
1,0.8691626630744188
0,0.26793341015755673
0,0.6537308181654463
0,0.8470637136140702
0,0.10817160319956802
0,0.16871004104027723
0,0.620223657464456
0,0.011022269153170583
0,0.14447878146788165
0,0.040104070195118725
0,0.663074375632591
0,0.035912479870055525
0,0.9003338177033953
1,0.9065847968770779
0,0.17001186563210144
0,0.15053817163618055
1,0.46536168701198777
0,0.23386493648116682
0,0.02007542572051534
0,0.1258156786993592
0,0.6619295910726072
0,0.19973366883085894
0,0.10969362226118395
0,0.908774320699291
0,0.7182990077404537
0,0.031547773516922825
0,0.816846577189196
0,0.07560218601217412
0,0.01936334727212032
0,0.00299127209855746
0,0.5754029043253839
0,0.490712298086438
0,0.1772157107598339
0,0.0428290573803247
0,0.01417407765961655
0,0.05153676066239221
0,0.23463378233819432
0,0.22896366486399405
0,0.5717406632561186
0,0.15854243148291858
0,0.05578610387028649
0,0.2890058373315423
0,0.02227947099997783
0,0.16725399487506792
0,0.1003044995711439
0,0.11754148601553213
0,0.02298617488793069
0,0.00834347010830591
0,0.4017679645242942
0,0.9028715381793581
0,0.006061284397395396
0,0.37967601263298534
0,0.025506983819574426
0,0.12341602637139241
0,0.37870787981393417
0,0.2620849853149683
0,0.10419743466655955
0,0.044188092490067665
1,0.841587962832812
0,0.4114713064471309
0,0.5839739357318023
0,0.7676949250363189
0,0.5472890625914337
0,0.07652925654153173
0,0.9144526847805906
0,0.650027287566795
0,0.058068487200927915
0,0.02783513060749306
0,0.1104792356461883
0,0.019615764540298206
0,0.3560783427632167
0,0.08705945798527909
0,0.09883426209975776
0,0.8817198661024674
0,0.005947204136099485
0,0.5386517641000282
1,0.586552269288259
1,0.24148141874332418
0,0.030014251582505314
0,0.2836310730083041
0,0.35249514445395347
0,0.2879303153634228
0,0.01041984635443987
0,0.06234894750747511
1,0.8797243493055367
0,0.6464695905104978
0,0.2870237710503792
0,0.06878661347831848
0,0.17055412732606845
0,0.11572082164575133
0,0.2568036222258778
0,0.048382891090290606
1,0.9036589603100942
0,0.05603812208451013
0,0.11875721014617478
1,0.7508190472622542
0,0.06358201841579994
0,0.008273819715233274
0,0.2731003311716245
1,0.7725711141519078
0,0.2612293036555982
0,0.022678061408078605
0,0.013983542222538666
0,0.06419418161232254
0,0.13170329426717342
0,0.13831866244982044
0,0.3055137035855575
0,0.48676075005556096
0,0.2333460165630366
0,0.877600843738054
0,0.07315371943161844
0,0.11221021053204687
0,0.005204647196714984
0,0.5826330406918744
0,0.011755950096828557
1,0.8871361131800087
0,0.09108114944886997
0,0.009015760742428304
0,0.0890628740613536
0,0.1557711768872514
0,0.7650303977661739
0,0.303423493162297
0,0.1953718678960945
0,0.2260670167924623
0,0.05969920284213412
0,0.23450409641713382
0,0.04036953329919494
0,0.1033099660854189
0,0.6665511213205841
1,0.8332393131498617
0,0.007366876940982722
0,0.16834420119865742
0,0.07762713904358644
0,0.1550682198187307
0,0.43557298090499846
0,0.04815840755130237
0,0.683148123176666
0,0.005471699425320224
0,0.06803797565504789
0,0.0692702676924222
0,0.37745625101251074
0,0.09567645973367374
0,0.8385507697670102
0,0.02079709258292215
0,0.20723894817184615
0,0.07798070043518626
0,0.0518071975614507
0,0.09925979824247916
0,0.8822661022240981
0,0.010803823528952367
0,0.2793772703120088
0,0.342241996061349
0,0.12265508057636938
0,0.23385184002848655
0,0.29413077160448814
0,0.01706759681572174
0,0.022694954470214863
0,0.7571486409836015
0,0.8314311993449239
0,0.8858578105941791
0,0.550577200215663
0,0.05126696480538301
0,0.5489701587243091
0,0.15105978220497027
0,0.38334492880034476
0,0.8781665171135091
0,0.23432667755000097
0,0.8979398522668208
0,0.08982350609076122
0,0.13646235967656287
0,0.009981908284952228
0,0.07986014665337302
0,0.24565192233904617
0,0.676374393245742
0,0.061449920747051405
1,0.7192899063841032
0,0.07923518259681547
0,0.8465785284049405
0,0.4634024879287725
0,0.18532172470879357
0,0.0160613608089214
0,0.04107775345359199
0,0.01128388472013992
0,0.2861964777734126
0,0.505181798493834
0,0.6069321148239026
0,0.5468104275914509
0,0.44727197046161327
0,0.7952904316093884
1,0.7912576838079212
0,0.08118484272537184
0,0.4096845423929788
0,0.4466389344949611
0,0.0795278153370617
0,0.23827947585906498
0,0.5801489656821024
0,0.015405804636206792
1,0.556501339507128
0,0.12263910334366715
0,0.03294767150259903
1,0.3185054547498587
0,0.6557638159280877
0,0.3859137911252055
1,0.8964832806521711
0,0.36029501949403725
0,0.9011568854063008
0,0.07660424663710631
0,0.018904615106879942
0,0.08256564903629222
1,0.3428732882419413
0,0.006671627102102101
0,0.015358423728664807
0,0.09036267267977034
0,0.19783548225386044
0,0.12516827537563696
0,0.059234268011774054
0,0.20194912299200377
0,0.25122812407449396
0,0.16527899159960424
0,0.6723281153099817
0,0.08611268253382964
0,0.48387295358055127
0,0.7218953570512778
0,0.6291484798450637
0,0.6945051443518107
1,0.1613795142565783
0,0.16290147356769974
0,0.2863013883651272
1,0.6887540774484622
0,0.31393395021189757
0,0.6280742573636282
0,0.020350956530744486
1,0.6461067154507766
0,0.00481427031512971
0,0.06484851933145697
0,0.5500930669997134
1,0.8601696269521291
0,0.7110669599165522
0,0.41591107185725834
0,0.04428869302150854
0,0.11103218799885789
1,0.9165281006333701
0,0.132355094028128
0,0.01035336430931187
0,0.873004407694347
0,0.06396505601172252
0,0.1326109118003851
0,0.01655127383867586
0,0.09270932331493986
1,0.6288667220299236
0,0.00837193069979761
0,0.9480705259911165
0,0.24003337419983986
0,0.014016970943862042
0,0.05736525753364397
0,0.5198256837647915
0,0.01738222263885029
0,0.0813067362472466
0,0.12047873078872634
0,0.35922911273511987
0,0.5296126629276177
0,0.25047544726115945
0,0.3869154422612471
0,0.6613143412568853
0,0.582027798619081
0,0.18009557596975875
0,0.9130665766089705
0,0.8139552971012686
0,0.7195715670872539
0,0.7153522062785485
0,0.1134440473721479
0,0.6158069437930752
0,0.24193756871699426
0,0.2468090246393796
0,0.46317581824409587
0,0.590851831854069
0,0.07639166724077082
1,0.493753350253419
0,0.9046617163832475
0,0.2060785290394719
0,0.29378658632971255
0,0.8592120207103728
1,0.7772554825834141
0,0.021448618852748205
0,0.04526786905108446
0,0.07065821132485754
1,0.3698823381782306
1,0.9104069509981331
0,0.01107323037414381
0,0.6566172087801381
0,0.020791020693897454
0,0.019196464336318497
0,0.4560483118519227
0,0.09382922325863959
0,0.006652749922608508
0,0.13464980336033147
0,0.017111352835299097
0,0.9548313376625315
0,0.1249669441724629
0,0.41240438428627063
0,0.17750622695979504
0,0.17113218059807617
0,0.3964183112221675
0,0.3768343109732443
0,0.053128247410179553
0,0.19769016111178953
0,0.4971998633819515
1,0.8374327668343728
0,0.14636294858327445
0,0.35219898352936085
0,0.6893742868091113
0,0.06189625056258796
0,0.08298428732127962
0,0.3003237161092588
0,0.18276600997295278
0,0.12556473253439698
1,0.8128046589463481
0,0.17867188092396302
1,0.8558052995331589
0,0.15137808362512734
0,0.46767562811309243
1,0.6597260354827885
0,0.06617816967475697
0,0.014968172857918571
0,0.016217066953257146
1,0.15548838928635403
0,0.45018394481273477
1,0.06816899383397175
0,0.1501114367140425
0,0.20659315629699132
0,0.6566913109408922
0,0.1099594790478643
0,0.3021871584719983
1,0.7620404762827404
0,0.23645015707349418
0,0.06072182364141714
0,0.028410752602813515
0,0.4714182756853303
0,0.31578691687303234
0,0.017338512209453764
0,0.2705810507211762
0,0.0464107444196971
0,0.5408533992408172
0,0.08371107356775818
0,0.20229968604953905
0,0.20827346164920452
0,0.10948633826077189
0,0.3661772465901464
0,0.09772179499700456
0,0.2351228900049256
0,0.010809232140732442
0,0.014629444208897491
0,0.15614581012984138
0,0.2198271018430013
0,0.10913474185510852
0,0.40123668406176927
0,0.07852185064766135
0,0.6553279988492761
0,0.11699348953128032
1,0.9227645052602028
0,0.04892876876120475
0,0.20388185748967635
0,0.12583058325525676
0,0.5614819828101242
0,0.7125058493823669
0,0.08796857331478569
0,0.048295162551728776
0,0.31310884222597485
0,0.3999975158722803
0,0.9716843989306475
0,0.13317869861400822
0,0.5128314454869223
1,0.4300751364298808
0,0.021993273555571926
0,0.298125935616101
0,0.6552869258420632
0,0.7661875227566504
0,0.022592533134486916
0,0.18547225412676452
0,0.4556704307515679
0,0.6034730888258535
0,0.03847861767897862
0,0.05701064591341233
1,0.4251043235264539
0,0.5104197848111197
1,0.8013073254061057
0,0.12082322514050849
0,0.02899649245396089
1,0.6793156495064573
0,0.7608089764943455
0,0.1743247431086476
0,0.2697397567714445
0,0.03247627944899421
0,0.7969935487156355
0,0.038689017223976815
0,0.285938143540033
0,0.12333969172599471
0,0.049533005963149995
0,0.8382603357365795
0,0.851995093263139
0,0.5575616071162933
0,0.09562574827001578
0,0.09103905812718835
0,0.24909584013705394
0,0.7498347445787122
0,0.025448034532346692
0,0.633346871373637
0,0.1197985073274609
0,0.49868113812405207
0,0.1826313278071013
0,0.28147671316940237
1,0.8215197751473474
0,0.10045403098247593
0,0.06648789349945607
0,0.03436916450190174
0,0.5089838135513876
0,0.060058742976477446
0,0.2517702142597046
0,0.7512721093214599
0,0.005716462298666641
1,0.7467478779880179
0,0.8955865482904879
1,0.8743997984268854
0,0.515292976462751
0,0.21243603548350995
0,0.042818689974701195
0,0.033864972203834054
0,0.06361204149303945
0,0.29058475841242976
0,0.39824893850015386
0,0.633450814935835
0,0.7580463570817021
1,0.8283590801790723
0,0.05173731222049641
0,0.007188545811420624
1,0.5728598350277997
0,0.36767502937993396
0,0.13131221807733082
0,0.21596102850002633
0,0.4611414212990129
0,0.08349209491799008
0,0.5469210305728232
0,0.8706616663706651
0,0.015067015124426264
1,0.7085731545086319
0,0.25130556688492317
0,0.5816093455261231
0,0.8932353742755953
0,0.04549328092808112
0,0.007491916014612626
0,0.01832454075231912
0,0.02110174393978404
0,0.6810434013067429
0,0.011543191405495317
0,0.8258508798403779
0,0.8658670086164292
1,0.599081793631828
0,0.2744385122403018
0,0.3104994371650112
0,0.00898001697659697
0,0.2608678313820944
0,0.6259943139577211
0,0.3117470733555541
0,0.631388819347943
0,0.05295068151495756
0,0.04189346753865724
0,0.6935773822176663
0,0.33070495283414886
0,0.018859955694318996
0,0.08045389425015147
0,0.06880734004440357
0,0.08106862112804203
0,0.6596168303477028
0,0.014972247002202265
0,0.02594190753633371
0,0.07122960214051564
0,0.5331199806645639
0,0.7577894410156037
0,0.18905248473231193
0,0.17956410246409044
0,0.725244035491473
0,0.2169897114538996
0,0.3734492880283392
0,0.32519199531457477
0,0.7354756821570836
0,0.14297623934871614
0,0.15370327915917276
1,0.9457344429770344
0,0.5426740301383759
0,0.4274784648482493
0,0.13617009595381713
0,0.18495017645264566
0,0.09509025919575335
0,0.16140324056448824
0,0.02020591114586766
0,0.010093116481359557
0,0.3111097664271062
0,0.4467732596437713
0,0.2398003922782086
0,0.5741470516093978
0,0.13377309886318198
0,0.015458257245104383
0,0.35593304716020896
0,0.6110163743209153
0,0.008646827814875921
0,0.04832964832236556
0,0.7085564078516724
1,0.7169500184364902
1,0.8802435056278218
1,0.9124339914885705
0,0.22610754266176336
0,0.19332380714520353
0,0.05916642585154687
0,0.057350034271680984
0,0.8504242010405246
0,0.32788553716459456
0,0.11293404667605138
0,0.1875716507494156
0,0.00648980913705452
0,0.21888665279025277
0,0.13924719340687317
0,0.7392440125565221
0,0.19173665324903078
0,0.007099533798280363
0,0.02815535804142269
0,0.013091387879456032
0,0.23280530968910063
0,0.32113551647504657
0,0.04533109412009451
0,0.09628250480348106
0,0.20453894306273537
1,0.9056267760691824
1,0.8961978266886882
0,0.023911294590590205
0,0.40405772993968875
0,0.07597684924302545
0,0.005041023727689121
0,0.04957269558446795
0,0.4554812285153829
0,0.43287769945755816
0,0.002884841387948369
0,0.5557325158963962
0,0.3890113817612221
0,0.014590419312683093
0,0.33427984171988784
1,0.3748257661459806
0,0.08961940308101098
0,0.25240147280131225
0,0.01314243801692262
0,0.7639862944674366
1,0.15189115718733723
0,0.7938620092685575
0,0.6466844403610069
0,0.6895741338859293
1,0.39944716406094294
0,0.06270135317456328
0,0.1399641620621685
0,0.032555662106292335
0,0.06546650546886378
0,0.2695756165578736
0,0.02074120688981668
0,0.44842659241172456
0,0.17037332930762933
0,0.09245877649716164
0,0.2598064582029015
0,0.07037033944844766
0,0.726025607280345
0,0.21288454463633402
0,0.06222922244011817
0,0.018760547243122462
0,0.11698085505002773
0,0.1636774354974188
0,0.020772634325313354
0,0.3190182973286188
0,0.017205507743500426
0,0.07886776571432852
0,0.04528982091173255
0,0.017044171037621094
0,0.10546369590850514
0,0.10448400866259906
0,0.38331435067808134
0,0.8708715053778043
1,0.9081136619573942
0,0.32412365654760483
0,0.04654639171463572
0,0.23010241586919936
0,0.20288816026787168
0,0.2913981759122948
0,0.12173439669871357
0,0.5436573087881155
0,0.5569889458451233
0,0.10490657265438824
0,0.012519495154055496
0,0.6555270433872726
0,0.07059277518990033
0,0.15904478482841722
0,0.13802850816121864
0,0.15352943767579288
0,0.012112928813883527
0,0.52332083840077
0,0.06408499356208351
1,0.9324308473809325
0,0.006776334430230501
0,0.6264958392802565
0,0.8755308529854857
0,0.023745143706260984
0,0.037217476645896516
0,0.40766907214427733
0,0.2500679468115357
0,0.41828849343234775
0,0.2979429243439101
0,0.03769015723147981
0,0.12726943617514147
0,0.5455475887579262
0,0.2781874671184456
0,0.635253228192847
0,0.7040226207677841
0,0.02697027801381953
0,0.5867644639706996
0,0.8869186111841775
1,0.4292599246743313
0,0.13831909856536204
0,0.10978702293744903
1,0.8876066416812567
0,0.018617819258124987
0,0.03511256915290215
0,0.012744832021434001
0,0.3899038331895918
0,0.3036771242623355
0,0.009056517042898931
1,0.6715250543346478
0,0.1968978628966879
0,0.3682405910106034
1,0.44529912727628634
0,0.6784046423688389
0,0.4215603281418809
0,0.6506670465743221
0,0.4485968310405531
0,0.3054743485936346
0,0.7872776466981457
0,0.7337137637963436
0,0.623237875211799
1,0.7183700707293529
0,0.01482230705700809
0,0.6895985962523518
0,0.4122217077303698
0,0.32165576164733245
0,0.4231615539292223
0,0.6436428866964121
1,0.9277533680591427
0,0.16339852455026987
0,0.11828024861430064
0,0.01933156210768762
0,0.2814380775726767
0,0.25316006487623155
0,0.8223644909888171
0,0.030840790643953016
0,0.32585768215287053
0,0.0435148905454841
0,0.017115624989277035
0,0.24438385776267468
0,0.16579053541608568
0,0.46855696479343617
0,0.08000449289002967
0,0.15102230195081248
0,0.06863876852280158
0,0.5092351102454589
0,0.010024039314758537
0,0.017452416822156515
0,0.23967022396831103
0,0.024693552676654438
0,0.35266983567584065
0,0.24662359191520822
0,0.6989107316303118
0,0.10432148997845124
0,0.07846900097439909
0,0.15664255306156769
0,0.10625071465870939
0,0.21699228748070135
0,0.2350281566260742
0,0.6866774537252317
0,0.8420515984875888
0,0.022904836649231493
0,0.26697257565959354
0,0.7183863810714735
0,0.008057196321280283
0,0.8912181748873389
0,0.04120464856439274
0,0.11304210395476105
0,0.2090658342467226
0,0.24998780083588384
1,0.7796560743546767
0,0.020472176774040247
0,0.7111121336264965
0,0.32362720445763393
0,0.8532131341015483
0,0.9055473958920605
0,0.8123488547570272
0,0.7021430479382538
1,0.7930763231148737
0,0.015113336264240341
0,0.05898690812435646
0,0.04875568906646257
0,0.6002857885573434
0,0.15262250279043452
0,0.44958490330884276
0,0.1252402762648752
0,0.19726041661766688
0,0.052712695565345684
0,0.5003597186604022
0,0.1576412371815301
0,0.7359495207940305
0,0.22393098366329464
0,0.5842611062871781
0,0.028463824158847503
0,0.1420048877145683
0,0.6381542168146539
1,0.49117007316692907
0,0.3227653044994102
0,0.6360468926091549
0,0.33074574151164793
0,0.5361341492284175
0,0.10321479956795034
0,0.018797288828245183
0,0.8580151816683467
0,0.161654269254984
1,0.9577174806804131
0,0.046639138508665974
0,0.17331069169607488
0,0.3183863663329425
1,0.9251252375683456
0,0.053212535341623034
0,0.09460753980952931
0,0.07030680849388257
0,0.2124267647772642
0,0.023084539049070273
0,0.19669322997565472
0,0.9559981941593395
0,0.12249624969415085
0,0.030977389223636024
0,0.8990565588014638
0,0.6525541210823764
0,0.5766089812030226
0,0.07978952687542137
0,0.015295521263897853
0,0.07960936974279084
0,0.10343967966432398
0,0.13010307361243742
0,0.8471256888692742
0,0.6433785465797093
0,0.32948981496145696
0,0.12324733668574799
0,0.478160859239158
0,0.055892102273493935
0,0.19888386574931954
0,0.8956395454584125
0,0.05083073536503801
0,0.6394168471782661
0,0.06547213502956273
0,0.04613183663448132
0,0.20274085490483024
0,0.18766621086363278
0,0.5411975657642221
0,0.13681557056516158
0,0.20901089520392735
0,0.09998040968053959
0,0.11648165395719183
0,0.11947182333435337
0,0.16024318913012536
0,0.7448268736965055
1,0.013950026254290128
0,0.017142969955209322
0,0.3137634908851456
0,0.7463123408820473
1,0.44597671959354507
0,0.19311002324419166
0,0.11991555697960692
0,0.425347816172282
0,0.1281347651127026
0,0.07767879169349146
0,0.7910417673047339
0,0.12668925425274977
0,0.0727932552805691
0,0.1680878212608292
0,0.12687731487307702
0,0.06514696378642755
0,0.7268606378167937
0,0.06693455184105397
0,0.5640966591891585
0,0.0675009254953405
0,0.06570964729403231
1,0.8463428711752742
0,0.03298765154228686
0,0.11660392349042285
0,0.10945260482978848
0,0.010361019119141297
0,0.007577840399530309
0,0.27464480006113046
0,0.04275194946174272
0,0.16821091455403991
0,0.05418810068366951
0,0.04850640504275048
0,0.14511084806530694
0,0.8937431077154296
0,0.3075111272373857
0,0.26922700050792014
0,0.06874164496689339
0,0.6737479220789117
0,0.3658346676311239
0,0.42297708992653665
0,0.5528824166242474
0,0.049034234686704745
0,0.004575989711395425
0,0.004871123753818838
0,0.38330839182887216
0,0.07406868570743493
0,0.4947521247113817
0,0.12472179536647664
0,0.24193756871699426
0,0.5626480868504622
0,0.05056250317606587
0,0.2507995514035746
0,0.016772741707371
0,0.7363254763745999
0,0.11486863117354314
0,0.12188826489866898
1,0.8643336918842939
0,0.13501904709237242
0,0.11772955062743008
0,0.87374683991772
0,0.2707643123385649
0,0.17211513188425998
0,0.20045770142322278
0,0.5092985432029574
0,0.01569318232905364
0,0.023771557920146385
0,0.29455953882372865
0,0.2458625005618506
0,0.37803827085097286
0,0.2964041433380812
0,0.4079816814586732
0,0.3751551759054983
0,0.871543000518246
1,0.6756554336871037
0,0.009460087345535764
0,0.07838219395311763
0,0.05393795534376509
0,0.18625909861177664
0,0.1293134232866748
0,0.1015869546966128
1,0.6722393617715938
0,0.1559150291032156
0,0.03265610503471332
0,0.1990143949121534
0,0.9631185762817478
0,0.5399959684274398
0,0.24765912704923648
1,0.7541322630174064
0,0.4891492648591558
0,0.08386367578207655
0,0.328415802778574
0,0.26818070745535777
0,0.33361492806836596
1,0.8964062378900405
1,0.734704252976878
0,0.08365847225727588
0,0.006282079024472375
0,0.6776180456515182
1,0.7196067920534759
0,0.6183621210176437
0,0.15570234952555218
0,0.5337323610874161
0,0.007806734507653192
0,0.04273795965488722
1,0.7146355805703707
1,0.8758502365760992
0,0.015826981687175373
0,0.041157379702438844
0,0.4254389262721192
0,0.6947556987992006
0,0.06448618371823471
0,0.18608045571389847
0,0.4956208914239387
1,0.291756736520459
0,0.1404802829585495
0,0.19552843655423302
0,0.22704606716899364
0,0.8330893867014865
1,0.8771100395803808
0,0.005035596708436564
0,0.0049238837734749945
0,0.06683144381705737
0,0.15889752793492926
0,0.5146916727156455
0,0.23259047772041455
0,0.8695662400609578
0,0.725490179697197
0,0.1603570448069415
0,0.18826432512810212
0,0.14345774764529634
0,0.16667590955936715
0,0.2594088600135585
0,0.010445982188615578
0,0.008986070458869766
0,0.22557112836850723
0,0.4991854389492375
0,0.07134380957215676
0,0.5834348421306824
0,0.0068939004509038365
0,0.06434562983705755
0,0.5760765621893277
0,0.7297706511231025
0,0.29845143694007564
0,0.09145513353288134
0,0.15038976577169655
0,0.3534784356277413
0,0.4588099018836901
0,0.003404118020427811
1,0.785618231918477
0,0.8049765020863722
0,0.7031067034326373
0,0.21498168695873834
0,0.036260621807360685
1,0.4378519598088262
0,0.4617337680204117
0,0.5301038460686209
0,0.14829865371660422
0,0.08190915999246524
0,0.02889176075285689
0,0.5165636889055276
0,0.8808729729393139
0,0.7473180673226313
0,0.10546369590850514
0,0.2697229728096767
0,0.08994827909326322
0,0.01156633744262394
0,0.11029805845982
0,0.010175298361067677
0,0.8548252602265876
0,0.7681510944654445
0,0.2438689805882875
0,0.8060267675127037
0,0.6111202999980451
0,0.025580187324730302
1,0.4718996230337512
1,0.9118566926158377
0,0.4685084889009991
0,0.7014053108819175
0,0.34248536141926766
0,0.7480233107315026
0,0.006508112986376578
0,0.1752729094978924
0,0.06880734004440357
1,0.6985119183960634
0,0.014121535670073744
1,0.017677051620325065
0,0.7508978062253314
0,0.6177849355778213
0,0.35376189339578773
0,0.09865894440482378
0,0.08169103524442202
0,0.015308586140183758
0,0.8090230438085606
0,0.30356506023496443
0,0.7604034259224001
0,0.12224926465014653
1,0.8867313510651466
0,0.8312185707054335
0,0.02935738827729078
0,0.040851384989752784
1,0.9235342135730685
0,0.421917271914203
0,0.07056859427654608
1,0.7640239774392026
0,0.5796633270456658
0,0.2675069723220107
0,0.7308977470306208
0,0.8074129856464759
0,0.2529545039780479
0,0.3550107744031452
0,0.6991869510695007
0,0.04286195267755735
0,0.18380493300992115
1,0.8971011020564034
0,0.915258978450425
0,0.039256434001714725
0,0.8679226626062101
0,0.08090643162623615
0,0.252688784853312
0,0.47145709625957405
0,0.03024147593822499
0,0.5182387726901841
0,0.06136309043611825
0,0.028667777784424045
0,0.4993255873603402
0,0.00564034442285162
0,0.7847395849591139
1,0.7972172076222513
0,0.38869448916993576
0,0.24675563227705546
0,0.05757932616836683
0,0.04435203585812073
0,0.019063933340994807
0,0.6580485899050934
0,0.03298310644888469
0,0.012679103465795543
1,0.6550345520337416
0,0.5373333138825516
0,0.4132000433380684
0,0.0062169025403699335
0,0.020280860373222596
0,0.0141955804496865
0,0.026724111528404176
0,0.07419528650760268
0,0.25858021584225704
0,0.33312067272232904
0,0.0876458138759799
0,0.9592689129534612
0,0.5180029664956591
0,0.20219129137234332
0,0.17152299707692878
0,0.6047406152604251
0,0.2717940007599597
0,0.3199121182789656
0,0.12224521114647371
0,0.1724068599708237
0,0.18327049085620645
0,0.23592225639715353
0,0.14195955225307091
0,0.242101565235829
0,0.38231784715929595
0,0.6060648725451946
1,0.5958796600940267
0,0.081579625787149
0,0.03261429690049076
0,0.41279743314963374
0,0.02781615653130776
0,0.5163811255584869
0,0.8317146636562414
0,0.019287810607565483
0,0.3198904105679688
0,0.27037172928625836
0,0.035065152598041154
0,0.28346707495467094
0,0.0786851240686935
0,0.43578812792880617
1,0.5416812613960382
0,0.06754938286419611
0,0.015610840619720642
0,0.6235709519968841
0,0.5157900091911166
0,0.021449336192025246
0,0.06303654924733354
1,0.7204414639379101
0,0.4757379014844131
0,0.04349458584096508
0,0.7628178277150041
0,0.34166792910832566
0,0.022786064348279306
1,0.6043817869117898
0,0.021224052409914703
0,0.022643953578349373
0,0.42603971659766743
0,0.37341617480503697
0,0.28750743728013084
0,0.08121469646155674
0,0.14771103523176285
0,0.04983785451132455
0,0.3621476178907279
0,0.04918035718246608
0,0.17879195440706347
0,0.7460876243481016
0,0.04314820979950454
0,0.4560977394958013
0,0.8500309443494908
0,0.10135368837430966
0,0.9123378603702645
0,0.13333960586794646
0,0.39336370064100973
0,0.3438751310247849
0,0.043827296310675695
1,0.5706235004503167
0,0.8039915921297063
0,0.15053232631722313
0,0.13938229580567066
0,0.8554431414060466
0,0.5369362328947672
0,0.4738874153680394
0,0.09662997965198575
0,0.5596329090704453
1,0.8797243493055367
0,0.8419657483804506
0,0.25944696175147375
0,0.06541927830241165
0,0.07251606613399446
0,0.5705267123925798
0,0.057679742433109284
0,0.7816781766801922
0,0.08708088789721806
0,0.1102674105261115
0,0.049562485769347756
0,0.4813569148991781
0,0.6738060212444016
1,0.7824733426431572
0,0.06716202469234096
0,0.01615003475226768
0,0.07652709327323835
0,0.34295302552582235
0,0.2260341746865837
1,0.7895874709293776
0,0.13206059648320284
0,0.15798098519190687
0,0.09643340657439352
0,0.049003801372126586
1,0.8267717507587217
0,0.05000393620625301
0,0.15316390810993222
0,0.02863389888435467
0,0.027961464415435563
0,0.10453763943048404
1,0.5202944811152843
1,0.7916859934078868
1,0.2687815080924484
0,0.06376217830354405
0,0.07930936099672961
1,0.7095994140769832
0,0.3548572046564562
0,0.49287074484868265
0,0.15389083607879842
0,0.21259214814637312
0,0.2466013515723651
1,0.693398667591299
0,0.15127504977858758
1,0.8192502894775684
0,0.0692399605536317
0,0.006271579259576698
0,0.8263888804823808
1,0.6089839583010589
0,0.770221350567657
0,0.20903078885000365
0,0.011874089038042416
0,0.34916855146845344
0,0.1450125684984412
0,0.1893954211931867
0,0.7456081508727355
0,0.12335558247808541
0,0.004884603063091421
1,0.8160837818022334
0,0.09764320604756607
0,0.05154807373475864
0,0.008963505817612818
0,0.5358967592659994
0,0.8945636847177483
0,0.1609887073436509
0,0.05047346688940471
1,0.8671600601189727
0,0.12631605487958855
0,0.11444833973770661
0,0.6203200641929998
0,0.0648892956032201
0,0.40385689521035717
1,0.6274407435591784
1,0.9548532901188419
0,0.01460320770460349
0,0.45963137295389145
0,0.3012244451981603
0,0.05114739295225498
0,0.022727946189026342
1,0.9528044426623541
0,0.5240136924513519
0,0.08338148382199019
1,0.6216875074586772
0,0.03192847599739868
0,0.08706709003135059
0,0.014649021393547016
0,0.3912466075947063
0,0.7000920596054432
0,0.8543207151965313
0,0.742066542318644
1,0.5539632422064565
0,0.25002339696532366
0,0.3026924215489866
0,0.04306335895473553
0,0.010253749444990256
0,0.05676614436114272
0,0.528516584602543
0,0.6249335782033589
0,0.4565599600833443
0,0.8984357075851203
1,0.416265628519301
0,0.5602684612016807
0,0.29077095633860406
0,0.01922213549820363
0,0.9076696988777404
0,0.009776973581231934
0,0.7069529099737978
0,0.4371036568407178
0,0.2067717649257753
0,0.6564184253138339
0,0.42791525724811363
0,0.024627569695963983
0,0.6032017377478808
0,0.8137503547265509
0,0.04893732553655552
0,0.1137684193928181
0,0.1394569910339581
0,0.3401946961575521
0,0.039209269553683354
0,0.07600752823982347
0,0.06192299002726298
0,0.05723939894532327
0,0.015518508387562316
0,0.08014035700735483
1,0.6295565464338124
0,0.0032921043064709074
0,0.016921869478482256
0,0.025527325831160883
0,0.039860149589294874
1,0.9113409637106266
0,0.07422038302371768
0,0.08906337297899103
0,0.47333574491620867
0,0.21320952529658246
0,0.476092824135533
0,0.011680371774622852
1,0.816389446835672
0,0.08234540302069605
0,0.12608367807926038
0,0.03241195008278317
0,0.590419738860648
0,0.36194360811528953
0,0.15675668740917925
0,0.5815282947397032
0,0.7516712526471762
0,0.11677917566802927
0,0.0970546955867279
0,0.010734169069774074
0,0.1202378750543721
0,0.3463978040786883
0,0.08332465652053664
0,0.8150026686455777
1,0.9108921283006741
0,0.7001924343988839
0,0.22685419327298803
0,0.6058265347665993
0,0.01062927036574443
0,0.7670163537325533
0,0.8238107829086693
0,0.11174844999292669
0,0.05539125024509288
0,0.21436211604824326
0,0.02812437097446049
0,0.2935135736904961
0,0.2789321935524865
0,0.6572500303861774
0,0.7603159713010108
0,0.0194631036808267
0,0.7200609605889763
0,0.01673232259247991
0,0.17517973602351114
0,0.29419003145959266
0,0.01910339350561082
0,0.0858297597054518
0,0.023248133336915514
0,0.9360575880889639
0,0.04410625498625094
0,0.7522112942573252
0,0.4480981324497315
0,0.11302953487059887
1,0.677397312393465
0,0.7322478433736853
0,0.17358212176791643
0,0.12420742283266611
0,0.6563042386857715
0,0.6026959006200393
0,0.29375386423348926
0,0.63006100846793
0,0.0794260380187198
0,0.2462958061838461
0,0.1817313022121903
0,0.06250953395168045
0,0.6577825077344475
1,0.8994391496779833
0,0.30633977769908444
0,0.48030706409358603
0,0.28681081679811377
0,0.11044942676196062
0,0.1088311264609744
0,0.7210747954392548
0,0.2002047482284141
0,0.023501952444269086
0,0.5969449378663196
0,0.25214610653739356
0,0.491889314232803
0,0.8592960395164507
0,0.4584630211639856
0,0.2911271203860403
0,0.3013346964036551
0,0.3522567091566921
0,0.32190833307397726
0,0.08470295308694571
0,0.21743518496525213
0,0.7574233532736142
0,0.8896702832201909
0,0.014390367769938735
0,0.4491064119984305
0,0.16644761889555246
0,0.17645142597593444
0,0.06751408963712019
0,0.12489654261262267
0,0.19119541491495862
0,0.22574048231576402
0,0.43563430981535267
0,0.01943223456531669
0,0.8945824240864917
0,0.15842344632876268
1,0.9064072015255611
1,0.8837296783410739
0,0.01112227064096092
0,0.11800780698229886
0,0.31842462524427784
0,0.6760074917628024
0,0.011615439817095828
0,0.16581444555333502
0,0.15233551208711993
0,0.5345202593641878
0,0.0036675124723403144
0,0.2796158974251993
0,0.06171309337428868
0,0.18500786636442274
0,0.21846727875830485
0,0.02473151320666381
0,0.06260948846796917
0,0.9178952781734504
0,0.6272693331130194
0,0.19144653367518916
0,0.9326507997981062
0,0.19780777559885612
0,0.2666552962589845
0,0.11955509755169107
0,0.7393332778905616
1,0.1328180024877779
0,0.02186174689762646
0,0.7150339784441334
1,0.50469649357661
0,0.03044697695476812
0,0.04469979335876149
0,0.4516542811367601
0,0.4609498195462098
0,0.05877777616078282
0,0.5679942577966303
0,0.06468777609824897
0,0.018781351012086573
1,0.8841748329385221
0,0.5552476511088043
0,0.014546313716121575
0,0.5519360636037797
0,0.07208948777149594
0,0.018729720982720587
0,0.026824372626125748
0,0.9435005973997729
0,0.6288323481756894
1,0.7477042084453589
0,0.2850126423515002
0,0.003900708259190761
0,0.03859924409652626
0,0.2986461776060883
0,0.6283798291783843
0,0.5715021683022833
1,0.7886687430338065
0,0.10784677278631695
0,0.0062181825179121195
0,0.6557260638054747
0,0.7726293967894473
0,0.658828036656342
0,0.12393261709509713
0,0.12577545305531576
0,0.05398717234387474
0,0.009462919522981596
0,0.017069840994551836
0,0.16293444482495698
0,0.4922446342946586
0,0.35319502617950227
0,0.023392945171509597
0,0.09017679912007777
0,0.057572958019796686
0,0.3978913801432471
0,0.3257872974362317
0,0.01693684214983057
0,0.4750340942532099
0,0.1327611851171507
1,0.8657516109789316
0,0.004636312311584873
1,0.5018882392762837
1,0.7753670752516097
0,0.6678241219196431
1,0.03190899788923064
0,0.07843356882771228
1,0.3035208697014005
0,0.06311597383567026
0,0.5492334344606344
0,0.07818690713002929
1,0.915640097466947
0,0.10393131965511299
0,0.5048171707484427
0,0.7003909017860632
0,0.778284307762118
0,0.28291609988855815
0,0.06880734004440357
0,0.4469115210539037
0,0.039608428158388956
0,0.295063303024918
0,0.8626470349007817
0,0.16950063775437124
0,0.3050127457631473
0,0.6639935818484016
1,0.7502003142028258
1,0.37777698093731643
0,0.6173131866140026
0,0.05004971944671031
0,0.30285528714769916
0,0.09670051616337268
0,0.018815494062831003
0,0.02310926285565541
0,0.8629236853760738
0,0.04025714743933837
0,0.1747146394651633
0,0.8653887560273896
0,0.32947249801775286
0,0.5857107184550672
0,0.1434788106466964
0,0.5415063944177192
1,0.7934094613011566
0,0.8334221360254165
0,0.2956654372403197
0,0.14172388723880294
0,0.08620292545156136
0,0.04876357012787072
0,0.2272266348197497
0,0.18079834689623253
0,0.5286916213027075
0,0.09770835823176566
0,0.2387298844478399
0,0.04727402655470522
0,0.09613118577283604
0,0.1118554263578191
0,0.4357001571186286
0,0.6536239601334938
0,0.39433206670162696
0,0.30120794966267395
0,0.126824144347918
0,0.5320398302229703
0,0.005521328947473658
0,0.012045482828406064
0,0.5048274437973034
0,0.023554762625205065
0,0.12862609177499815
0,0.5546652087003335
0,0.6491985024791853
0,0.005684271632913916
0,0.6603908753294154
0,0.5806426742398906
0,0.7007652515865381
0,0.5843556570199198
0,0.05356413176272497
0,0.32793173032690137
0,0.023616674162892752
0,0.09288483123781976
0,0.7051734669753662
0,0.02743473295349131
0,0.046730774250843446
0,0.017267229701921762
0,0.5501575770234445
0,0.07952835928414019
0,0.26319093153998824
0,0.3309553124857565
0,0.2674012231695171
1,0.6646022953004077
0,0.028455878151651556
0,0.3503275250082053
0,0.07148745004350406
0,0.2425689185011567
0,0.19845117959637734
0,0.009646784462600009
0,0.5958546174346824
0,0.03275320407355184
0,0.13161724351540974
0,0.3561175492472055
0,0.9161296378714363
0,0.7638439748556107
0,0.19715824892348863
1,0.09202569388014219
0,0.5046838377983515
0,0.8193674499880729
0,0.4059195040811451
0,0.039570049783544
0,0.7323898803808889
0,0.4680057588181249
1,0.7104627876918872
0,0.10661793572587402
0,0.019793992313025487
0,0.05447605260794265
0,0.22362305522804848
0,0.8474643972155838
0,0.10520464969513854
0,0.7304870006187586
0,0.49794098820575644
1,0.7695569285246279
1,0.9411933288376377
0,0.25879892529036735
0,0.6269490713156651
0,0.02345318026503879
0,0.13252851436792262
0,0.35205429474547384
0,0.891398237320599
0,0.9639952428683604
0,0.7239797284620705
0,0.8313199324476318
0,0.7170641286431153
0,0.7072060446803715
0,0.09998040968053959
0,0.01749030507402539
0,0.482066463594226
0,0.03166743686141834
1,0.8305770610792548
0,0.6074437692095139
0,0.2610448819427533
0,0.07868836909447645
0,0.40768964069835995
0,0.27243630490639603
0,0.06816756289149847
0,0.1062033074680831
0,0.03369571707255801
0,0.011119059997457248
0,0.4739668096110815
0,0.010427381693127126
0,0.21718420171359484
0,0.014343735901901885
0,0.014056921345932727
0,0.13191537075756024
0,0.11216787139927496
0,0.12809846550168222
0,0.10519971584494293
0,0.5779087684886839
0,0.4846843548452875
0,0.15577922084941184
0,0.6936345910380278
0,0.03064225593557542
0,0.40658647907700146
0,0.33038961280058704
0,0.05150197317529807
0,0.010728191464361523
0,0.10922127753987096
0,0.16162895180422698
0,0.11875169888341706
0,0.5061940472928697
0,0.6955750867109401
0,0.013897738243809934
1,0.5672602515479123
0,0.6304077084909906
0,0.16057490780643188
1,0.7059757299220975
0,0.10482872219490798
0,0.007951108037672353
0,0.8746758719350662
0,0.7852646611915667
0,0.01615377568843982
0,0.18184335070012445
0,0.7711341661190185
0,0.04855015103793552
0,0.6938500103945001
0,0.8266870640793914
0,0.6703705708656105
0,0.6876695437847048
0,0.14237360514880334
0,0.638301566594115
0,0.38816467161372137
1,0.7468686086819855
0,0.25424178234845524
0,0.1759565889627888
0,0.05371582886254101
0,0.5635526566395307
0,0.3784514743880934
0,0.044670658310839634
0,0.013475572337233408
0,0.244806703295138
0,0.4342318008428756
0,0.05831023104736339
0,0.02401810703161495
0,0.07105957464407772
0,0.17886998560273082
0,0.8432395119580592
0,0.71324473200946
0,0.16437016521968814
0,0.26252859456261884
0,0.5213130142896774
0,0.6496767510083498
0,0.27614396142078934
0,0.02734681491376511
0,0.2116317046670147
0,0.5245706636911918
0,0.023447810578958322
0,0.051988924596850915
0,0.1817979108473864
1,0.859428976307046
0,0.4512201192671823
0,0.49302297657607114
0,0.5787325285983705
0,0.01422501595187882
1,0.9269671793021806
0,0.16422514005760322
0,0.25641580291439264
0,0.12486848470986625
1,0.9243051741054251
0,0.5988271745344426
0,0.30971533717203115
0,0.800880773871551
0,0.4860344539097649
0,0.6183774541179804
1,0.9707852556912666
0,0.7897497283332956
0,0.4051821221384792
0,0.8426411071199107
0,0.3042094765659383
0,0.262712894070449
0,0.05587802531686707
0,0.038545616666958674
0,0.03198545415710054
0,0.807971011147124
0,0.09050379030601849
0,0.6705866469344947
0,0.2057005598387827
0,0.10143750077444072
0,0.4673593648058255
0,0.05832741558434173
0,0.007829813630355056
0,0.34305476746044544
0,0.36069096935160827
0,0.41583254782724277
0,0.0037620513585937755
0,0.05257952998265771
0,0.877730589440866
0,0.03934942984734404
0,0.907691689439606
0,0.15670929857567206
0,0.7765346225218412
0,0.05570172082507301
0,0.11047484116286413
1,0.9232519111186163
0,0.8198848418057416
0,0.48022502624097785
0,0.8942789641751144
0,0.5154325057815491
0,0.2776738574089248
0,0.27136554402151764
0,0.7483978662378988
0,0.40606585043498855
0,0.11925282718098594
0,0.01953876805368034
0,0.07363062190053317
0,0.1814382269846506
0,0.5706904141352803
0,0.8563443101188972
0,0.11344107325880312
0,0.006586283609442564
0,0.19788601967407268
0,0.2668372593862096
0,0.11811935559737025
0,0.46023217413152523
0,0.08363968147823682
0,0.9087351165996519
1,0.8666687037790138
1,0.29658017933772624
1,0.8252000345124982
0,0.03232045201487058
0,0.13816187421857246
0,0.0639017609165416
0,0.017307233998286185
0,0.014059267649519563
0,0.028697978692208928
0,0.5627007720354771
0,0.2291704067988504
0,0.2059729030449275
0,0.6996567981267346
0,0.008806127235407942
0,0.5005469563237396
1,0.9208544474499923
0,0.16592632890684092
0,0.1566750697600836
0,0.6953555394547809
0,0.02358705919480437
0,0.9013451102133487
1,0.8577372975284651
0,0.028446291448973586
0,0.009784893744676048
0,0.2459104561539486
1,0.924324762549359
0,0.5547740681524134
0,0.4687502831079982
0,0.34776388741341374
0,0.22202221743770834
1,0.941612917560207
0,0.00955605525606708
0,0.1464656717235309
0,0.06894552996339576
0,0.548290866861477
0,0.3492290860807574
0,0.039263132899134155
1,0.9622350175428365
0,0.036096002342119037
0,0.4288289655133009
0,0.06643157551584786
0,0.7430181141110386
0,0.08849460165486982
1,0.6006575649983722
1,0.6248716375963287
0,0.44069997596196625
0,0.07036513272169727
0,0.028393249587526734
0,0.045458578938715265
0,0.014731537714343526
0,0.672109333028892
0,0.13084121204616805
0,0.07639497081305834
0,0.6595547810910465
0,0.7880435112773932
0,0.024149414315204863
0,0.028130509261600836
1,0.3805698665353
0,0.08856678567058825
0,0.8529078339986756
0,0.6780659012257652
0,0.017636552713267112
0,0.16625967782975648
0,0.0768919956245218
0,0.06068060695794163
0,0.7470227273959799
0,0.5161674199780757
0,0.32874365827227875
1,0.7982547518977756
0,0.20529256443973898
0,0.07055871261640376
0,0.01895419296952156
0,0.6959628229899365
0,0.808193451727715
0,0.07402425745017974
0,0.02231293937268181
0,0.10746991482560848
0,0.10450528981466811
0,0.5198553249562422
1,0.6449327622856015
0,0.14059031272576272
0,0.894269921438188
0,0.28941188490030356
0,0.38242778332390615
0,0.05310324484863546
0,0.07671376204313687
0,0.14859670056682317
0,0.8035510705125615
0,0.18136282251931446
0,0.10419364221872322
0,0.8096212092692444
0,0.5477592204492089
0,0.2362218770106232
0,0.03914081422293795
0,0.6118716921118027
1,0.9129034033599605
0,0.1275074575782571
0,0.30269390694036
1,0.6226620088024953
0,0.008611258391710133
0,0.11608524176843685
0,0.49333187551701363
0,0.12567557963635978
0,0.19959235975580092
0,0.036052678018414136
0,0.1659977007146689
0,0.1491928391297989
0,0.06810080926902264
0,0.003487011397285152
0,0.2817015926466319
0,0.675856914001264
0,0.08768139208230252
0,0.019028282573635397
0,0.6471531771805837
0,0.022607276894330473
0,0.6966910919089171
0,0.21595323888515952
0,0.8508796247280324
0,0.29699576978148096
0,0.033978246091077684
0,0.12138399714879601
0,0.1080859663169388
0,0.007182453591491827
0,0.08809413358147201
0,0.2715425279400067
0,0.1766506310619951
0,0.9305937412193563
0,0.5515264382282189
1,0.8088806717806586
0,0.5190169660374402
1,0.3263562914218626
0,0.03770845100977427
0,0.5858271473632195
1,0.9311282823297028
0,0.18934450249013843
0,0.7842552207367742
0,0.9408562370565948
0,0.008410754997609496
0,0.5654369550985001
0,0.14132895799202372
0,0.10603900080807009
0,0.12796262377670525
0,0.05070285309326065
0,0.04365580345829292
0,0.04894234758391169
0,0.6030288797270289
0,0.2858571746572632
0,0.08711355508805188
0,0.7920725278157382
0,0.16705382470649163
0,0.5450691244924429
0,0.587788685763731
0,0.7337757863066355
0,0.056218540517748744
0,0.8649341577496495
0,0.0881945451154693
0,0.787481286864526
0,0.5642544446929718
0,0.5267263798907122
0,0.6123926681802505
0,0.12249233334341512
0,0.16389449954255533
0,0.9576235891471048
0,0.31654875226707924
0,0.12033357466936911
0,0.6574315801706082
0,0.6999589504657842
0,0.598260816496486
0,0.17420257996887448
0,0.0039306396362104555
0,0.010623722770596488
0,0.1694578692426935
0,0.8617295117751657
0,0.016958668533228305
0,0.28767401489913247
0,0.01255077953737385
0,0.06138840273137384
0,0.1670390157272616
0,0.8637839075437688
0,0.10624656233355884
0,0.04367100494228687
0,0.540622119049416
1,0.9202212930954855
0,0.14303206668852905
0,0.9388053691437159
0,0.038451774958414064
0,0.32854529727578796
0,0.2087846924956677
0,0.14664679495361457
0,0.03637776777092581
0,0.1899802525134453
0,0.0036850054525054752
0,0.30097870367463964
0,0.09730423582200944
0,0.3859255909858332
0,0.8055190843732518
0,0.9138563509916431
0,0.1732953123424139
0,0.16711694924916873
0,0.041105711059267844
0,0.9271896393826192
0,0.8154716699011385
0,0.26892993425572975
0,0.06419114123787904
0,0.25123888060650656
0,0.3807475273606833
0,0.06610784364989297
0,0.08612185257642625
0,0.3396749012707121
0,0.10841873678700921
0,0.26337784360054584
1,0.32825824795588304
0,0.10430724666768937
1,0.8464256238914158
0,0.019166578395998973
0,0.6478154396744058
0,0.5261987483181856
0,0.7538270889168528
1,0.9114601011579424
0,0.16583758600525952
0,0.0126606010615926
1,0.8409091153202528
0,0.3025969350446297
0,0.10751234300545143
0,0.06826235779550625
0,0.01572161877086355
0,0.4250853247492944
0,0.4298236499393476
1,0.5453803521670724
0,0.21709344146810855
0,0.6233826103692811
0,0.7875131240843757
0,0.03988866733829781
0,0.7324458033919303
0,0.5836903670506667
0,0.1676297733100874
0,0.5311481521413411
1,0.8785864513234296
0,0.4257882535346752
0,0.5309914369703453
0,0.06244192735991988
0,0.11313039611865951
0,0.5808667488359479
0,0.16652038951888243
0,0.010617536389556773
0,0.22748025884337322
0,0.18528897819713663
0,0.2062178759616827
0,0.26961981033781834
1,0.7846084404488352
0,0.599434584113119
0,0.4280111942014421
0,0.012281265897613658
0,0.10220223136575945
0,0.3169532011734705
0,0.09921327613500858
0,0.525289982658187
0,0.34778319648568173
0,0.5674995991381105
0,0.12542446097994545
0,0.049517236506155395
0,0.6467236561195953
0,0.16341772599343912
0,0.07330928636209486
0,0.01741359235157872
0,0.3478611544395879
0,0.08102209918330862
0,0.12629166603199696
0,0.021738885412796147
0,0.03833658065944853
0,0.839225302980882
0,0.36499933092182135
0,0.2750811856561844
1,0.5437201507844709
1,0.46511846918418137
1,0.8914692986147614
0,0.5978352261020514
0,0.04601315235573068
0,0.6632957977034758
0,0.6582050316722543
0,0.1025217877596103
0,0.11918092908433191
0,0.059784360915683836
0,0.6319652479645558
0,0.10989289251708084
0,0.4372728847311799
0,0.9000535762588129
0,0.4062055754211313
1,0.19338200888615675
0,0.04264668332925841
0,0.1898407369201875
0,0.2693807330901038
0,0.35725726369470046
0,0.2203982266213921
0,0.6960489275638445
1,0.3906412672931558
0,0.4598672315092662
0,0.43544244301919965
0,0.03495668377369298
0,0.7346739489285627
0,0.20155490893162786
0,0.14524347228397197
0,0.229168719923042
0,0.3655588772107322
0,0.28717578975980496
0,0.07188704460016644
0,0.13298558180909514
0,0.03185283857661948
0,0.2835747218339991
0,0.06918657381216085
0,0.5684520509582414
1,0.2619495148229508
0,0.008394229095446761
1,0.5708044072469676
0,0.26029925603769677
1,0.04279214892633859
0,0.546715291112363
0,0.390249828531073
0,0.42132165006408473
0,0.6434695089342735
0,0.03496721295270483
0,0.047717210927166825
0,0.1108055791882049
0,0.02644866112713796
0,0.14651925977970692
0,0.13638466594416188
0,0.5621965835102606
0,0.8490561784910363
0,0.1640276621582007
0,0.6614089004842667
0,0.9474706628819257
0,0.07229869198466346
1,0.8832651866070147
0,0.39799521681816147
0,0.5031664925075049
0,0.7531042379898955
0,0.8663958140432843
0,0.30657626244847525
0,0.020212230703357252
0,0.8294345891312295
0,0.41174616093520194
0,0.47453708708273423
0,0.4931826766425229
1,0.7697711310063011
0,0.04794073340575651
1,0.9587910767932422
0,0.3436657084123205
0,0.1713026328424132
0,0.010572443010538831
0,0.015835440861065257
0,0.021932647503913938
0,0.012376676425277724
0,0.0975284916903458
0,0.0068403287757357375
0,0.01416023124589812
0,0.040814258661080766
0,0.1566859518060572
0,0.012750761833586257
0,0.7219054232315006
0,0.011534122736172912
0,0.4778899997387772
0,0.23660405930081338
0,0.013031040680913035
0,0.686223950162609
0,0.29167453959136586
0,0.6372486234238632
0,0.04803560624863084
0,0.1353497165250708
0,0.12060732488886429
0,0.09819083986473141
0,0.22646365938219887
0,0.9218126156112585
0,0.5132279611046856
0,0.011775839518897033
0,0.7038307644782269
0,0.034029471950202846
1,0.3181888944705836
0,0.49921304501826225
0,0.14064020268094052
0,0.5241125167249759
1,0.8343937268961398
1,0.31852281643464264
0,0.04371535113394222
0,0.7431605637259029
0,0.13065836180059473
0,0.8926118151571829
0,0.13392228776874465
0,0.2851997392505286
0,0.05507573739926042
0,0.18947797501518515
0,0.05895312113980575
0,0.6746856800857688
0,0.9200970910837885
0,0.013618858376484399
0,0.19854887088528775
0,0.26488066409935446
1,0.6727972986516234
0,0.18385987121996752
0,0.6060041314431016
0,0.2230519926351576
0,0.890540177266495
0,0.08921537184057558
0,0.7643484442689288
0,0.029477206950606932
0,0.18920911617776243
1,0.9217003713405375
0,0.1025119455645408
0,0.43912016806094184
1,0.8587780205848696
0,0.4901654022443703
0,0.2085947224722278
0,0.8396352902777037
0,0.17035289533748924
0,0.661269848056376
1,0.8545784500433222
0,0.7416037132674473
0,0.013128205743206823
1,0.7492413483747596
0,0.019181621703007946
1,0.5522031437655182
0,0.13968016548362144
0,0.108585666202877
0,0.5303201209750699
0,0.7104735151487336
0,0.04285793851873885
0,0.8545363212280299
0,0.4685905682566204
0,0.028190307834505504
0,0.015464014693359842
0,0.6367793804604984
0,0.5455592552655671
0,0.8787512372005817
0,0.7442059038600299
0,0.02213807474076415
0,0.18419375131383445
0,0.810575718666418
0,0.14525416926943716
0,0.007185761372875813
0,0.923892407908174
0,0.18482678379816947
0,0.5088743839125835
0,0.013092619718854696
0,0.1375873954516674
1,0.8555552717587303
0,0.08474829964711594
0,0.9195395755936265
0,0.015474566465832163
0,0.4330711984076879
0,0.5173142686289466
0,0.007866113017472314
0,0.07158437817762678
0,0.8647645674917979
0,0.7742741542980323
0,0.2203811688812876
0,0.02223561958491486
0,0.2568074590713083
0,0.32987002167405033
0,0.6861184937103346
0,0.07018770769578223
0,0.016479337290649192
0,0.42717074629029655
1,0.06263175121504225
0,0.01770252561287498
0,0.3739174184419012
0,0.3571842688593681
0,0.3949992114428921
0,0.5207215227644469
0,0.4037160687692641
0,0.2915007085957603
0,0.5798048953752343
0,0.7633927735410634
0,0.025301052778727105
0,0.18216195685929842
0,0.18514648310225465
0,0.7248084158719477
0,0.6707246188360206
0,0.46021462387435336
1,0.8435060563643603
0,0.3592134201231641
0,0.15831520888600997
0,0.3490605270903247
0,0.03403896812229158
0,0.08999135139886737
0,0.0716269685225631
0,0.07272581171657849
0,0.004819915757263055
0,0.01536648002844821
0,0.04264573598175498
0,0.16698125562485985
0,0.739126157036472
1,0.8594484204523931
0,0.5461829971986478
0,0.8023354890230839
1,0.6783305442751978
0,0.021670022039502166
0,0.711035641159866
0,0.5726090209804565
0,0.2881716334599529
0,0.32537149369136825
1,0.5748972463724722
0,0.7157236216698883
0,0.0042930033973152025
0,0.9278418950123094
0,0.3677545028553129
0,0.6782956793927847
1,0.8523079387141652
0,0.04106672812771522
1,0.8378989113522705
0,0.17170067308634118
0,0.9314458508723572
0,0.4158496681566283
0,0.7729915698176317
0,0.5698591243787744
0,0.19566050781113703
0,0.5832479841524572
0,0.0518664450236868
0,0.06353507271814873
1,0.8293745342892856
0,0.061825003305572404
0,0.7076122790469804
0,0.012104140577051043
0,0.010288923278270067
1,0.8902158176725317
0,0.005197398409073976
0,0.07971942938180773
0,0.8291445152797213
0,0.4068053794637544
0,0.7663561272200003
0,0.34724939445404696
0,0.8761749343674259
0,0.11823005318864101
0,0.09028352962934057
0,0.33030351742935565
1,0.6796272581847702
0,0.09386768683081458
0,0.015631891313199506
0,0.022037964155970702
1,0.684181738809095
0,0.09018130832442446
0,0.19249644615512476
0,0.015048001149431207
0,0.3126958464852041
0,0.049596961206415394
1,0.5909188528071121
0,0.03251621054125028
0,0.023536959256491605
0,0.283618167160399
0,0.05668935060715342
0,0.7969270552515579
0,0.008260529515065123
0,0.3806925993741318
1,0.5615254949814653
1,0.9183502021606227
0,0.7831389477276641
0,0.02571837074473941
0,0.9465568489112255
0,0.18459375325353508
1,0.883710160576311
0,0.49657084083759534
0,0.5615586838847936
0,0.14517403230240905
0,0.7992597901822596
0,0.12497354282134025
0,0.07832750819593934
0,0.04038452874080884
0,0.34254075095849373
0,0.013365377142189598
0,0.6399893732962634
0,0.04954217423252914
0,0.005137987576118116
0,0.1491420072812824
0,0.19904720650206056
0,0.5557652379461635
1,0.9353382561065089
0,0.7700038188149156
0,0.6621412192945697
0,0.09706479908413007
0,0.016552333228954212
0,0.03958822659158752
0,0.7405012616980211
0,0.34714132767313777
0,0.5469946732999676
0,0.12869875751056187
0,0.09792927123125854
1,0.8423105654595328
0,0.3469287144768431
1,0.632697685773193
0,0.21831960440315654
0,0.667954369655888
1,0.619811213705304
0,0.18473866608661718
0,0.1761345642795397
1,0.6794372388336545
0,0.809595015906635
0,0.0600571624503818
0,0.07013675191472815
0,0.15276477916541364
0,0.015599001424610822
0,0.5466771165498289
0,0.12820805891013778
0,0.24797520352172212
0,0.30909307685492904
0,0.131410775418793
1,0.8294700904377427
0,0.918872463320672
1,0.8120227043498692
0,0.28020685286103364
0,0.3547079752662046
0,0.42562753178120144
0,0.6060194497457825
0,0.05539643203058599
0,0.09822743704678764
0,0.6779087406287331
0,0.1201070976099637
1,0.7909693188938949
1,0.5537317580954847
1,0.8835420125745552
0,0.09438664255711057
0,0.2680645400355592
0,0.8319709481339506
1,0.9591228086470337
0,0.6071475793027026
0,0.045547178993952143
0,0.7249464871943172
0,0.8343987023651918
0,0.7215215748503051
0,0.17005616219146852
0,0.02709783114449351
0,0.011353064922676273
0,0.30021954402847006
0,0.1443520762655481
0,0.7094679505829731
0,0.3687658401470264
0,0.034592358930790566
0,0.6215413932244651
0,0.04950678668471609
0,0.9457279270542015
0,0.5386650715041739
0,0.22796012918775574
0,0.08390506181696714
0,0.855790647809049
0,0.05498027204333197
0,0.3511866007269059
0,0.005812700833042543
1,0.4128409402030413
0,0.18833590355111854
0,0.5757618608160915
0,0.04902959904450654
0,0.11278894166135134
0,0.04161293457955825
0,0.3140667028748541
0,0.44928976025150014
0,0.32794306413482777
0,0.1326545680141223
1,0.9738015407472296
1,0.9023601075955419
1,0.4589523665833479
0,0.8461112815177569
0,0.12779149622914568
0,0.01381268863084419
0,0.523340256696121
0,0.6311060286679697
0,0.036770961555207815
0,0.2356361545330444
0,0.07989503561503555
0,0.6250883487472736
0,0.6073758913046633
1,0.5866691877114043
0,0.019170731295935536
0,0.37849675361183005
0,0.8421375790430387
0,0.18201990624203043
0,0.2180726835763856
0,0.7521729035947348
0,0.14810753949609476
0,0.7992403403752324
0,0.34236686799767213
0,0.6281087427511747
0,0.4312032523879167
0,0.03519186543656439
0,0.04704349463417319
0,0.2849843726891754
0,0.026188196632793564
0,0.16465420127911135
0,0.08677907239184575
0,0.07007738198960403
0,0.7739797081270895
0,0.0057087593535138205
0,0.09361939135004244
1,0.9607072426487783
0,0.7722245937654179
0,0.7665462435213757
0,0.01572622261853505
0,0.3403273600440586
0,0.8540952935061217
0,0.6688021162505476
0,0.1231963553637439
0,0.3077402077423078
1,0.9400658424801095
0,0.09162053491002263
0,0.19341609897888012
0,0.19720970464858467
1,0.31721513150448266
1,0.8942559367834144
0,0.2957361824321701
0,0.3651967940152921
0,0.6214363975967052
0,0.3520686713186092
0,0.010623487437651399
0,0.24334261610917046
0,0.11701633186343173
0,0.14167476693207287
0,0.8420000163641567
1,0.8856215557959385
0,0.1566663693039698
0,0.07323812411780682
0,0.8124192622661969
0,0.46156312980747266
0,0.13682253357503488
0,0.6322457386792617
1,0.6585092345675585
0,0.21321680465684661
0,0.08427174779789551
0,0.2844784366650919
0,0.08814342573126766
0,0.5280084541787401
0,0.19456020106926414
0,0.14774092462301652
0,0.5144407610263763
0,0.16477528967895316
0,0.8324591592838819
0,0.05468360918999078
0,0.2104696730511334
0,0.48132427569061514
0,0.16300120656412315
1,0.6712635274172196
0,0.038568593031193935
0,0.13536596183911054
0,0.06128327065705629
0,0.2592724747003798
0,0.2606929104523464
1,0.8220160577017465
1,0.6975583589774971
0,0.21535225382999873
0,0.09797311657785021
1,0.9714285562681046
0,0.8134455070533114
0,0.0433229027950824
0,0.8959178093020166
0,0.5298889260303459
0,0.15415299115549708
0,0.0906924979728062
0,0.7600814716417563
0,0.20591342142967736
0,0.041105711059267844
1,0.7540907096199051
0,0.5048041897533502
1,0.7594228816698703
0,0.09587836320152604
0,0.18558866298129134
1,0.7120131465694192
0,0.5613210704089392
0,0.31932988001390783
0,0.8591019662153421
0,0.027436889731258702
0,0.07080722851823613
0,0.9082608961489005
0,0.6234105710899319
0,0.3912646740656617
0,0.15090434249107307
0,0.5707403889392061
0,0.09562574827001578
1,0.7562635733597517
0,0.8731887356542873
0,0.6241731097899903
0,0.37750119508589985
0,0.014708496134503318
0,0.6706733800596058
0,0.009848173886495488
0,0.07209134317264349
1,0.6286938629846133
0,0.7309170856759016
0,0.6307899511569159
1,0.6297722045087557
0,0.7256823021289844
0,0.13591216246529186
0,0.1529139981617786
1,0.7697111087660038
0,0.7111146658995644
0,0.1473622016587131
0,0.04075942261763293
0,0.09736013815429816
0,0.20159009247608392
0,0.19001196938583148
0,0.7665033719212891
0,0.2636161083836541
0,0.01678395918025039
0,0.7025253334236974
0,0.6502068865557883
0,0.3479560006368254
1,0.9020840193989649
0,0.18577007331219544
0,0.7733443109594816
0,0.33648846760280277
0,0.11078858768403
0,0.024221374645802055
0,0.014687659865195291
0,0.5694685121411045
0,0.7083031966499634
0,0.7824783069636032
1,0.32268780763344945
1,0.17698140863565104
0,0.08747800331548636
0,0.8455968382331016
1,0.8974831688255679
0,0.4721118198350694
0,0.01758021462022947
0,0.2168325554893662
0,0.03676894482124946
0,0.08830770121349334
1,0.44691106393799435
1,0.8871682482409727
0,0.19900036939549917
0,0.37843863987710835
0,0.041582934162220274
0,0.06175113494645383
0,0.031333989316512476
0,0.015008067948111973
0,0.08460171824793372
0,0.006926843339754405
1,0.8909095424515632
0,0.24028124261171926
0,0.38149265763600004
0,0.012351124809917081
0,0.2677524782688206
0,0.48890793250207737
0,0.007876694176077455
0,0.661583032872709
0,0.32358237854329286
0,0.05849016713808008
0,0.31880739510896416
0,0.4940268218560196
0,0.022705011683442133
0,0.18057605541962907
0,0.014689670191715777
0,0.5485803702415768
0,0.1595174711633478
0,0.20315798796621456
1,0.907079454156595
1,0.874654645789817
1,0.853438198983664
0,0.02439750853052275
0,0.05230498578321057
0,0.8127911192795138
0,0.6417944860944776
0,0.790959793880603
0,0.33985281920159566
0,0.7116938952808962
0,0.1831450989431974
0,0.9343136793481521
0,0.4028749974482201
0,0.20024986763481703
0,0.3618463577476587
0,0.1779511806994064
0,0.022618498662823932
0,0.13102669822701735
0,0.1142282566058051
0,0.10556135646176555
0,0.17903413786830125
0,0.04584773035375413
0,0.25550153972199946
1,0.39210384620382877
0,0.27880519643703383
0,0.17545381534444138
0,0.4815982541552046
1,0.9452966730023014
0,0.24197736090352198
0,0.6634006250868565
0,0.1073771578714209
0,0.8497844749975747
0,0.07548930039922269
0,0.18626452758822493
0,0.6090824390240694
0,0.062016596045639465
0,0.7158874257909743
0,0.2923131505636091
0,0.1186008088639236
0,0.8571266437406979
0,0.0879172342144757
0,0.052952415851597795
0,0.8021970603875687
0,0.1716884178251868
0,0.955528221537837
0,0.48226214650618054
1,0.6030139138148647
0,0.21619287616211055
0,0.044510055072384515
0,0.006335027975292224
0,0.794167184484607
0,0.033166653287831006
0,0.021853607130090057
1,0.4314514305553284
0,0.03313726796977992
1,0.24068945489242904
0,0.010992026355123955
0,0.7610099988257659
0,0.6044106964819155
0,0.9482677644232339
0,0.10918553807558522
1,0.9358139900827953
0,0.17541306445199123
1,0.7044399421680133
0,0.004783744416573774
1,0.7276105088541654
0,0.5800294580079578
0,0.9671700396722493
1,0.7308881048454338
0,0.017886419425971047
0,0.0609344627122815
0,0.03563561582544393
1,0.7370095749569461
0,0.3599161737212585
0,0.1313504495326187
1,0.5920380068235472
0,0.5442641935934356
0,0.8007456232667972
0,0.5907496797814815
0,0.3298859294013438
0,0.7924910639503211
0,0.022683571727457153
0,0.007369189891351871
0,0.0364075502183135
0,0.1782584835702772
0,0.7644267360200083
0,0.1110155154286305
0,0.06600395406663134
0,0.004045941026456474
0,0.3787768853318261
0,0.004125409140376501
0,0.4554628505349056
0,0.3912618008735768
0,0.6770211821980642
0,0.4685676735083272
0,0.13778429415139798
0,0.024585805128971273
0,0.8349086001143353
0,0.279476423015986
0,0.0421889037261791
0,0.7269112423192629
0,0.2439205252533918
0,0.7565807451992822
0,0.6290546801328976
0,0.6930360830934994
0,0.19961985785245276
0,0.37680046744007584
0,0.01451833175738846
1,0.5227137450978586
0,0.2622132630483265
0,0.32281420385973264
0,0.864967366219032
1,0.5435809769673953
0,0.058947682579460085
0,0.014255368009916058
0,0.41335212667693905
0,0.7378632562517293
0,0.05542038414031838
0,0.086600909440618
1,0.9208127419076527
1,0.766313234847334
0,0.009634404795583591
0,0.2532994126614695
0,0.5558023640251648
0,0.0951715511220859
0,0.03608081100572843
0,0.01675806485144901
0,0.19346259137738445
0,0.31259101083078844
0,0.0827769053997416
0,0.02670761731076714
0,0.1934536567888818
1,0.6163247025224791
0,0.9054808241973068
0,0.1789859714746298
0,0.14288099442198093
0,0.5596230482799021
0,0.23373748073889467
1,0.9582331676714715
0,0.020703806927800588
0,0.3123810923952927
0,0.46385760918151586
0,0.26080533871432865
0,0.13902543948551055
0,0.42676660893662355
0,0.018335415454881335
1,0.8186822801144941
0,0.17461462292266358
0,0.02451316549492708
0,0.009621759873516643
0,0.5982631032584671
0,0.8251686643892205
0,0.043678345658377575
0,0.05239819362354154
1,0.3003088123526458
0,0.06821114155166172
0,0.3061243861345753
1,0.7203779599399187
0,0.12338622575040928
0,0.07466309091565912
0,0.7839327903727176
0,0.13146172856538574
0,0.027123573523620104
0,0.24416623374074345
0,0.11104923286808568
0,0.02427504631360202
0,0.2607081702969361
0,0.18949944462054652
0,0.03244384942383641
0,0.15523137816455193
0,0.12325835917255847
0,0.1066257924158149
0,0.5076344078002605
0,0.2636556995513976
0,0.5562963386638198
0,0.3325710224724707
0,0.7532290725511158
0,0.07228336275241187
0,0.45977789327601126
0,0.37017941729470766
0,0.716208737732604
0,0.5181394159038183
0,0.024000678525805733
0,0.1278358444381495
0,0.33132887184302373
0,0.12402551012360444
0,0.46256165524788373
0,0.41700126528709025
0,0.46721701860271975
0,0.3599007979118263
0,0.22960464567845443
0,0.5613596266313813
0,0.18426463737181117
0,0.6110545628996074
0,0.12945558146631447
0,0.12790170324635058
1,0.8981724525435082
0,0.7992139496810688
0,0.004593574201084311
0,0.8508560539321358
0,0.013374632805623359
0,0.1691480770992275
0,0.7086133894576795
1,0.717320064748152
0,0.011192982862255093
0,0.005044055521507189
0,0.14745114858919733
0,0.06774562518407061
0,0.5060084852046528
0,0.12119485862043318
0,0.750192372268006
0,0.2775734080790735
0,0.3714767483252644
0,0.07203605411145189
0,0.15691202209360144
0,0.8835853475934577
0,0.7129022522993165
0,0.04092384536801692
0,0.026541773800329606
1,0.5452530694339365
0,0.3044794202140059
0,0.920236388575139
0,0.6567750194056902
0,0.34330332693991716
0,0.3598450475255657
0,0.7754825772193338
0,0.4355324814383766
0,0.8648849039032506
0,0.19802328681221096
0,0.9580252434791096
0,0.06995100639681755
0,0.07794063324248894
0,0.6814719670828708
0,0.004920240954842308
0,0.7443195517136767
0,0.3536808321138642
0,0.10948003210817764
1,0.4820526005949834
0,0.006922465423498383
0,0.8194275247226099
0,0.16245474320369988
0,0.9192600363532454
0,0.5766214004051754
0,0.37778019127346857
0,0.13176843515662462
0,0.5671202968828349
1,0.7942443731918234
0,0.903636191812211
0,0.3395494267788192
0,0.04665160493066472
0,0.02027834807169655
0,0.060016885567603276
0,0.05085363560765272
0,0.05381292259979646
0,0.5042047601199967
1,0.6347468646757639
0,0.9396193641584539
0,0.12749912648863457
0,0.01793715472458949
0,0.011991571122757196
0,0.7599812157970818
0,0.09903335365803681
1,0.29136573897196527
0,0.04118408169346887
0,0.1647767808317643
0,0.8706399383219698
0,0.5205771508521465
0,0.6943197078662399
0,0.07043258196437559
0,0.11302770632733002
0,0.6198784043662259
0,0.3328440498255154
0,0.5338155133464269
1,0.4986407009409277
0,0.11595573981120633
0,0.34898970099591986
0,0.085164883321124
0,0.03888202689474232
0,0.059155877092015786
1,0.8332027296478177
0,0.16345236418255873
0,0.0045224215294087
0,0.006643413689952772
0,0.34391066671486414
0,0.03503374951695187
0,0.414954030445815
0,0.12271263523019717
0,0.6707235763840987
0,0.17156298379531082
1,0.7244317581952063
0,0.21387640664732813
0,0.1146285568537998
1,0.9321207285597105
0,0.21805143093647472
0,0.6117015008176084
0,0.09833074435202643
0,0.6852649152778328
0,0.312022960660697
0,0.5476822613804353
0,0.5863853402275297
0,0.022518687230258558
0,0.08174880824847368
0,0.02598071690944986
1,0.8363823816112321
0,0.016649022405387223
0,0.47051382200345754
0,0.0438490025814949
0,0.8173913043133858
1,0.37835791634795884
0,0.8042225800601539
0,0.5617608077378278
0,0.1408708006970936
0,0.35656283587702137
0,0.6091084726069957
0,0.3301635424608099
0,0.0266793011472311
0,0.643925347380101
0,0.49034950948806205
0,0.10627837795802705
0,0.4739051030549074
0,0.04743771315836445
0,0.06197447384642884
0,0.5856435918630399
1,0.591665087805337
0,0.47885044667715365
0,0.6232112929145387
0,0.07323793399054593
0,0.22656722165288193
0,0.07056859427654608
1,0.3506273780486853
0,0.49198054521895723
0,0.46169761361312645
0,0.03990508199730298
0,0.04805934863391877
0,0.006175211417645667
0,0.5882528334683564
0,0.048314617528343685
0,0.14865614711924655
0,0.2933251885671674
0,0.5983828026056731
0,0.260630563381938
0,0.25257125674770364
0,0.2603338166907103
0,0.3203361313042435
0,0.500344956745895
0,0.09507147648394214
0,0.8082552051482194
0,0.2263684201000848
0,0.5528511255156061
1,0.4554717887269029
0,0.20570454117982914
0,0.3873125808806503
0,0.0045181155272911964
0,0.5364157555208229
0,0.540587465808205
0,0.11562961668055614
0,0.006293558637735439
0,0.2541578200496329
0,0.30906622987608817
0,0.007411563802197464
0,0.21969876860067844
0,0.057635499514955536
0,0.5048863653252681
0,0.12896202266740792
0,0.006853737728420449
0,0.008516420100564435
0,0.6567334387183269
0,0.09158234075130287
0,0.5097063839947193
0,0.3869895984716823
0,0.6637169872425244
0,0.05786155799308833
0,0.8001359750082943
0,0.42266239100980885
0,0.01604681309701772
0,0.12004412516015779
0,0.5923917698812141
0,0.2674286982228375
0,0.7353806949314942
0,0.1296947461472681
0,0.1851298694567035
0,0.15695318129595912
1,0.8421353627607135
0,0.0030127376795878145
0,0.010137286000589113
0,0.6886751521109256
0,0.8262246700560738
0,0.21206006763365554
0,0.8971573568519817
0,0.1795890415172546
0,0.6464929979315229
0,0.007055126462360839
0,0.08485779776297549
0,0.11993295037741077
0,0.9535633616521423
0,0.03673370608026658
0,0.3827965657053781
0,0.039092285145718816
0,0.4899393842309059
0,0.006927328206811722
0,0.538602747844923
0,0.4987404618608646
0,0.701830555118076
0,0.27363335464407434
0,0.07675432068603817
0,0.17013164934562372
0,0.06402317678660605
0,0.14736875998964052
0,0.07201244292173498
0,0.26822502674732296
0,0.006164290205622095
0,0.7155626855681008
0,0.010987814514683003
0,0.27616111062675663
0,0.13184705197330118
0,0.5398201471203602
0,0.2055339333619151
0,0.5758810760787975
0,0.09810148192781437
0,0.1916982444726244
0,0.006209234304201845
0,0.4533631535510841
0,0.3385465974623204
0,0.7450992932685685
0,0.18419219792018557
0,0.47617197707898856
0,0.28871578157786343
0,0.016291458391875537
0,0.02798030185463108
0,0.2699736892763256
0,0.48126745047902847
0,0.06409888925390868
0,0.09623872973023904
0,0.3520518214408534
0,0.9504560544405045
0,0.42477060961708935
0,0.901055602794595
0,0.08975070246832312
0,0.07494293834398807
0,0.2021158979855018
0,0.3439013412827031
0,0.2183739431068011
0,0.3669869371676461
0,0.0038690766967640336
0,0.6708185484447169
0,0.6151432286808854
0,0.838271868016077
0,0.5453614022520649
0,0.6799850883307949
0,0.6572769667118195
0,0.48430815937591665
0,0.8362682234399498
0,0.5144091311878334
0,0.6573548657047453
1,0.8776642341516206
0,0.24933223150436118
0,0.1514652141187167
0,0.06738649872370497
0,0.27257509100067434
0,0.3732904068060052
0,0.4440921619795154
0,0.009243726526499222
1,0.5837796537876538
0,0.0809745277676864
1,0.6836330152227632
0,0.276923725288267
0,0.7332132244808278
0,0.03731011577962773
1,0.8254899332294501
0,0.05451437524940256
0,0.25342249974069536
0,0.024149471535367194
0,0.17567231747735815
0,0.19558689793858539
0,0.22444739991106893
0,0.022144388665728803
0,0.07961354680232759
0,0.5476401481758173
0,0.43717306841441894
0,0.21338199269056093
0,0.17563760116986718
0,0.04275194946174272
1,0.12583375156258728
0,0.16274802425713408
0,0.7569506460800874
0,0.06613840397570442
0,0.7069631478462669
0,0.031970391746971145
1,0.9275989846345836
0,0.23438950985349022
1,0.5185517654091584
0,0.7544528087335893
0,0.6395393238752025
0,0.9385694103756834
0,0.6573140142762598
0,0.12398838305283023
0,0.008034407563378193
0,0.19721932953525229
0,0.7333361079350726
0,0.03184444883162442
0,0.03623352295204637
0,0.0790414069669977
1,0.543625466181645
0,0.006375510776263322
0,0.11100598369209572
0,0.30297822381382994
0,0.02659217855386129
1,0.6952334208303458
0,0.48431741034921866
0,0.02216924779415384
0,0.03980027888616259
0,0.15369611725395022
0,0.3165208842399178
0,0.011239847536961008
0,0.502459343350717
0,0.3089086611776011
0,0.16592098173845282
0,0.16135627428650023
0,0.6362942448737051
1,0.6903237767785476
0,0.01622965849001697
1,0.9076968095525403
0,0.2950924405557959
0,0.6200335907905232
0,0.00643147483721062
0,0.04678219036903779
0,0.00766073970257658
1,0.7969118348853911
0,0.03784004505235617
0,0.17243220398834064
0,0.15072489340924392
0,0.4874483655953033
0,0.7267228923216896
0,0.4040652347842597
0,0.08516432962122929
0,0.11429502128327518
0,0.03982278791377042
0,0.06403088317460987
0,0.3469353715430409
0,0.11943230027707477
0,0.9532276632772687
0,0.08914658304345668
0,0.05320181997205571
0,0.16095454045586993
0,0.1090895126025943
1,0.5823791866008369
0,0.3154600682306577
0,0.8242671616711733
0,0.03516629864389299
0,0.36047580541971147
1,0.7077292500039029
0,0.010810773426668923
0,0.22930973016555958
0,0.895727559457399
0,0.790060245446061
1,0.010720758863879031
0,0.036086028507793674
0,0.019801540607865528
0,0.11914631743965469
0,0.006671320871269139
0,0.13698601881272116
0,0.3703607744775873
0,0.03577278355182579
0,0.7840184560317759
0,0.7038881166223473
0,0.24724550956091704
0,0.8206617298033149
0,0.06371202653998166
0,0.927703500090708
1,0.38791928836901696
0,0.29452483435990345
0,0.43828726835001086
0,0.599439712408624
0,0.3678321537667554
0,0.24560658611731753
0,0.14707180394784958
0,0.46468499207834024
0,0.1234208690054311
1,0.8002822287768426
0,0.015136136383997549
0,0.26037375712120514
0,0.012919294541555765
1,0.7010782641506892
0,0.09579559755314332
1,0.9519415720475422
0,0.04557305702294457
0,0.014535181993986172
0,0.7266881451521437
0,0.022026514214010213
0,0.024847522230895362
0,0.01713584343409147
1,0.7709153901954954
0,0.11724684198009441
0,0.005979514802134114
0,0.006897916693130483
0,0.5933074528037863
0,0.18724806911361283
0,0.024741500886337652
0,0.5845709791549114
0,0.026146398792227528
0,0.7499336517993038
0,0.5169241922598002
0,0.6452349176916732
0,0.10481067740953563
0,0.18351093142394398
0,0.9184491019048828
0,0.05473209679547397
0,0.03274966187780628
0,0.07696142101582722
0,0.5130645587656351
0,0.5711049386696552
1,0.42268387458197165
0,0.05083955328784089
0,0.18721111470169885
0,0.24874727684926415
0,0.18252134371795375
0,0.12661797438750597
0,0.06497591872642447
0,0.09017679912007777
1,0.6958030806928927
0,0.8761120074764637
0,0.48759225780022963
0,0.5181254853473563
0,0.24999349977664118
0,0.04692979045304536
0,0.2278209509685201
0,0.008893121092859954
0,0.1035441102244974
1,0.9050960586456614
0,0.6922260709735816
0,0.14742234798796466
0,0.10805062144262478
0,0.012581472815761817
0,0.02710662937996967
0,0.15135030192318255
0,0.7482273242070533
0,0.24677524088934516
0,0.12810533417103492
0,0.17121275277735698
0,0.01777241482204958
1,0.8359990009617592
0,0.24804290364662274
0,0.01372969964833482
0,0.030820256651499463
0,0.015454799374125316
1,0.7444428029380565
0,0.10558532483624807
0,0.3269766844752118
1,0.8082883968175235
0,0.05506499935499257
0,0.028303116108548507
1,0.9537796284221437
0,0.2764698231931467
0,0.11189324703520129
0,0.03814351706582073
0,0.04179406971635058
0,0.8552259586880827
0,0.6969126507526051
0,0.12980368041785592
0,0.05160485067382779
0,0.9027404470206813
0,0.673513632387229
0,0.042504521425503705
0,0.111385615426358
0,0.08596157077168197
1,0.20576863939124512
0,0.7091035696462219
0,0.24995641882102845
0,0.9170988548915417
1,0.8967932235371503
0,0.6917814522403621
0,0.04537785650206793
0,0.41009228059560304
0,0.23404502606693112
0,0.03801530959620943
1,0.8874397021427302
0,0.3695861035040194
0,0.8259481816192978
0,0.011785010973545751
1,0.9493501223826454
0,0.09435416411328149
0,0.13536596183911054
0,0.10405234605936203
0,0.10708654308635268
0,0.158717498992754
1,0.8482065807596207
0,0.32068888855637134
0,0.37196823916804234
0,0.004891971015360325
1,0.7773871026067868
0,0.15768522209281705
0,0.843958782920726
0,0.6377262844446314
0,0.5562089989271201
0,0.181410007158412
0,0.29440839756640186
0,0.1630057993352367
1,0.9523615553794726
0,0.15098868002131197
0,0.5155989332581554
1,0.9323172698153182
0,0.06592012927183075
0,0.42002526355694
0,0.03888202689474232
0,0.12424533565162987
0,0.3951016956454674
0,0.20980773682673032
0,0.07386449326224244
1,0.7961905061962945
1,0.35417149007508186
0,0.5878366610393606
1,0.5751350048320628
0,0.08408617683910363
0,0.46171831917262146
0,0.19248139981647636
0,0.09189051553702561
0,0.6842630004645378
1,0.8975550065747224
0,0.37369250638361395
0,0.7345625465245474
0,0.5763367167955932
0,0.7982556106698889
0,0.006073063047498724
0,0.5406962698614117
0,0.15872180238005285
0,0.3677485218430667
0,0.08683836776966083
1,0.938602164571473
0,0.5169160434499315
0,0.13790152502476907
0,0.017169040397529402
0,0.018289780360417653
0,0.22609509892467303
0,0.0968109867179505
0,0.09749420567253671
0,0.04040967975944509
0,0.10997477058266517
1,0.6081143398796868
0,0.010231143463842702
0,0.7304764501504339
0,0.0570936643247646
0,0.11965323965089303
0,0.01030700932381956
0,0.021583672412417217
0,0.04640850129687407
1,0.6563248179162708
0,0.17474611444684834
0,0.6898751049163229
0,0.09848379206888648
0,0.043534467853709145
0,0.051195898423119134
0,0.15214326683163643
0,0.02494123984901526
0,0.40736093906978843
0,0.07114705302808237
0,0.29630552967660323
0,0.02569178320680204
0,0.04521622772302931
0,0.48155954114751104
0,0.008785040591256621
0,0.03102333609638289
0,0.6794641312926382
0,0.030545013853807614
0,0.0879172342144757
0,0.4968786899742998
0,0.6496595229549516
0,0.7726132380157206
0,0.06675989677451084
0,0.6752014755026571
0,0.7024204596579096
1,0.9047846754665756
0,0.12417111422274447
0,0.7801570062340099
0,0.21645938968667466
0,0.07278366778867768
0,0.07097963218963182
0,0.06017278420808342
0,0.043762661053969115
0,0.4787499855284059
0,0.09129228686630188
0,0.5373730131483819
0,0.296093691256616
0,0.6864206566640099
1,0.799797508416553
0,0.02637869724046772
0,0.020360984228524604
0,0.06008944174660818
0,0.7353450540954113
0,0.4491201521890087
0,0.01139781600918626
0,0.8826462210387105
0,0.004503314924464717
0,0.15123424940971023
0,0.37758183839604836
1,0.398230458546837
1,0.9088048340654008
0,0.02810386120702058
0,0.006848437741216925
0,0.8191981531033613
0,0.3895710914903799
0,0.6706091296274885
1,0.584470676159635
0,0.3881451818383496
0,0.010179928771382091
0,0.6481998086996126
0,0.5905869656561878
0,0.09758802975410234
0,0.33291996258927753
0,0.5529969837795937
1,0.6449657564473692
0,0.10683733468051744
0,0.019216009694001102
0,0.5785757174725457
0,0.15318512927360442
0,0.7477238043394786
0,0.43556910764258067
0,0.01020252543524808
0,0.03263162127043681
0,0.36571374177747024
0,0.15004629736479955
0,0.815622613074085
0,0.05217000955750121
0,0.0035482726856616467
0,0.7314586124983283
0,0.08993894820499461
0,0.4776320166412016
0,0.004542818288978055
0,0.717343515706714
0,0.7547569919221715
1,0.89480586912772
0,0.37854853984000264
0,0.14638464711958696
0,0.5704939228171853
0,0.14658709373724294
0,0.113917624620609
0,0.03725932364295431
0,0.003827885992723651
0,0.32121578579641835
0,0.10471976476654908
0,0.06285337889558447
0,0.05638277291129514
0,0.0694754942507548
0,0.0515052705014694
0,0.06188403833343234
0,0.4449964898812138
0,0.9157829006729268
0,0.3861599100616979
0,0.3288292663843974
0,0.11610941948332404
0,0.5438029158312978
0,0.02709032784173678
0,0.37968061800682124
0,0.5772580299255473
0,0.025751406591246844
0,0.037673650460033944
0,0.15479266848930712
0,0.005512411297808905
0,0.5701094381253878
0,0.022283813729765477
0,0.35647988388404783
0,0.04047755750516763
1,0.654635903144377
0,0.2964194209974374
1,0.9157574433003751
0,0.0259489816337266
0,0.046502510089186225
1,0.42003382186846544
0,0.14058943418178035
1,0.9366435969724237
0,0.004089624664823004
0,0.30136691690190504
0,0.06371202653998166
0,0.157290563051797
0,0.08660299629716862
0,0.30113602682233764
0,0.5085858670071441
0,0.17996896023650588
0,0.22972583552704776
0,0.2873853662317058
0,0.23911120615772272
0,0.10096319525493616
0,0.0447806874743874
0,0.0487538114936864
0,0.09958991369978604
0,0.16805028328033084
0,0.02222461483477887
0,0.023211323368182577
0,0.7846019528531527
0,0.18289770662563198
1,0.6470464334523974
0,0.012406509884914636
0,0.0669017855126706
0,0.012918654730626023
0,0.5231909526415753
0,0.3922801520942378
0,0.17451838283701562
0,0.03601572640169429
0,0.3679978077979926
1,0.921761392686934
0,0.4588490675692307
0,0.27965197141538495
0,0.23169677505434502
1,0.6854835856300309
0,0.04015597527529448
0,0.18406265844022737
1,0.8550826123931237
0,0.4748249206575264
0,0.19493265178249392
0,0.376981813704714
0,0.6949025693395328
1,0.4897710384487925
0,0.09342509238383309
0,0.1306654776946455
0,0.2196795345666417
0,0.7607759056925077
0,0.361304923581169
0,0.09647750924272033
0,0.48511174135774504
0,0.393946369459391
0,0.9072068040354745
0,0.7780753946902571
0,0.3983454814053212
0,0.05683085245891922
0,0.028130571912557006
1,0.9330126046827588
0,0.004756550860768097
0,0.1289657297887649
0,0.6932924378441873
0,0.844130954474873
0,0.02301382268347048
0,0.022405389990181046
0,0.2644702641091264
0,0.5818639275051172
0,0.04385081324673434
0,0.5516052003611447
0,0.010445982188615578
0,0.018125261734461415
0,0.7767607377923188
0,0.7828751836810754
0,0.3751668607245943
0,0.45602520150880055
0,0.11569140351522385
1,0.9486553978091168
0,0.312105540232068
0,0.10542516179802786
0,0.0046141597906114865
0,0.13355350922353415
1,0.7318497961984194
0,0.09032636027744946
1,0.7907462426923318
0,0.30412818293159205
0,0.3200024235677361
1,0.6125327841758311
0,0.665304463389533
0,0.2222847174520481
0,0.24623149078876727
0,0.14082310808481022
0,0.861396061644098
0,0.08163536896625304
0,0.007094361618782785
0,0.586287211462746
0,0.9264753891611623
0,0.4557925544221202
0,0.03570425322680308
0,0.04353636975467269
0,0.041961171135595714
0,0.17659388771634246
0,0.13462723921976238
0,0.13830679314155542
0,0.9221483380949372
0,0.11247778647673834
0,0.5510090482409601
0,0.3383695389182795
0,0.027658063919027427
0,0.04239346862930501
0,0.18279247797420095
1,0.8092610571494853
0,0.6454150411873066
0,0.5824517838754573
0,0.13793598728967377
0,0.023849133361043152
0,0.07342764592232835
1,0.8468712048662098
0,0.01028764219451042
0,0.13515362446424092
1,0.39591936913547765
0,0.020006770044208037
0,0.14973440903176943
0,0.061692919783630944
0,0.44215940245530355
0,0.05992643589861148
0,0.011714887026415325
0,0.00906869888028986
0,0.0285010745107059
0,0.8055950299695229
0,0.051714355570866025
0,0.872266830665766
0,0.07238690976811664
1,0.6760241643488649
0,0.004635544217001886
0,0.521104855189454
0,0.5307357901294509
0,0.12589061523289807
0,0.49112151167875656
0,0.22034683743047326
0,0.09566803522564292
0,0.1277687553500049
0,0.5406962698614117
0,0.18056512229679939
1,0.8899680551997454
0,0.7559166355711111
0,0.7708722009591656
0,0.012930802361584224
0,0.23870523159093876
0,0.4795454272194872
0,0.049936495722124406
0,0.8416191605905194
0,0.9490618193491258
0,0.08750278283284593
0,0.10848688698058247
0,0.06635510723451939
0,0.31047089151296225
1,0.009220208387531507
0,0.22846809272822372
0,0.156148149688613
0,0.04598912221318736
0,0.03882056614712216
0,0.11622125628729832
0,0.81064638432505
0,0.3703230208485315
0,0.05082678105085437
0,0.09510812995345767
0,0.9223774533437389
0,0.0229789596457569
1,0.816550303808047
0,0.07008822804635491
0,0.9133335401409238
1,0.705736303830424
0,0.8412220696945212
0,0.6831051540169454
0,0.11643921266320169
0,0.06909729888159212
0,0.03033349239566143
0,0.33424755911856247
0,0.5100266858867188
0,0.2608852564548995
0,0.0923978614920641
0,0.007496559198743612
0,0.07808791870805008
0,0.26797715574001824
0,0.3087921646375623
0,0.1705915231939238
0,0.7260551519927972
0,0.35289549694410927
1,0.8407617543177852
0,0.6270426357472209
0,0.5903173466891506
0,0.4136908766760823
0,0.32356483824695287
0,0.9160693985603314
0,0.2677795515173654
0,0.5064074995655407
0,0.3313439659622722
0,0.22770113188583174
0,0.578382820091711
0,0.01846887610735797
0,0.6395194689057231
0,0.023469692115844227
0,0.16744727917339167
0,0.44890903792952075
0,0.0895261556552272
0,0.4176472060243406
0,0.01707005449101645
0,0.0092802493049894
0,0.7154049517715843
0,0.13596634761683446
0,0.24815365133564884
0,0.7546186599094731
1,0.9402203277253343
0,0.012813278595441735
0,0.3841851024839213
0,0.4372255957365629
1,0.8637331514326702
0,0.1639725742565533
0,0.3869839758916672
0,0.451505862862664
0,0.2840602470135791
0,0.02379055643790683
0,0.04957269558446795
0,0.08547176807375427
0,0.20528785331681768
0,0.017174467804977025
0,0.072023628704889
0,0.34562825379389917
0,0.4901252505645094
0,0.05921793048985657
0,0.8065002039545509
1,0.9107594763114311
0,0.05822042719432445
0,0.25341817164861596
0,0.02286648288052605
0,0.06981030484503757
0,0.5920658664751312
0,0.7229631291407884
0,0.0067109272476927806
0,0.04849494321801425
0,0.5799703415436479
0,0.4770761535751387
0,0.7512945351878325
0,0.4681169126543844
0,0.5598712059798097
0,0.12315706788132458
0,0.7995360223057508
0,0.6485212946738431
0,0.8147588237133905
0,0.03069802788481353
0,0.037192526087583354
0,0.14053399683497184
0,0.4883243899064292
1,0.6395053313252599
0,0.7491973256116361
0,0.5162298331269548
0,0.6018451859747262
1,0.9286783883421675
0,0.30486834623849257
0,0.0364075502183135
0,0.022435116059490102
0,0.15873315768614654
0,0.04382610687151807
0,0.4599970028091771
1,0.9065618090810816
0,0.6446546555733176
0,0.10513986576497783
0,0.20947265641259444
0,0.23376706838669933
0,0.005651860189249098
0,0.35791629313771256
0,0.5132411698210265
0,0.346179061017184
0,0.8028182977608042
0,0.026980467673021178
0,0.3719293269214927
0,0.4825367058039128
0,0.0512581122345403
0,0.027234438215193932
0,0.6888895142123976
0,0.025061707294394213
0,0.2640177360610697
0,0.010642716800543794
0,0.10826375720999323
1,0.19696666963556017
0,0.028144707618969703
0,0.0676687824738237
0,0.8447713887003734
0,0.34448147203574425
0,0.3532820732217016
1,0.6768316870235308
0,0.1242511953428889
0,0.21588900364002708
0,0.6983955243871429
0,0.005330310334985957
0,0.4077219747214218
0,0.003763338340959062
0,0.7175398735351981
0,0.022584324989674304
0,0.1821180073869944
0,0.18995151219402426
0,0.16522612229359268
0,0.02628548972574418
0,0.10136897611746581
0,0.06199382208081865
0,0.3987411412729335
0,0.013365079367924965
0,0.008958133859187502
0,0.04837129019879624
0,0.7024412056688532
0,0.2272548231552086
1,0.8600852865465397
0,0.3333796872957344
0,0.008605988194406325
1,0.7655059701158473
0,0.13157316497623273
0,0.7509362265729872
1,0.8712571007039605
0,0.6833347447347403
0,0.10136716336295207
0,0.8610005920516972
0,0.4948969329763206
0,0.025267165242901773
0,0.8132218980229434
0,0.16756695096412672
0,0.0326928168061199
0,0.8343016958073483
0,0.09029657081847912
0,0.25458030958746086
0,0.4936740683158587
0,0.2404726931681985
0,0.3497559955334813
0,0.09663420359962008
0,0.015110966555908462
0,0.016314423771452535
0,0.6989018934227932
0,0.03920213880771118
0,0.28067434404853503
0,0.9025345553632446
0,0.07764583331485762
0,0.5823260406457027
0,0.8059179055301138
0,0.8422144653061645
0,0.39797796888898573
0,0.06084288392159169
0,0.3743175887609496
0,0.02498652215877961
1,0.6120457586478284
0,0.02925147472691567
0,0.7717189161232135
0,0.6453462623293442
0,0.10589637646474764
0,0.9147292237251746
1,0.13317153534204856
0,0.06712048978553525
0,0.45118262355168787
0,0.010445982188615578
0,0.028509066988650498
0,0.877507034544706
1,0.6482910655897475
1,0.6151930249767137
0,0.6885510027102232
0,0.039309196377660706
1,0.9105827268476212
0,0.18248941689521284
0,0.03991291131125423
1,0.04835656460571271
1,0.6498122421992173
0,0.008199184202147124
0,0.7463788244743363
0,0.006496987351005019
0,0.025907001798005546
0,0.019229626760374003
0,0.058505575045247386
0,0.024676830518636214
0,0.5020158523784609
0,0.016133763088047783
0,0.10002340875978118
0,0.027162895924065865
1,0.8847283783774398
0,0.03536286863076841
0,0.4747874639680017
0,0.08854202968279604
0,0.38672320999002757
0,0.030020215570826937
0,0.8035203486057774
0,0.7346263874201272
0,0.07347421878318569
0,0.12417127511848947
1,0.9549801519467979
0,0.5795102405505078
0,0.07454461005666205
0,0.05134694937090382
0,0.006804073895518023
0,0.20422283782567222
0,0.5227266054314248
1,0.7918532142061607
0,0.00590910128897929
0,0.02931378610874909
0,0.14640154545953865
0,0.9361536795908466
1,0.8832182632590491
0,0.51911866880477
0,0.039549740846479775
1,0.8977300108282896
0,0.05018959155320453
0,0.01671888087833487
0,0.4451701751883266
0,0.041442141540502915
0,0.3282374609891793
1,0.9069825649182788
0,0.2833866643938995
0,0.13552847632727505
0,0.33283494358105165
0,0.6119462678992674
0,0.7001416659705493
0,0.16634672868291175
0,0.40252500500301663
1,0.6637347690081882
0,0.3947244661707085
0,0.3737778339420174
0,0.03534440502498566
0,0.03403969730032795
0,0.09636817114432529
0,0.06837237396626189
0,0.046313020128637285
0,0.19556848684830838
0,0.22552057912534848
0,0.8209616958974407
0,0.7778499777304723
0,0.6071798060087329
0,0.08440810543970739
0,0.4662722981085703
0,0.5515846349084985
0,0.05575707247303966
0,0.6971359923459287
0,0.3927248883463035
0,0.7686338776299652
0,0.3137311604560251
0,0.6558939479308704
0,0.11252649518911174
0,0.2459737610075022
0,0.26914571533225345
0,0.00174746872297498
0,0.46302761327764447
0,0.08846212097574534
0,0.04175101172534176
0,0.43666469002239167
0,0.21377124754626237
0,0.03498077581023468
0,0.06576566168805906
0,0.008843791308361857
0,0.1469476015534991
0,0.031496733998298145
0,0.042722902787176026
0,0.10311275614948948
0,0.6393246559413756
0,0.9254815439351357
0,0.0813982975100101
0,0.13839828091842357
0,0.15307002502966946
0,0.3711369825900375
0,0.9560610992224385
0,0.09225993337497479
0,0.14271461033188326
0,0.025639429409312166
0,0.030194283198411626
0,0.7435796175234206
1,0.42058656201828004
0,0.5842724422610115
0,0.9292548315852635
0,0.8642847593536421
0,0.08233429550907038
0,0.711148290727229
0,0.30118542697928774
0,0.040392043829280744
0,0.1740272258960415
0,0.23176527931299246
0,0.06539266083371242
0,0.7545860460197868
0,0.926000879598944
0,0.020645470596236965
0,0.060979947985361195
1,0.4762159749755336
0,0.391729499720383
0,0.4517500425843007
0,0.01058485642649592
0,0.7239657959732011
0,0.7163015823686437
0,0.6990469675099649
0,0.8518578578402455
1,0.9327886688487663
0,0.4406570972661498
0,0.061335625926054516
0,0.5259432906479554
0,0.2639315463927412
1,0.6981279534992904
0,0.004789812238304579
0,0.092011558972505
0,0.1497095577239191
0,0.2377132569469563
0,0.6259467783730542
0,0.014536858793661324
1,0.4457949389387083
0,0.009699252546467854
0,0.15033748905286914
0,0.07922064676507595
0,0.6078716856213832
0,0.26091928267638104
0,0.04528957484013195
0,0.4736942302281623
0,0.8181337355071645
0,0.7150842303644945
0,0.03626952057260925
0,0.04727461053931502
0,0.014243777301608728
0,0.009274602783890437
1,0.8466514862501472
0,0.283414645839241
0,0.061820341359857145
0,0.07989635905392371
0,0.9605440580035914
0,0.05750620640653308
0,0.2670197139693445
0,0.0651025785004392
0,0.16167945920830148
0,0.44727226882749693
0,0.25968383627465147
0,0.5660992474365955
1,0.8749030246257249
0,0.035096777587519994
0,0.5034461641539408
0,0.39582143545838616
0,0.0376048159742241
0,0.01563943161518707
0,0.486666658970557
0,0.04290224497454602
0,0.0791833846843748
0,0.39890082911454644
0,0.4069848723886869
0,0.8390315975417302
0,0.8085824922782089
0,0.12321029246531837
0,0.5247117102831697
0,0.6201118627622606
0,0.7251515630423417
0,0.10421073052880786
0,0.26962922553467733
0,0.2759516030954285
0,0.061107836155675416
1,0.3538673587920533
1,0.286301216722467
0,0.8755588478991035
0,0.6438001983031837
1,0.8664670803556161
0,0.7759695274468593
0,0.18097102908721424
0,0.01489997344842655
0,0.11035225979293185
0,0.016777121826320865
1,0.8557034989512967
0,0.05750648144374035
0,0.034510832354504174
0,0.002507248223635929
0,0.26442393957285937
0,0.07018641791183834
0,0.2511880963618818
0,0.6146762786140942
0,0.29392678660156407
0,0.31637723056803535
0,0.09434890003048174
0,0.282263246355752
0,0.0905321928878459
1,0.8626347594909468
0,0.4362094695558694
0,0.06078503714006998
0,0.45106752830847113
0,0.09405449356514133
0,0.04787075978535253
0,0.014245961007255548
0,0.8710206472768214
0,0.02937454969992333
0,0.40869593153116596
0,0.5208417313081616
0,0.5166527904598741
0,0.007759260995393244
0,0.06364976647910552
0,0.23850669954635514
0,0.02465005756715439
0,0.2452919090586768
0,0.49245504095382336
1,0.7535583631958516
0,0.4966736793349407
0,0.009080601602185458
1,0.8270907427685417
1,0.6890775257674725
0,0.5905903115253331
0,0.7506691862317596
0,0.3194056794532427
0,0.010622325957055891
0,0.21265358888499133
1,0.5950579660763023
0,0.14062721074303608
0,0.4796338314839343
0,0.00965666578556415
0,0.10409804202939772
0,0.37039376983310396
1,0.5851105736131827
0,0.6312394364737669
0,0.8942566471125024
0,0.1780782099902392
0,0.6889714178307154
0,0.09140322487893214
0,0.45283026584983377
0,0.36019810984490547
0,0.4555857392529655
0,0.16312598369988915
0,0.4999430535848917
0,0.014618413409269958
0,0.5726821386701262
0,0.21833851865139137
0,0.32445994856688676
0,0.6290702689167634
0,0.033605223426049935
1,0.29136116939922607
0,0.15562082549980255
0,0.347266507754853
0,0.015670354935716398
0,0.17253987949902802
0,0.7756085335861929
0,0.9455505473989925
0,0.37773517730035394
0,0.02522366791499726
0,0.01016181240628181
0,0.15115228000761402
0,0.014950140509588206
0,0.20975614469475745
1,0.8427096356018536
0,0.49157468423917927
0,0.6011015452418165
0,0.020740828702464745
0,0.16822789683480804
0,0.029814118795963983
0,0.5492604320511243
0,0.09885865538245088
0,0.027847319279861355
0,0.8243846361369807
0,0.914686711737203
0,0.2315584509519335
0,0.12516827537563696
0,0.6173467684528245
0,0.19413132524631285
0,0.7331022235077763
1,0.8466450785768694
0,0.7353866142394427
0,0.676393651543105
0,0.03812845735598262
0,0.010212433529677174
0,0.013449152242533383
0,0.35715884501542494
0,0.019314208721084893
0,0.3113936160120594
0,0.01781274375890743
0,0.7732257266860187
0,0.10511402180791167
0,0.01279226616484493
0,0.8211811930882877
0,0.5878142930834165
0,0.28179159171491275
0,0.26400459009427896
0,0.9391660288012146
0,0.7057971618925181
1,0.7837649464672087
0,0.37562566356596083
0,0.7642535949641387
0,0.10805062144262478
0,0.02897774120862997
0,0.19509490371469498
0,0.8189452527447723
0,0.8376198433494985
0,0.008305557783252579
1,0.6337900661354484
0,0.29478502249440397
0,0.8305719461996491
0,0.014655748936741753
0,0.0188576475483211
0,0.01962359564166901
0,0.6054826923463932
0,0.21047105163388258
0,0.09884038398255846
0,0.07238644047896235
0,0.12236159654530664
0,0.2708860361130406
0,0.6271745701797983
0,0.07073848825315414
0,0.2942699594424455
0,0.013277763381465002
0,0.13957946001613242
0,0.0069861032494397835
0,0.015839661147178403
0,0.6240718427598383
0,0.0704751199130309
0,0.015254611667992612
0,0.23502483084509232
0,0.15778211466298786
0,0.06547524236168852
0,0.27399557772593736
0,0.76703226556118
0,0.2587051087395151
0,0.038771958205326126
0,0.20549915091369658
0,0.15324943279393552
0,0.6051122274314135
0,0.32333487736111094
0,0.7815349318184228
0,0.47299828202458616
0,0.2796968259216496
0,0.7376305174372508
0,0.29504543491815893
0,0.6996674149768255
0,0.1389279292300874
0,0.07989503561503555
0,0.11359377745436848
0,0.5955447918474723
0,0.06194610721956675
0,0.7824677476588592
0,0.1096800815413897
0,0.4383852516647183
0,0.17727192878112163
1,0.7561926892816111
0,0.5772557389440949
0,0.02330171556753693
0,0.08388074721470191
0,0.2713073985083668
0,0.8442802945339991
0,0.10967637594315328
0,0.08780896202528682
0,0.011500890449437376
0,0.7656665634519308
1,0.44491593909272154
0,0.33961795056062966
0,0.08358269425237194
0,0.2728633160454598
0,0.3436201013450848
0,0.026508336449374094
0,0.4530044815947488
1,0.844478667146239
0,0.3885892922636207
0,0.040629084566766026
1,0.9175311083434918
0,0.09591167764566345
0,0.8515897478801805
0,0.1922644707316335
0,0.8235176507670383
1,0.7746617607045991
0,0.1340900732677896
0,0.006343734665183706
0,0.09393129536606447
0,0.05103428400717261
0,0.1288066838328255
0,0.017348157231744064
0,0.5975672773932648
0,0.3260632095105654
1,0.9542465455954303
0,0.009683803098161746
0,0.07952237114320697
0,0.046428244960745796
0,0.020455523706630903
1,0.5205160338790564
0,0.13847881375650062
0,0.06544915005858082
0,0.4366595989307169
0,0.8893696601976838
0,0.07398544664737967
0,0.059099322854147235
0,0.17008471056484548
0,0.2115045110305509
0,0.06392387735923781
0,0.2513374306697336
1,0.8134397641409259
1,0.9490956636291417
0,0.2754159395126808
0,0.23867793711110194
0,0.24519561780825408
0,0.039740871370081
0,0.06961719910869957
0,0.34550032483529836
1,0.7560659207207804
0,0.5884737742414978
0,0.06211622594289432
0,0.7315434878174916
0,0.019663567760213673
0,0.010819723719603706
0,0.12616944593926394
0,0.021339740923254222
0,0.3990307683386406
0,0.4592995174868019
0,0.050918420487379164
0,0.8934562188263133
1,0.8512112023801955
1,0.9491059754454122
0,0.7851423660143397
0,0.014430085169969947
0,0.20806070371930402
0,0.8928363922517272
0,0.03009905234510068
0,0.5207627733120134
0,0.07154268086457748
0,0.3781620514262333
0,0.2051685792118076
0,0.11135875496896544
1,0.8338598881803454
0,0.5337051986956883
0,0.18098578496092554
0,0.5528503051382833
0,0.9140152062827188
0,0.08277397820651264
0,0.08725426059475297
0,0.04109510697930738
0,0.03001305507288152
0,0.030810514371552956
0,0.15412741467601726
0,0.07768699150758863
0,0.041310167350881694
0,0.011757304192215063
0,0.03568065672737111
0,0.1019767503153361
0,0.6612590906180686
0,0.8049127159223304
0,0.03323530723633552
0,0.41808061171706834
0,0.5109084967507844
0,0.5379731951558546
0,0.08293885668943296
0,0.024589000087178126
1,0.8624281057936153
0,0.1582966473544938
0,0.24705354146263053
0,0.6405621601748148
0,0.58658248641853
0,0.4609827062834838
0,0.2019730212239554
0,0.21549830209163354
0,0.5079325939965749
0,0.13510465002131827
0,0.806907829914298
1,0.5500797792435342
0,0.7581771089192827
0,0.2986537811280354
0,0.49539583552176975
0,0.5158222500645469
0,0.10531020684727702
0,0.1717409596410722
0,0.015108841539652602
1,0.5971512115990367
1,0.5481115056580228
0,0.03932314873946607
0,0.19744614419166825
0,0.2280985682675535
0,0.028739004422617946
0,0.0996267996444235
0,0.20401576774038194
0,0.8302721209090431
0,0.5284923761084921
0,0.03854662124823177
1,0.8931208802571335
0,0.005749380426353306
0,0.3700524198411614
0,0.06571911887181708
0,0.2679042676178358
1,0.8598979253935013
1,0.7928754699909941
0,0.5134940119231013
1,0.6946102077024119
0,0.006370407879478752
0,0.260179722139851
0,0.13062858363843066
0,0.17427895478827046
0,0.8663233183437284
0,0.3204571719543004
0,0.05026501046554983
0,0.07742332837594856
0,0.13706848302773986
0,0.7894091299017538
0,0.09191957477344757
0,0.60313417907388
0,0.5813118983827894
0,0.22584519887349264
0,0.48633016923001454
0,0.0399274778782924
1,0.5677967855150068
0,0.3587299270889649
0,0.1750033032236175
0,0.034169967819310955
0,0.15783183769363968
0,0.33092357418107815
0,0.5565196711142961
0,0.03457462209265228
0,0.8098985422603155
0,0.06317113223372255
1,0.32822680105504687
0,0.16616831070362512
0,0.8736512163035398
0,0.5607139341580258
0,0.8680148991913296
0,0.5114624922083726
0,0.7830425657643343
0,0.8710704970821678
0,0.20336661906834125
0,0.008598520660139749
0,0.401470870275898
1,0.6702954131631496
0,0.24516801649878803
0,0.9416294540556631
0,0.025585343069289872
0,0.7683528322153454
0,0.7214919165003376
0,0.5075362446732319
0,0.41880358724879035
0,0.06500437389859594
0,0.027014657095842363
0,0.15193893625949637
0,0.026523815902658066
0,0.21873081508286957
0,0.01981903508008205
0,0.040263318554089336
0,0.10636367645755639
0,0.23496507727128702
0,0.14268847742679913
0,0.012380603650458939
0,0.054276061412327874
0,0.022556932339918408
0,0.4079008946083187
1,0.4021629449729873
1,0.9121910524313487
0,0.48332168022177435
0,0.376097937582069
0,0.018765489628886727
0,0.6246433318462903
0,0.019558442929466385
0,0.8723775089101864
0,0.07493791141902473
0,0.013108643790501131
0,0.45405186506213585
0,0.10688227921583351
0,0.8715307779546455
0,0.0327366162758619
0,0.22461613831212224
0,0.5788788309686642
0,0.22366447960134503
0,0.2199957641897991
0,0.314659290375741
0,0.017705867265081523
0,0.12557623678521965
0,0.208539793200528
0,0.1505835132280606
0,0.48392485917165656
0,0.4151930764755971
0,0.19222028275831046
0,0.013097841196022787
0,0.543132820775962
0,0.6556966774446983
0,0.020400523224108232
0,0.003619561150479519
0,0.029470396048592494
0,0.09305902615123202
0,0.20196148739193967
0,0.19821315511204537
0,0.028343362973802102
0,0.010561723022966374
0,0.1511160050332443
0,0.7917655023667824
0,0.43626929886744154
0,0.31548110730990964
1,0.4374057802871264
0,0.05356452508030009
1,0.6185585695460963
0,0.01393097388614383
0,0.023203640641125976
0,0.08991297320841762
0,0.11478457957435874
0,0.9174466966613275
0,0.5415701917244584
0,0.06377754716881892
0,0.42585383421420436
0,0.5552163898601573
1,0.32026760179219815
0,0.3120509481189938
0,0.5511003249113787
0,0.023584536981449643
0,0.010365732713370273
0,0.08061464475404805
0,0.9147492005576258
0,0.00651367832411526
1,0.9317346953477631
0,0.08824034146489396
0,0.11268168185380649
0,0.05457086048455893
0,0.37734990690611214
0,0.47002561651777974
0,0.48990536578227256
0,0.3016997493219405
0,0.23961588815415172
0,0.02336798993539774
0,0.4883686546351912
0,0.2959655289150751
0,0.013249419461359402
0,0.7091471180829635
0,0.9455488844172498
0,0.7987966146722746
0,0.37855252772237835
0,0.07723648100676371
0,0.17843933369788448
0,0.9100819350305256
0,0.24876373394364965
1,0.7689303653292207
0,0.21123468589055128
0,0.07533387536418992
0,0.1873698621601109
0,0.12753525847489483
0,0.7540839299699338
0,0.6202122252504246
0,0.5956348057349355
0,0.034392173847733215
0,0.5493929445353223
0,0.8481180542912145
0,0.5483703555394461
0,0.21308179435923516
0,0.44327280731042357
0,0.6548129397963175
0,0.15538734858241426
0,0.7234976633556194
0,0.6151282767219285
0,0.09572563255549645
0,0.2185168329461699
0,0.802829751576768
0,0.36299560238912437
0,0.15864369609578965
0,0.012180317365374727
0,0.8705074406592729
0,0.006978331297197906
0,0.010788201088221034
1,0.7426820403015901
0,0.02440098590656027
0,0.2688844608916198
0,0.3477468147782658
0,0.1685240642710097
0,0.93000290772518
0,0.2727828315917455
0,0.286823586970066
0,0.22889793304864692
0,0.4575752815962094
0,0.03794583686773161
0,0.15666914945494248
0,0.711035641159866
0,0.36037912109901055
1,0.8800387880732794
0,0.04775051711342428
0,0.03954698464738429
0,0.1579558887259476
0,0.5046021097497995
1,0.7875768580915716
0,0.8432326450714362
0,0.5566679411024018
0,0.11894576258195594
0,0.1288939692517847
0,0.19481961370514067
0,0.6434730172566008
0,0.7591716923049481
0,0.7346732419071655
0,0.7842848673400321
0,0.045669765584156724
0,0.7441419503902229
0,0.015393897806305155
0,0.7721903865895773
0,0.17708083560861018
0,0.6172782046264192
0,0.013193174625516632
0,0.23004208468133502
0,0.5590055157531648
0,0.8690051063399794
0,0.21726663167053734
0,0.04071470085116652
0,0.18559638692867556
0,0.11137740409720914
0,0.1663361372078892
0,0.0596684197967987
0,0.9316517748039451
0,0.03492723989967028
0,0.8414029564762538
0,0.22616245103144966
0,0.3184243155503814
0,0.14674902878450571
0,0.6275250036775979
0,0.0657328892215227
0,0.5874279441780109
1,0.6186920293829542
0,0.07504260308907332
0,0.03317989713828738
0,0.008148357482158962
0,0.01264776418061718
0,0.23023818979877786
0,0.04728210352643729
0,0.3142683410080802
0,0.23840308997627838
0,0.02261473144006312
0,0.10463468941595333
0,0.5203619930140985
0,0.6847420347633697
1,0.9275159966172383
0,0.044051597393298954
0,0.3284614607028053
0,0.005672770530983278
0,0.12579222838116202
0,0.17024218105693775
0,0.5212247399240599
0,0.0762575787385468
0,0.36089017390355715
0,0.24002519383921656
0,0.020125398554592396
0,0.8998659402016728
0,0.40183532804808164
0,0.05018959155320453
0,0.07839010999157968
0,0.014348402599179907
0,0.4123878603488601
0,0.850587234886679
0,0.15233488413191218
0,0.2901780924110478
0,0.0903526191328781
0,0.7400061503069278
0,0.2195645472250173
0,0.046044770955445305
0,0.3671416596459525
0,0.3249890259152093
0,0.5224248809517184
0,0.43384459068815584
0,0.18079834689623253
0,0.6060041314431016
1,0.8728595872402157
0,0.24137222772602118
0,0.11139812700390947
0,0.6282206277507789
0,0.17774473456898118
0,0.18655195575730993
0,0.0038944620252117307
0,0.7871203798038912
0,0.21936937600776577
1,0.5871771547299521
0,0.5212970777144489
0,0.5124029223797393
0,0.009466201778938484
0,0.017894335595184992
0,0.3419882279422904
0,0.5273666938455296
0,0.13013442512966536
0,0.6951696761031976
1,0.8798779875733931
0,0.03624282514209081
0,0.0972567274175061
0,0.37173291312361323
0,0.7574940622739998
0,0.03100949136299128
0,0.12792495430868764
0,0.1803256488402276
0,0.08035148919064018
0,0.14157739186354254
0,0.017902290979953942
0,0.08163536896625304
0,0.23149539218861628
0,0.9194006605011741
0,0.009378477563110546
0,0.03805775454799578
0,0.7416174449715284
0,0.0069008932076706974
0,0.02836784570007366
0,0.08155169093792815
0,0.06609681075891825
0,0.42926750694344323
0,0.06526175205391914
0,0.2517870399957925
1,0.8138434805565582
0,0.24193756871699426
0,0.375250734183304
0,0.7915908486982619
0,0.6983389384732561
0,0.1272110320663621
0,0.7191840929745438
0,0.035446385039103655
0,0.21993690646449107
0,0.5549291140910312
0,0.34001138250694085
0,0.16792884885116854
0,0.03463916653689283
0,0.3986812804126689
0,0.26318882135863797
0,0.038553425031334174
1,0.8573401047013064
0,0.033109533235263874
0,0.025860026843727
0,0.5085481090381374
1,0.32413137773344
0,0.05208854354452213
0,0.02183427532709565
0,0.38282742219726185
0,0.5813979428313139
0,0.23406185155899634
0,0.7356727732383099
1,0.8289834799110293
0,0.463387832752186
0,0.1207611844215151
0,0.13613673137753315
0,0.23890970103101938
0,0.7144349202074497
0,0.8126955676198337
0,0.2954594934749061
0,0.09386768683081458
0,0.014822637451341105
0,0.16491123886630965
0,0.5294958770964421
0,0.03558126228189956
1,0.9067557432364264
0,0.07272581171657849
0,0.07608021878772554
0,0.2075451437398843
0,0.03443344857858275
0,0.20888530985078102
0,0.1324256082583194
0,0.07257263954575588
0,0.3460347991993641
0,0.019783824555942287
1,0.8780014948528045
1,0.7913868272096938
1,0.8819538350006646
0,0.2933453253981365
0,0.0954849434498866
0,0.7710096418157235
0,0.5390046162718579
0,0.3162288985740072
0,0.6840578207496072
0,0.22588047482778167
0,0.7556699478280944
0,0.9165000855845911
0,0.11379792854438352
0,0.5356009666564447
0,0.8443621009584471
1,0.8132261833129348
0,0.5600929954563801
0,0.11872910537726396
0,0.5610739064264975
0,0.016483771070524424
0,0.021583672412417217
0,0.2566625210690427
1,0.8465877358160496
0,0.38219745470865946
0,0.13332676666267732
0,0.5715396397477096
0,0.13242321081851263
1,0.6762807094188179
0,0.030110457531602474
0,0.8719469481021385
0,0.5252845580905667
0,0.4456655395275958
0,0.1451088398821907
0,0.3471008855050795
0,0.047053059997362395
0,0.23838206032435622
0,0.8611429639923291
0,0.077112939631999
0,0.3086380402942424
0,0.0014930294839194164
0,0.45386035832525495
0,0.4142948375256213
0,0.032619240802954655
0,0.4454818024853268
0,0.5536231862678519
1,0.8565025785470295
0,0.09117566415985755
1,0.9146655946392145
0,0.5724259974528821
0,0.7310714269232674
0,0.912334564340214
1,0.814239372688526
0,0.2334984021115481
0,0.04939810976585629
0,0.11311223292679022
0,0.12728246881897812
0,0.1730190041555163
0,0.07198317588771394
0,0.806657228031189
0,0.06728209178936005
0,0.02722942594738926
0,0.33540446016581615
0,0.27790967596443356
0,0.08477072047715409
0,0.016074190771903682
0,0.06664935161089036
0,0.03386933919279708
1,0.7356554716123586
0,0.5749386790449369
0,0.5618739381308161
0,0.04396556059711337
0,0.09294818836440068
0,0.3755507044268772
0,0.5890699631640862
0,0.6384767525283352
0,0.5595223552804224
0,0.5820080035458399
1,0.3306445941300012
0,0.6469959299593023
0,0.05705007831550223
0,0.3155035028753573
0,0.09750423383351722
0,0.0045193222028833396
0,0.2358817229659982
0,0.15991566416973071
0,0.3895788343914214
0,0.7325752909445833
0,0.1631027046515391
0,0.5095846357860168
0,0.3791674943288901
0,0.002429312487645983
0,0.38911198918618173
0,0.02755483069038957
0,0.7599431635988809
0,0.19089475496113995
0,0.4120144785789526
0,0.18164376510221167
0,0.04148178931223551
0,0.18331088000634385
0,0.8997538387559945
0,0.26444950093014147
0,0.05275123551776605
0,0.33775340525733777
0,0.6961634925660231
0,0.24517630027399256
0,0.7634426957938965
0,0.06293909480631366
0,0.04065639845464222
0,0.10202281668181404
0,0.7058470818304136
0,0.20402000899808415
0,0.07957479525377
0,0.5797029873504983
1,0.907633028381994
0,0.5696121417980632
0,0.32173582358236413
0,0.1475640304046818
0,0.2971258327744241
0,0.023736588939293975
0,0.6584580806828569
1,0.7299797909552036
0,0.30574071725135465
1,0.47881602457883554
0,0.26780377653548126
0,0.21083975683846184
0,0.16197653614442306
0,0.09703752091987962
0,0.690810532646014
0,0.3716105965923254
0,0.11751512326148293
0,0.11722537111447226
0,0.36757241399778945
0,0.8998689430297301
0,0.5341826014691137
0,0.8978290011496324
0,0.32754326784566584
0,0.10735608166859206
1,0.5883291897532553
0,0.44862105898331417
1,0.8068747250796215
1,0.8144058077882698
0,0.5332573239475557
0,0.020489936489617253
0,0.5348511556822806
0,0.733811263189825
0,0.07599997728697638
1,0.8737949832156314
0,0.8912013200993242
0,0.07401801560494482
0,0.5387414124361508
0,0.5116471974032045
0,0.20165388648753765
0,0.07742332837594856
0,0.12452584980718295
0,0.02676946600772585
0,0.24166075136993803
0,0.8328209073775895
0,0.6607636420777656
0,0.6818364571169616
0,0.008028783754700133
0,0.2310402066926235
0,0.6775080791982488
0,0.7988573118904136
0,0.4935599374725497
0,0.9006854171311676
0,0.8700023625614901
0,0.7408405604064527
1,0.3883815720177557
0,0.7811315568021909
0,0.6693078010933633
0,0.045676030853569284
0,0.13296261109994542
0,0.7537424024881637
0,0.020733705673218892
0,0.02699770131383854
0,0.18086317280207964
0,0.04968872230083582
0,0.04093002413419475
0,0.5236297408508269
0,0.712819443591722
0,0.8244803985119302
0,0.10143492671098317
0,0.8489770891723574
0,0.7281097048530212
0,0.00878626956701186
0,0.2374018398545892
0,0.11451381181470091
0,0.008668757797244962
1,0.8162192974093729
0,0.046037671297987005
0,0.5232675644083289
0,0.7758091030240268
0,0.06558777874533926
0,0.061523961743148496
0,0.029560681960627787
0,0.5487462672074797
0,0.23591350407490236
0,0.4936007961084256
0,0.06648789349945607
0,0.04919158496111294
0,0.05572197735903181
0,0.01121173690364188
0,0.15904361885940926
0,0.07103630684347581
0,0.1803706900983247
0,0.23131027972021284
0,0.6434725077601063
0,0.03577925460097347
0,0.4650726837540562
0,0.2607524237664685
1,0.7917526117289683
0,0.4252333847030972
0,0.4500766386020126
0,0.03732811526641987
1,0.8026576245192003
0,0.05290077911101561
0,0.1749183689801528
0,0.011156544353771116
0,0.16264869031532683
0,0.910390971693758
0,0.3093212028239833
0,0.5492911987657555
0,0.937744662369573
0,0.33797084275052797
0,0.26263267143148294
0,0.02925647980117905
0,0.13846919529311225
1,0.791343256150982
1,0.848609389051029
0,0.005415771352932025
0,0.024069235858447308
0,0.43143291470108486
0,0.8268309947449527
0,0.041145734263781486
0,0.10914002546488213
0,0.1772435971968262
0,0.07466192678251268
0,0.8520035489080994
0,0.014016615042970242
0,0.4472558737444269
0,0.2428274627323815
0,0.7630883901450458
0,0.0038217575863857167
1,0.8612080638932286
0,0.5880752687549688
0,0.09393397484860387
0,0.08401730870228533
0,0.006271179356086078
1,0.8190137151431629
0,0.6235270269946526
0,0.07123396582438189
0,0.019098867312750588
0,0.3806613754394883
0,0.009376785470479052
0,0.11784219911876694
0,0.2575837140836015
0,0.18848701532213527
0,0.41951665793630755
1,0.8466995820083766
0,0.008555850879509476
0,0.015089738324991844
0,0.8486646277395289
0,0.14016601284038213
0,0.14392541880852133
0,0.2778629084141155
0,0.16741946441769628
0,0.8361065508391173
0,0.2926624667444923
0,0.3831485194025138
0,0.5090319057200671
0,0.09425606164881864
0,0.08260046126255305
0,0.9393923163250566
0,0.007617010332269084
0,0.16120599822762277
0,0.7561668500476896
0,0.09852600266036407
0,0.9505534741472526
0,0.38046605918749715
0,0.5367949323137486
0,0.7864440867841545
0,0.2010943434456094
0,0.23368100737948994
1,0.9302488507838446
0,0.31108637811371637
0,0.007979957113009946
0,0.037752615091476746
0,0.0776455957471689
0,0.6972631267943781
0,0.050271284947589936
0,0.12709119048152562
0,0.024393568334366095
0,0.7084278790874905
0,0.03618945209172277
0,0.03606648327634988
0,0.010309198206206613
0,0.019840784958621602
0,0.6997670924501418
0,0.06367792728660675
0,0.40059140845288704
1,0.7338966179530729
0,0.40111863722989216
1,0.83756212082256
1,0.39255693196624136
1,0.7900799431947423
1,0.48631976932723575
0,0.7930514810599024
0,0.04723770931356817
0,0.7266383112954223
1,0.836673387883314
0,0.7068056072004502
0,0.027473546478274248
0,0.03492757893689307
1,0.5520382429316041
0,0.26875396710260474
1,0.9370330468127382
0,0.37152433084989983
0,0.41395967800493305
0,0.03302693913685319
0,0.5209542613732644
0,0.8508696455553673
0,0.17160247302104215
0,0.01594006813987396
0,0.4953815154331051
0,0.06120553286923524
0,0.006965698448177834
0,0.11771573541265894
0,0.9104684490531499
0,0.0946303567332816
0,0.5613077844863397
0,0.07833181616216313
0,0.024127422740855657
0,0.36736549853806383
0,0.005957702722431284
0,0.023002103327612596
0,0.15445337152434052
1,0.9451948490664452
0,0.05119705137287838
0,0.4610268429981355
0,0.7179472076499941
0,0.017450537911570193
0,0.5025428962946702
0,0.08874851012890214
1,0.777344885279974
0,0.3259157376464082
1,0.8721513901148487
0,0.3820094975002629
0,0.5194729836003865
1,0.9379405226553958
0,0.6751440345508157
0,0.01741241683272956
0,0.1684600756601345
0,0.30848247375877214
0,0.7785019799898591
1,0.8218397308738864
0,0.8361335135867608
0,0.7013616658801118
0,0.714956757824938
0,0.013929063295694748
0,0.2419185025024721
0,0.6286014100881788
0,0.012175568744992317
0,0.7480137980346678
0,0.04986090188947395
1,0.5023162189407236
0,0.31106250273316105
0,0.5981495185168049
0,0.08569101851373438
0,0.09378567058118409
0,0.6141825172628527
1,0.913517827372346
0,0.14460450398923316
0,0.6657711926815589
0,0.15424548455675285
0,0.039316617506869336
0,0.04617235548464861
1,0.7729386482586615
0,0.009679009451604591
0,0.008934816535735817
0,0.7823068675788455
1,0.34880301681320974
1,0.5119352267049345
0,0.30932620511074843
0,0.2806668772478193
0,0.5772580299255473
1,0.4365959781118147
1,0.8752633541719846
0,0.3565471396401183
0,0.16953841812422613
0,0.04398623100359242
0,0.06729444964627
0,0.45655176625733124
0,0.861710752118586
1,0.6164192172864896
0,0.15618784701474864
0,0.01541136296051427
0,0.15012150656872045
0,0.3194309583424067
1,0.6195082117382996
0,0.8641100287973382
0,0.5243266069712212
0,0.41689826005721403
0,0.024857171917773542
0,0.8410661290476844
0,0.8277417294679184
0,0.011360800839058292
0,0.0165582145147613
0,0.09225534936515799
0,0.6246875006964713
0,0.02176157118262995
0,0.052404646642030886
0,0.13896585024962027
0,0.013493298621069303
0,0.770275957772068
0,0.427304887505205
0,0.02744553336129679
0,0.8460814358984716
1,0.7479568410278064
0,0.8467997535781367
0,0.5077466949261896
0,0.8230941061519258
0,0.07955103801059984
0,0.14461241524757157
1,0.916193741272867
0,0.07486951400143259
0,0.11602122294677916
0,0.11086512871300724
0,0.13291227885477908
0,0.3586392490594948
0,0.7078816755085807
0,0.2244866286678053
0,0.3958641625861412
0,0.9265219277897917
0,0.06419716498391143
0,0.013893710169641773
0,0.10781470713171547
0,0.652804396183468
0,0.24311910621060426
1,0.44365973125612196
1,0.19326475498126522
0,0.024302767450082995
0,0.06829367852552194
1,0.278596821378349
0,0.4976744384337176
0,0.3560989577218291
0,0.5911782041543779
0,0.880494539385163
0,0.918929893345012
1,0.8894875405326667
0,0.036903691133897486
0,0.015241354931929147
0,0.2878345196897316
0,0.4928860547439473
0,0.27665452551247705
0,0.31839788987954815
1,0.950208981449602
0,0.0518905526176882
0,0.027130707249832454
0,0.8170372708190639
0,0.17412465555724174
0,0.10805062144262478
1,0.9095594148308744
0,0.061924181834333576
1,0.7156464773504814
0,0.6934857929827148
0,0.7247188393649732
0,0.4735602377343178
0,0.7428869250466399
0,0.6575980261179811
0,0.4455657118854161
0,0.021944858021233006
0,0.6108611350186265
0,0.014393903274852706
0,0.11778349791840588
0,0.08678361226563096
1,0.5398806497960669
0,0.6054063215542956
1,0.5085875723717134
0,0.007420037191261775
0,0.6154416535881536
0,0.767432103741836
0,0.004611259566031089
0,0.20107236423898245
0,0.3086642400829724
0,0.16034933192147113
0,0.1174347263291041
0,0.3637984645724375
0,0.06366337924440653
0,0.009357669799690308
0,0.24284015525052294
0,0.07481797817343798
0,0.3244226903026472
0,0.010149441243794391
0,0.5389514588530956
0,0.028902302502533523
0,0.4518049156131527
0,0.22445330336525596
0,0.7681205607780017
0,0.1454747681372254
0,0.4094589697997882
0,0.006589207278971242
0,0.05497802414306772
1,0.7517603818028072
0,0.57538079917808
0,0.6299917296594262
1,0.8784026666834663
0,0.12119811782175245
0,0.7667331896926382
0,0.2816290166670736
0,0.6394181968185484
0,0.10951562014462503
0,0.6216250140595494
0,0.012806873146425812
0,0.7529843328759395
0,0.6713421278261738
0,0.014825378540294537
0,0.08526581830350433
0,0.12527277190941508
0,0.04152751329900685
0,0.2471627381883544
0,0.052601500952129426
0,0.04025316562589025
0,0.02679045184466075
0,0.15662266193207205
0,0.0532661277388101
1,0.4013057623584293
0,0.06582410652545075
0,0.11097583203416125
0,0.0028010938724485415
0,0.0335574935602355
0,0.2953178177404842
1,0.9271737337979252
0,0.11079162266564273
0,0.18159491295827823
0,0.05785212199730959
0,0.4826744800785945
0,0.02818045605762364
0,0.5160132722835092
0,0.5087591537089023
0,0.023326768892195263
0,0.013466479262051046
0,0.016692724941135186
0,0.5933702660962303
0,0.3482048913886203
0,0.09051946667597208
0,0.8421778779779648
0,0.2742244464141113
0,0.6454129333895794
0,0.018904615106879942
0,0.24202805007324263
0,0.04346789051291823
0,0.8384058159101025
1,0.7115661948504032
0,0.22983685527536596
0,0.5246051937212165
0,0.09998040968053959
0,0.37932565161061427
0,0.05968742757572228
0,0.028664228472157324
0,0.3710483937965723
1,0.6608859031267947
0,0.014629302463557408
0,0.016149937983468646
0,0.5589468031136878
0,0.10045207150540068
0,0.07932762959051586
0,0.7869811822129915
0,0.1744179289582004
1,0.8439175538937185
0,0.3482628660166684
0,0.010429936226454066
0,0.024829881391175816
0,0.10162579597682356
0,0.2906525085079526
0,0.5399125560783659
0,0.42721774853477407
0,0.33271935172299505
0,0.15349275235022064
0,0.7002755663562767
0,0.6814489006687547
0,0.41045367682893624
0,0.10290516571796499
1,0.09978504424439433
0,0.12743104964605936
1,0.9634278223152501
0,0.06972766311718041
0,0.01389954481907528
0,0.4145699414118296
0,0.11199944049387413
1,0.36250117051540737
0,0.7511054898177328
0,0.5371712114389974
0,0.18699226776382885
0,0.10348830706875661
0,0.4440877981841588
0,0.24617726215995417
0,0.48257135269370693
0,0.006839082920869019
0,0.5738924278465768
0,0.05614176298471091
0,0.14174329063064528
0,0.9532154883647308
0,0.39507267829372267
0,0.21883149038625063
0,0.9093737266563718
0,0.24851305351523112
0,0.008582743967593134
1,0.4899462522990868
0,0.7656886313198706
0,0.25838632113487797
0,0.027075089568957444
0,0.008815654524511659
0,0.3882950441921404
0,0.48890793250207737
0,0.4227352066127439
0,0.5363148148549542
0,0.08835133364582076
1,0.8763537532113526
0,0.11227488576496072
0,0.04526488805470307
0,0.8481477803957999
0,0.3182490952710564
0,0.12201499647131171
0,0.4613324783159735
0,0.9347499976069581
0,0.36531350207090263
0,0.1827216873537824
0,0.06485905441080993
0,0.09641490852903165
0,0.6272912584997214
0,0.14035487016993495
0,0.28506996819264174
0,0.7809186645145838
0,0.656154572899657
0,0.16157350439600626
0,0.4675543282100076
0,0.641014208836779
0,0.49541252845690886
0,0.4303032637854643
1,0.6280150985316051
0,0.3296387415498407
1,0.8294744576613301
0,0.4067892735629007
0,0.7397526975521834
1,0.44339706264474316
0,0.45628528927437534
0,0.012980139368814843
0,0.6598932897307365
0,0.014973905181015398
0,0.16589059979670737
0,0.49655207751041186
1,0.6303628667030834
0,0.21613500811314137
0,0.011937830919464529
1,0.901676491527743
0,0.1746580796950715
0,0.48014278967332624
0,0.8116113187324716
1,0.8994304866571037
0,0.09800660480736627
0,0.7192369038056902
0,0.017074661857955635
0,0.46952384643473327
0,0.7419896127846589
1,0.8066487900585352
0,0.254461282052045
1,0.960487909288645
1,0.8118929937735231
1,0.4762182873988645
0,0.007887876744400491
1,0.40986070722369344
0,0.5039988539829127
0,0.19293556897781697
0,0.8967369678638911
0,0.2593030541557473
0,0.6686937241221667
0,0.48579703203818914
0,0.4172601026018226
0,0.039632428549003694
0,0.01427324300821243
0,0.012529697070367466
0,0.017543342728062655
0,0.4132086376476996
0,0.02237744323839635
0,0.6978744440679202
0,0.27437998232569866
0,0.4985019455785803
0,0.8349481974780869
0,0.4016518441557795
0,0.22377108810457377
0,0.4397385179128401
0,0.3510439601912908
0,0.18171276361674873
0,0.8459514564617031
0,0.1497095577239191
0,0.03119717269530453
1,0.6740179034961182
0,0.9218113512888381
0,0.013928747607043298
0,0.02656102490878704
0,0.7790331822453788
0,0.6004559596922311
0,0.6450871484225111
0,0.2964821682622802
0,0.7038356117147795
0,0.6856629248822838
0,0.4715266976569506
1,0.9286792565970349
0,0.0748752220746996
0,0.2499030524311948
0,0.26375804832200694
1,0.9330568190562307
0,0.13740862727095535
0,0.3090678288095607
0,0.1227464383414457
0,0.05451437524940256
0,0.08240670895433416
0,0.1717409596410722
0,0.38130748688321553
0,0.4697391008852415
0,0.021802550304316326
0,0.053560552051006266
0,0.5922126449410361
1,0.858203124815872
0,0.1298854519943561
0,0.10015558647610388
0,0.8117728409670951
0,0.022925448438168745
0,0.00985106932838967
0,0.05443505838084344
0,0.027576310146288804
0,0.04097520431116423
0,0.7007947905644716
0,0.7610076565966755
0,0.0357958312411218
0,0.9244089954660684
0,0.028611305842317223
0,0.031856068277910994
0,0.11969945059555272
0,0.20131691323527046
0,0.6643149066043906
0,0.7347810270581993
0,0.5677607238691884
0,0.06898925805214781
0,0.7731594614865726
0,0.1330088148590433
0,0.020924686790117455
1,0.12182743067406779
0,0.300168752226156
0,0.21934129955767068
0,0.3077695472259771
0,0.2196537156751271
0,0.0376714981286574
0,0.8824425314152381
1,0.8988278170432966
0,0.5793591703419846
0,0.20757683234188204
0,0.055425385248351354
0,0.2651071266241355
0,0.7512332100182683
0,0.3654807428820639
0,0.1209796446279113
0,0.21866217013583428
0,0.754582700201545
0,0.02303435944790085
0,0.0849552173279908
0,0.46468414526327356
0,0.38000307030006075
0,0.002966096290542935
0,0.6334048471071142
0,0.04248320212560855
0,0.01932447920536777
0,0.09219638855490693
0,0.2338761426902798
0,0.24207584492166595
0,0.025611271505305216
0,0.13201982511203375
0,0.9363608689251226
1,0.9032743353482154
0,0.5124016141399054
0,0.8019515860611384
0,0.3513921496849228
0,0.12947052733345393
0,0.25765326589472054
0,0.8251134096372668
0,0.2380264085855595
0,0.041647841783493386
1,0.8945088106026199
0,0.0020218523603532297
1,0.5650118772112261
0,0.47429675116265557
1,0.7961373319000915
0,0.6571950214272579
0,0.14060945771390454
0,0.423481467956558
0,0.23259045603051015
0,0.13450186913135004
0,0.22163450985429722
0,0.10814793664816186
0,0.024610773479801177
0,0.009155850443472625
0,0.33296748765784023
0,0.38029148183754946
0,0.026717434717709022
0,0.3254428627774692
0,0.42956557355257585
0,0.11047216502997523
0,0.3595340123702827
0,0.3694401731540812
0,0.7995353938964579
0,0.012752375575048611
0,0.14564511957603565
0,0.02458001985442518
0,0.035302951895562894
0,0.15867479959136313
0,0.15595141684479813
0,0.6547549644480609
0,0.683270702864469
0,0.118538421059595
0,0.02138670373834328
0,0.16669526298511783
0,0.10482199129800449
0,0.4336583820513063
1,0.4631125235528325
0,0.47969279078257077
0,0.24877404106489703
0,0.2162789789239943
0,0.23615424760972045
0,0.1641461419011726
1,0.8134382928690644
0,0.057848001920067955
1,0.8880113308096188
0,0.06664958678126238
1,0.47670951638040227
0,0.02060206784170151
0,0.9529802575510876
0,0.09451782301090139
0,0.45049413136704775
0,0.11769391513587162
0,0.5804909781780837
0,0.5650604112306821
0,0.09185662008788131
0,0.15138532363658985
0,0.006780399321536708
0,0.34843780761639875
0,0.4433060988645782
0,0.12390715966412574
0,0.2969510702680361
0,0.22656851797316285
0,0.03787727357652663
0,0.009554409328905602
0,0.657206360639713
0,0.031793352218285095
0,0.07985706578534868
0,0.8154286353010417
0,0.42328210290768237
1,0.8418996667642951
0,0.051194531580408
0,0.17564053483941242
0,0.5073416148604859
1,0.857338300259254
0,0.7399724366407091
0,0.07137751737028472
0,0.00714982492856498
0,0.44648604221929666
0,0.08466889179390061
0,0.11120688468905482
0,0.8338838154167088
0,0.014989618194537719
0,0.08710321491429186
0,0.32884752701655046
0,0.39070025280610415
0,0.7307554383469123
0,0.787058594992755
0,0.1606320144089201
1,0.4615613388330647
0,0.37873994965034585
0,0.34240549926408
0,0.03412675902299742
0,0.8194897562476531
0,0.4369361570982433
0,0.2086636078836573
0,0.16204195261729565
1,0.5956605066888724
0,0.7740374292101457
0,0.22380652541783808
0,0.15623831419781173
0,0.2632817694991703
0,0.01614867901042719
0,0.07657056373814759
0,0.07024765865519368
0,0.026033553479209704
0,0.35522771693406735
0,0.6490423161422648
0,0.041105711059267844
0,0.5357721227824862
0,0.8623281221971555
0,0.13352198036067764
0,0.018277832182427362
0,0.711319592772772
0,0.03531496755345165
0,0.005514201625043335
0,0.13327110271897233
0,0.015871198668478977
0,0.8413209379441605
0,0.6867698306630177
0,0.07524276920230617
0,0.20765078614320376
0,0.9375736627077749
0,0.1685078854205992
0,0.0945262032961676
0,0.5913476902706541
0,0.11436144654225422
0,0.030712664242289987
0,0.03086777904021059
0,0.014945875787769581
0,0.16341332900873345
0,0.11418501981878375
0,0.010445982188615578
0,0.34704495903255306
0,0.011827265415616031
0,0.07897073886866653
0,0.6600615480274954
0,0.7751322831016333
0,0.09446465863333461
0,0.13446025546616616
0,0.18475919433542531
0,0.28322363315612525
0,0.09330294987798003
0,0.5472459700663317
0,0.6446357766406351
0,0.510970972655216
1,0.8706259689049709
0,0.47030455375948804
1,0.34634543727479583
0,0.009126211574358868
0,0.6519425987361852
0,0.45988101700370443
0,0.9251519332825171
0,0.8796474518100293
0,0.01652294131085432
0,0.7467204516160649
0,0.7953844843732597
0,0.060764387310097555
0,0.022087262681735186
0,0.025107721760087236
0,0.08807599423702502
0,0.812594282650868
0,0.292457642667829
1,0.5366218654359639
0,0.7218817072808767
0,0.04544597766734883
0,0.673965908793287
0,0.3202179355272951
0,0.8968942922341961
0,0.4093843122403843
0,0.2770352879828081
0,0.39794392673412304
0,0.7795054926206145
1,0.5261357166659772
0,0.26296447328688805
0,0.4036364685538017
0,0.8345698621583307
0,0.8942970345162302
0,0.14571229631922653
0,0.10928851685656868
0,0.0092171110403887
0,0.054407821630604314
1,0.6296923190765153
0,0.007273305703554003
1,0.7835662785835013
0,0.13385325597610973
0,0.6174234959949071
0,0.3316191810581741
0,0.17811455154311273
0,0.7944046933507316
1,0.6393424453956347
1,0.8417624086715381
0,0.008722503610518836
0,0.008045060307753583
0,0.09481519032812274
0,0.7526900109877381
1,0.8989381897240228
0,0.4369673436544667
0,0.05355986354709118
1,0.44701350139793006
1,0.5776705916193134
0,0.5811797060996565
1,0.2275505613711981
0,0.35013639990446876
1,0.6521424922724428
0,0.05387389818098077
0,0.28287927936259716
0,0.5311481521413411
1,0.9628094173276565
0,0.30510138559722744
0,0.0389987287113818
0,0.06276501096270205
1,0.914349036047984
0,0.5915294404393197
0,0.12813066134173284
0,0.17411337196258994
0,0.5006023681495962
0,0.04046013859870969
0,0.010335957673727766
0,0.5072301985527392
0,0.7906146183373214
0,0.03873949656407735
0,0.3145909656625837
0,0.2737494485096162
0,0.19298302831666866
0,0.10833101198677612
1,0.6824027134595461
0,0.7649428351030971
0,0.012810496182329776
0,0.1656290628415015
0,0.01460483841311554
0,0.05352967092164622
1,0.515125282709938
0,0.03178730488987178
0,0.9261155693517962
0,0.31000268967609235
0,0.27368548583994207
0,0.029781742203993055
0,0.09561891354817803
0,0.8227148289508144
0,0.17694147423743653
0,0.09913724295184026
0,0.02664643956805113
1,0.8705023413199033
0,0.2198632909966788
0,0.11024800265412964
0,0.5882500646277505
0,0.4797454174393329
0,0.3335690841160687
0,0.39646270722346916
0,0.11455039229272347
0,0.13102194244813184
0,0.0886722972079835
0,0.3220762086396135
0,0.02282166261213535
0,0.26017119502667685
0,0.5803812346156773
0,0.04702415917575779
0,0.2482390310559754
0,0.03321745245603109
1,0.7484938101942057
1,0.5365437894803703
0,0.45015672421628405
0,0.7022445423827909
0,0.02902725712665177
0,0.46241338863075493
0,0.34604168990670375
0,0.8726045425789626
0,0.1461314402527246
1,0.9526170296204548
0,0.19784101114954813
0,0.011618654379457256
1,0.18281451200735122
0,0.010554602341693687
1,0.7689423598388283
0,0.2752123805349391
0,0.36804120914899124
0,0.2692466655619004
0,0.18593502077926316
0,0.07005946938392878
0,0.7599945801549017
1,0.6333903573482101
0,0.5632433114851544
0,0.07201602597162098
0,0.005360832318814759
0,0.9357614541927545
0,0.0656872280687869
0,0.17708678773304656
1,0.7826957958983344
0,0.048923279972391126
1,0.4624916483786381
0,0.7534653559642546
0,0.21982009813185358
0,0.010976162474760798
0,0.04649346393755471
1,0.7876984925865239
0,0.0627346457646159
1,0.8742876842692594
0,0.0816306525898933
0,0.2922380871179588
0,0.02981436953327411
1,0.694064090565715
0,0.08019722750022937
0,0.008807901925676265
1,0.5305177657993664
0,0.09070042800207592
0,0.07323477436470015
1,0.8761067331920138
0,0.1832600242152406
0,0.3126356077366345
1,0.6244279510387895
0,0.33500773853337457
0,0.1404446329342204
0,0.01501606186638631
0,0.6493678676472515
0,0.5761923696052076
0,0.8913102334352504
0,0.16732603637791763
0,0.2097428112584859
0,0.3825362941935592
0,0.015359827255769443
0,0.18160854861078712
0,0.292894367212576
0,0.34838317376163386
0,0.9084238435372863
0,0.05545171283598188
0,0.23913702497236086
0,0.10729553581497771
0,0.5087314512230622
0,0.39644009377151723
0,0.1633915141580733
0,0.2965699158532732
0,0.2405706448055774
0,0.6182248487596307
0,0.3990626039315396
0,0.6290867349899143
0,0.13186610947842314
0,0.10362002653217918
0,0.030048071047959337
0,0.006926896572046159
0,0.5541590441975881
1,0.9245564272074043
0,0.07963939012123414
0,0.7669348880843438
1,0.7505177233835166
0,0.045386731180363994
0,0.6430660696887945
0,0.706392188060075
0,0.031526991215801846
0,0.6284776620497611
0,0.01959792160178658
0,0.04377667862402812
0,0.04293745157706494
0,0.1588838237805596
0,0.716965719880712
0,0.03336594216229651
1,0.9490997116379786
0,0.8565986180525695
0,0.2710283508061397
0,0.24825976944684666
0,0.05419405030052841
0,0.1406646752483355
0,0.41907331910849066
0,0.791558872793949
0,0.5670492701915638
0,0.09381764875254732
0,0.06839371602782701
0,0.8120450911144248
0,0.12284819305842397
0,0.08793117051392876
0,0.6706656602945656
0,0.18956565792916916
0,0.45171545594131063
0,0.6189653957158548
0,0.5369534639739035
1,0.3321187778895809
0,0.1330099226178818
0,0.18344223695289946
0,0.2835341061659591
0,0.8564215437011561
0,0.16127958141724624
0,0.09906812116905687
0,0.1893603505899555
0,0.08616291298372213
0,0.19101199614744618
0,0.015262359603224727
0,0.005394261002696473
0,0.08241517989555469
0,0.6141806082128541
0,0.607822269702721
0,0.1512304413626606
1,0.4961822377291997
0,0.31105847093930616
0,0.026839733506154085
1,0.32193533925155726
0,0.7730562050284603
0,0.6911423960770358
0,0.6656408196106891
0,0.10221359893273778
0,0.05227564113453301
0,0.3140667028748541
0,0.45451607772813024
0,0.007963984411948044
0,0.5553061451995568
0,0.1370528258903807
0,0.13996726666969905
0,0.8579090537810539
1,0.8446448467991501
0,0.5392217989523973
0,0.02261852307512094
0,0.09273584930980391
0,0.07655656051262759
0,0.1038433886038526
0,0.9197184462433788
0,0.5176192663965955
0,0.4452459920415983
0,0.04078846479001942
0,0.483227563616515
0,0.18496655106682894
0,0.19601334913267773
0,0.15578776816929948
0,0.059180473767864734
0,0.06620337552302427
0,0.19655432311359342
1,0.8154204729569505
0,0.014133217977480104
1,0.8439234300880812
0,0.4768547932896692
0,0.041698134934346986
0,0.779995256127776
0,0.42256159867052584
1,0.8952691871761288
0,0.3928727835759027
0,0.0661602168433202
0,0.846478476966054
0,0.4688104055977146
0,0.34508549646769904
0,0.08576869540544094
0,0.7254459957323879
0,0.45939143273495525
0,0.31029203601962474
0,0.048298596084009986
1,0.7645680265879545
0,0.0291020944102468
0,0.7682968131727506
0,0.01672670495701565
0,0.7563534625358878
0,0.20030077851969738
0,0.19406940211471446
0,0.1616467657869702
0,0.09723518807572759
0,0.0229789596457569
0,0.0068128388913529766
0,0.07787527741154976
0,0.5178600073821974
0,0.1330490626573642
0,0.7661957378554591
0,0.06222985278372913
0,0.0795278153370617
0,0.03629510710353468
0,0.8876092320343019
0,0.4088310983378924
0,0.13463189706837633
0,0.8003029063530037
0,0.6371579937776908
0,0.3268551618094681
0,0.6079240689805683
0,0.812114012447808
0,0.07474746529922455
0,0.5465730457844462
0,0.7409739085640616
0,0.5460635994577704
0,0.5805004172772074
0,0.20738424078329049
0,0.8058579971968519
0,0.8602740231744102
0,0.07731417284394454
0,0.18241039535917397
0,0.7442984139217079
1,0.3302191579783908
0,0.03093941677456482
0,0.7820546668698496
0,0.12904763835279354
0,0.11534664096794746
0,0.3388442836718265
0,0.03515009227208866
0,0.6048248929936872
0,0.7726398208583476
0,0.1305954068483055
0,0.2329826375904728
0,0.008046731907242102
0,0.055523013802699465
0,0.11689715352546484
0,0.0421769978592008
1,0.03383058177326926
0,0.2031945940005057
1,0.856745230550688
1,0.8816399671233539
0,0.06724822013048042
0,0.011001301501580135
0,0.16238522938379715
0,0.01127802924242759
0,0.016452246026787375
0,0.13048420641978498
0,0.11244585217977948
0,0.021539101592487758
0,0.018076158812248864
0,0.7060475209230122
0,0.7884117866991568
0,0.07443037393058521
0,0.18325175416054867
0,0.4725353605866232
0,0.15108227857379655
0,0.45514502415690133
0,0.2568074590713083
0,0.35908142955382105
0,0.006681311125039765
0,0.5687675050654482
0,0.1317318671517694
0,0.05639077996592095
0,0.662453073648181
0,0.32136344121140775
0,0.3970362042577585
0,0.2873625477683759
0,0.7364044773197616
0,0.03643059029872439
1,0.894350850236667
0,0.5160391072064666
0,0.16261716936324258
0,0.014393658789281031
0,0.9391084749366297
0,0.08183350472202605
0,0.5305602386028546
0,0.4463710614981554
0,0.07036691961710381
0,0.45279468734133405
0,0.2095559695356712
0,0.03721322427820942
0,0.10604797616630285
0,0.19809017453120206
0,0.2987027394317853
0,0.07071376403224783
0,0.11915371016817651
0,0.05473851375996644
0,0.7364885879337132
0,0.026571838961146656
0,0.551334863348783
0,0.07888266906269084
0,0.2779909279941446
0,0.18272830121954112
0,0.05605026721879014
1,0.8382691251893011
0,0.024940059273667915
0,0.14558374653052916
0,0.08948148038771964
0,0.29191939228728014
0,0.5282088642837706
0,0.17594752322435653
0,0.4516835563831648
0,0.06511578837607734
0,0.8593742204881821
0,0.032653560711880705
0,0.0988332862301833
1,0.38888607837468814
0,0.02640226465236921
0,0.42247156281031784
0,0.03980027888616259
1,0.39766116369482746
0,0.06544112745456529
0,0.6831203150762373
0,0.4197177649915733
0,0.5862775613811099
0,0.12930663394337963
1,0.8822637219385234
0,0.28743852544458326
0,0.6510034863313193
0,0.03851441683204759
0,0.16296811921755933
0,0.3143387664068161
1,0.7647723129650168
0,0.23356438320064307
0,0.7612851421588666
0,0.28533696296381017
0,0.009955673407223984
0,0.10968273485951349
0,0.31762758648164674
1,0.405417638745359
0,0.27464480006113046
0,0.632608920391452
0,0.015253406165385869
0,0.8270553793797413
0,0.2659912763666176
0,0.018746232190701345
0,0.08661008021083076
0,0.10394725534993259
1,0.27593355648893375
1,0.6150267755778819
0,0.389888860099606
0,0.5730885097763802
0,0.5199570277827088
0,0.2059317862263422
0,0.14698588021896644
1,0.19009357887009157
0,0.012731358115788148
1,0.07468259393922498
0,0.7464553147885312
0,0.06442056111115127
0,0.08943857915775304
1,0.4194087837631672
0,0.540711466772382
0,0.5613267507468497
0,0.38971105949146867
0,0.49751796725341113
0,0.3953340335808904
1,0.8334308001260272
0,0.16946686147476903
0,0.1547434095515004
0,0.710998629204613
0,0.1875474646888362
0,0.36711720840620393
0,0.29090148339352784
0,0.06627189494516118
0,0.06658978681062172
0,0.08142034814867548
0,0.014333224412370917
0,0.8310621218588142
0,0.10556096118111885
0,0.08629763608965711
0,0.11623202854790261
1,0.35698107230682724
0,0.08820961614762692
0,0.043524517239097046
0,0.6673198434529705
0,0.07605346224861699
1,0.04258433624613409
0,0.8216508610691742
0,0.19680753743207793
0,0.0452063239775532
0,0.020569276599937007
0,0.9238712046528613
0,0.3695502317901531
0,0.0917694881800787
0,0.05608320117775285
0,0.15746146610557357
0,0.4379404914153847
0,0.1740652042859925
0,0.3508966420499546
0,0.6901375829341864
0,0.011049750370751624
0,0.3737263420913553
0,0.8515980583385504
0,0.18750952843948984
0,0.17805328164775827
0,0.12292354197853027
0,0.1763823320636517
0,0.06137077130441432
0,0.01710597134021198
0,0.06595811791287358
0,0.011645522989618526
0,0.44707049731533954
0,0.20124535034566296
1,0.8047763283723757
0,0.05319013449736329
0,0.0986926215993272
0,0.14447727375721342
0,0.007895882213113978
0,0.4728313600940946
0,0.003346997672596844
0,0.07931745073733695
1,0.885564050542326
0,0.2867158817143006
0,0.21597946748647534
0,0.376680638365135
0,0.750401812239578
0,0.4477020133090336
0,0.23637174202380717
0,0.32907499440661325
0,0.23364137559118364
0,0.48155291921168025
0,0.07230226003841342
0,0.014813163000129364
0,0.2526112407579927
0,0.06640654904584774
0,0.7976966236744043
0,0.326084072881059
0,0.6470882495493342
0,0.13927324159319696
0,0.026500140442747965
0,0.896837749517348
0,0.015847657711740275
0,0.016675009580419713
0,0.22035118416285251
0,0.17053325991802012
0,0.03282250888509513
0,0.013734895776307628
0,0.2384577182045151
0,0.024580725534302846
0,0.1895749142733263
0,0.17003459641659496
0,0.08275950964123811
0,0.5069678987371701
0,0.826299280880455
0,0.005099602595215938
0,0.7508341315589169
0,0.023859494795478945
0,0.49964293641103746
0,0.048876099460242524
0,0.39888300274264793
0,0.41051739849243635
0,0.23094114771085245
0,0.026822485457158693
0,0.08712904617585601
0,0.0067014933203079505
0,0.2796378368070172
0,0.011096357925739197
0,0.22046058364552332
0,0.024829695232909243
0,0.2757667549128345
0,0.4069848723886869
1,0.754585372932817
0,0.8214837082804622
0,0.0507372025719525
0,0.009494482883747182
0,0.09645729599241959
0,0.15768150084556684
1,0.48405544747879015
0,0.3737138339546214
0,0.7734782222180147
0,0.8175680309268605
1,0.8858435448010119
1,0.3888584095745607
0,0.3494982956231675
0,0.19494923778560877
0,0.006624043008704956
0,0.3871724138863993
0,0.6313223068996932
0,0.6962648171886199
1,0.8691563184114517
0,0.08961614971133233
0,0.31147731827107694
0,0.8939876389096517
0,0.2944135665050255
0,0.42496421412466
0,0.037301498565964104
0,0.28230208665837825
0,0.2048250247640321
0,0.3825130753506649
0,0.08025506413334167
0,0.6797297933742402
0,0.01683521473720514
0,0.5256892626419624
0,0.49779425329506705
0,0.5732569926917082
0,0.19671802736329644
0,0.8558084311777289
0,0.04610965571909217
0,0.8707460696645336
1,0.7356807064356411
0,0.1534902609184132
1,0.8251725424578419
0,0.8060267675127037
0,0.04789236233884536
0,0.030620985126541718
0,0.22179814129096076
0,0.1882937385288698
0,0.04418776460581345
0,0.3141839235274587
0,0.373804507484255
1,0.4659554190659834
0,0.25730925319477327
0,0.33636609084677793
0,0.8597710165343395
0,0.03341473031667038
0,0.08873878522196324
0,0.08102060936171639
0,0.06052694383113019
0,0.9129261927161569
0,0.006534857828652545
0,0.6686809925811611
0,0.08418307138797805
0,0.5702917130113474
0,0.14535649051215446
0,0.6505114305103489
0,0.2855571701548977
0,0.1416980228058609
0,0.6154453028161658
0,0.028084014876273232
1,0.8810569341952851
0,0.00436059501919075
0,0.11425926752006024
0,0.6081300134422598
0,0.08916298280849087
0,0.7185033492798967
1,0.8115378099756211
0,0.5582837765789448
0,0.03529306146582296
0,0.09683742404595037
0,0.2591814509011945
0,0.2516368868325772
0,0.8400754076504764
0,0.04924611546408689
0,0.565641356697053
0,0.1610367553124014
0,0.48843391291147753
0,0.3845345432991922
0,0.00594277203584216
0,0.577761144966646
0,0.18243466671682038
0,0.5027935642055167
1,0.4614648504800004
0,0.1297537011817254
0,0.36459269258724214
0,0.16180596671390787
0,0.11613438259861122
0,0.005499126624413807
0,0.00809893005975232
0,0.01481657758892589
0,0.9515027174295054
1,0.6546543062058923
0,0.4706538736051501
0,0.8895860463523352
0,0.14787163016476204
0,0.38439139571491115
0,0.023158922398313807
0,0.607864627057742
0,0.22282390259088075
0,0.10235729046846359
0,0.3992319263012128
0,0.18628275142725462
0,0.1558948519407124
0,0.6023025355543405
0,0.5427081002425714
0,0.10878494913756584
0,0.21340574308771887
0,0.7088347124556441
0,0.05380271214636546
1,0.7882198059837804
0,0.012421626753399346
0,0.28761393175763267
0,0.7275282612804846
0,0.07009903839599552
0,0.07205176580856162
0,0.6733604409820322
0,0.05649708991208957
0,0.4184166511719815
0,0.08126254794354311
0,0.042048083197275175
1,0.930197503376076
0,0.02071460206252982
0,0.08038703568281791
0,0.36523500911010354
0,0.9043226071743256
0,0.28055439049261227
0,0.4471534958317504
0,0.32509793625385985
0,0.04461168547325307
0,0.03599344620309851
0,0.05221212789562074
0,0.11798312968901999
0,0.018105880364484534
0,0.09032636027744946
0,0.018624028558707324
0,0.2593628343037805
0,0.7961472106832145
0,0.09173873444652705
0,0.5200186580089571
0,0.20723339709887223
0,0.7850570952643817
0,0.032954697519743094
0,0.28344949206747466
0,0.005239744815723989
0,0.2409116236830318
0,0.27025935036408993
0,0.093904408258366
0,0.2764395453999855
0,0.21127951007276277
0,0.04387297165107792
0,0.06463993514076892
0,0.4187420504683763
0,0.07716733092269744
0,0.7190094298878272
0,0.17773040993611383
0,0.44487169257580894
0,0.3619154277864963
0,0.014836827892824332
1,0.9433070243297683
0,0.2421333084406896
0,0.6066866726355158
0,0.21241052816398182
0,0.5100121047610936
0,0.029165659724705133
0,0.0835519660994709
0,0.025248317350521805
0,0.025735578540752396
0,0.04673786747363901
0,0.03859703892504436
0,0.2792756090415996
0,0.19158505896177777
0,0.4953180481782149
0,0.10064969930272456
0,0.3807434250727247
0,0.04527320970661769
0,0.5121397328995568
0,0.009990123616318779
0,0.15199251595860902
0,0.0075626623302397136
0,0.31161367921798705
0,0.3381023177592706
1,0.5443658079226633
0,0.3659916031946122
0,0.0026253001628688847
0,0.661643505092502
0,0.06770628998297105
0,0.013579443231537706
0,0.10757721549016735
0,0.2659661117378723
0,0.4561099570083525
0,0.4409656374684763
1,0.674278117467724
0,0.023323486198263556
1,0.8529274005748759
0,0.3474588019883415
0,0.8244842279110245
0,0.07610206294164691
0,0.1957953428370458
0,0.21385764982597458
0,0.6631300308583674
0,0.25334661889555515
0,0.44320325303805835
0,0.7569790489191833
0,0.032594586519255765
0,0.08394421469108587
0,0.19659958147329987
0,0.32913385393882405
0,0.03231518823916963
0,0.035070355962748226
1,0.4133115751858222
0,0.933944199001904
0,0.8039092014426602
1,0.8853968978862907
0,0.16019275777318037
0,0.032603387869687646
1,0.632608920391452
0,0.036611124810090684
0,0.11575648281811227
0,0.3062330376574056
0,0.3852123000961738
0,0.39070025280610415
0,0.5257235410026335
1,0.7668448890708167
0,0.6629244050065176
0,0.013922402486954387
0,0.7891869110547763
0,0.4153236519480697
0,0.4070614976363834
0,0.14055323046262982
0,0.7735952047970662
0,0.6386570973010863
0,0.7456055426622356
1,0.4799634271681806
0,0.0950083455996771
0,0.153369772291914
0,0.051467737827538225
0,0.14092786642114902
0,0.009918980903399167
0,0.5682107335629306
0,0.02559393930674146
0,0.43803752644452526
1,0.89752794625006
0,0.23780716642159525
1,0.6216088964470219
0,0.1235989221669489
0,0.4080187053773444
0,0.7799135440172267
0,0.06095548366093091
0,0.3861831753957078
0,0.683832555273829
0,0.03000807065782443
0,0.11822666481129272
0,0.04662673997269158
0,0.11394198126445064
0,0.4981507913907697
0,0.5430195481980674
0,0.2835109597016107
0,0.08980760516730875
0,0.017013613208565603
0,0.1052485534308537
0,0.012554155100561503
0,0.09011579589364684
1,0.8271131265952961
0,0.07153723421568414
0,0.8405872549878801
0,0.15870969073323793
0,0.14355873024318866
0,0.2543023504366011
0,0.2903996363475662
0,0.3749487104771948
1,0.8088529825318784
1,0.8730866882149606
0,0.7819642852603342
0,0.10351166928982644
0,0.1514606799884969
0,0.05136986947291721
0,0.07865797682220965
0,0.054016361767059304
0,0.5239368009153239
0,0.7360068544707687
0,0.07208395537310812
0,0.1520019183637444
0,0.5470897208632414
1,0.9202270601265973
0,0.38811563387247977
0,0.34268879541364455
0,0.07684725813064315
0,0.18937822338441548
0,0.7725316438557035
1,0.49858117109445677
0,0.29281645728714006
0,0.002743148465195248
0,0.22389873954265152
0,0.27955245509878635
0,0.012824019276118603
0,0.18871651505617196
0,0.17625370647622723
0,0.17002224675481326
0,0.018411373986713123
0,0.03160227719726681
0,0.1542501583251696
0,0.45312476927743683
0,0.05103428400717261
0,0.010527062062916401
0,0.15505841941711437
0,0.21998347186210435
0,0.19585557030122588
0,0.7351249170694267
0,0.4200405183727631
0,0.015823015238737588
0,0.29026851716086055
0,0.04336593882499264
0,0.533278928630584
0,0.05016309913055634
0,0.07362343045288615
1,0.4643384365505885
0,0.025059548033743467
0,0.024351269644050447
0,0.06371202653998166
0,0.0486191586724372
0,0.286221438123673
1,0.8305079380890132
0,0.05231856023154182
0,0.6424505662455114
0,0.4503984586984653
0,0.36236453440360766
1,0.5299384163404003
0,0.09077294554438282
0,0.20955950362358464
0,0.10108255879486987
0,0.1794135679126294
0,0.01427844233871723
0,0.7152804403765644
0,0.7367587783301781
0,0.8342162008350453
0,0.3563918915582396
0,0.008848782474221361
0,0.8583981662506611
0,0.045676030853569284
0,0.48866319719099677
0,0.7179005345778731
0,0.38255501889796095
0,0.5719511150218229
1,0.8173005655601787
0,0.35379741755630484
0,0.1302203654018589
0,0.8097196334063856
0,0.12194290744527651
0,0.20211583694630186
0,0.03533163036328796
1,0.6154244493598158
0,0.6269735944568805
0,0.032041062166220276
1,0.13104459930815127
0,0.04093834596959197
0,0.04711409824672198
0,0.13617009595381713
0,0.8779666207076057
0,0.6960770857736436
0,0.25530402416901044
1,0.4831011258252418
1,0.6766882860604444
0,0.029959169751208443
1,0.8855707637271526
0,0.2675121845625109
0,0.19754295466142752
0,0.015900323572016078
0,0.25932599069466433
0,0.009840916239483528
0,0.12452120795738605
0,0.20938764517316918
1,0.7938697253727732
0,0.288153117632201
0,0.554513121889055
0,0.1482980275463194
0,0.009897316918553832
0,0.236815990745242
1,0.7519748534549089
0,0.26576709134186954
1,0.9214211655902022
0,0.08965545833064081
0,0.01382402409049206
0,0.17661510321946908
0,0.11636490235000908
1,0.37066689868440617
0,0.19595780887007394
0,0.8618256652323645
0,0.10703436174829283
0,0.06489974664399968
0,0.753377981694552
0,0.10663601889885117
1,0.8756707766612755
0,0.007822111538749604
0,0.546625481920072
0,0.07143033282562433
1,0.45999409508794764
0,0.7672369407863379
0,0.034546548902948344
0,0.28157125035803765
0,0.7185503093671377
0,0.7179614698558378
0,0.159882708164053
0,0.008646226413010332
0,0.05151029800308843
0,0.0834354899170217
0,0.01575506322600982
0,0.10537640832134715
0,0.319376101624396
0,0.7931352971840343
0,0.011488952387286295
0,0.025775427197283693
0,0.8071404637210832
1,0.7476330904837465
0,0.7178135753220097
0,0.47784998689507874
0,0.2145819145832896
0,0.013352418830676786
0,0.1858871754194528
0,0.026762786707568566
1,0.5388968428748981
0,0.05561260393761629
0,0.020878146105266577
0,0.09061701647850404
0,0.15924946968155423
1,0.7776446448434957
1,0.9158850200506539
0,0.24941922025183155
0,0.006907599775338361
0,0.6399403233467416
0,0.5196325029589302
0,0.13982047945397766
0,0.021886016555513522
0,0.03439585210270028
0,0.5134505146355429
0,0.795398229734237
0,0.4088221597963059
0,0.8039838452505804
0,0.02029323422885687
1,0.790041039142558
0,0.009194440673348616
0,0.8709619078397809
0,0.8201929986318948
0,0.13502769350531502
0,0.27186637721154494
0,0.929169416079313
0,0.6126657464999105
0,0.03341926747108471
0,0.7786735306552126
0,0.02280792885000584
0,0.0067902413010057245
0,0.5104095855756876
1,0.8691935853442008
0,0.4194387617614646
0,0.529728937133967
1,0.622633612808603
0,0.006605518436599883
0,0.010021288044403102
0,0.5664831765875065
0,0.04531338225220525
0,0.01873746844471559
0,0.17272402757043395
0,0.0648915270457081
0,0.28791972935714416
0,0.8856716526557519
1,0.8465822267880643
0,0.030768785170727068
0,0.6656448153164122
0,0.8274326607023856
0,0.09835613391498595
0,0.004880052136292425
0,0.021062283823534773
0,0.02473649805211934
0,0.5756150943445998
0,0.09130516671317353
1,0.6304757707638833
0,0.013322728916729708
0,0.06162286969221747
1,0.5833811735241442
0,0.2824259625702858
0,0.16113015413027026
0,0.6330298615914731
0,0.01914569173288904
0,0.024659801552498837
0,0.09676506824510939
1,0.7238697705229854
1,0.44357810232312295
0,0.022798961900518736
0,0.7862100975288057
0,0.678442699094175
0,0.23541815453486634
0,0.7976357550755058
0,0.05850019729005597
0,0.02649134378829341
0,0.8707484256462582
0,0.15185189865262894
0,0.05129782799577655
0,0.05140308693444004
0,0.8119645200589707
0,0.04216713141511857
1,0.9191059727244941
0,0.39693663726370565
0,0.16316522531628017
0,0.01353927361428986
0,0.44621632884790446
0,0.04812683510422316
0,0.19209643143318939
0,0.2161395188648624
0,0.11605130871014106
0,0.04061438833541509
0,0.6379685197928852
0,0.5517748947632335
0,0.06161316724304743
0,0.5206411338788293
0,0.08410956961023636
0,0.6449807415760768
0,0.1310239044986362
0,0.787545833691726
0,0.08107541254034731
0,0.8782883339550782
0,0.016577997865433333
0,0.3351045939786755
0,0.13877448407334328
0,0.48533681042551235
0,0.07297609854271786
0,0.08862225770389968
0,0.2669513247553852
0,0.06042275709905719
0,0.8402730699945328
0,0.026365905480198935
0,0.6495509834894446
0,0.5903990591265115
0,0.49483469049743556
0,0.29108375182012597
0,0.6602888655210513
0,0.1347912151980524
1,0.44905192540685246
0,0.2398537920147421
0,0.005931291691595335
0,0.02478663789903299
0,0.10107260602813005
0,0.09892071489855257
0,0.07830687755462402
1,0.7977056729828845
0,0.49533601710659525
0,0.775827910265472
0,0.1276906083075152
0,0.3029955462263945
0,0.38641082267193805
0,0.013964957013854147
0,0.14960071250170437
1,0.7897782342065024
0,0.24215142489018848
0,0.06911579925968471
0,0.27704900747126066
0,0.1498122421048259
0,0.7077439840250977
0,0.743809384849866
0,0.5810377696718407
0,0.021430427904200425
0,0.560990383340534
0,0.012590958971192504
1,0.3530887032135562
0,0.04060972317281565
0,0.026457865292276398
0,0.24809999857138343
0,0.006249221291327953
0,0.28170997355273625
0,0.1600985098138334
0,0.4644320277822336
0,0.16668994828239478
1,0.8497797889338493
0,0.03111582424318097
0,0.007983570571790298
0,0.45128317287448794
0,0.21029564099757708
0,0.0752151049594009
0,0.04864085017189658
0,0.07810762555753717
0,0.49146112003424913
0,0.013885187283227615
0,0.7714061834612612
1,0.8681951892786108
0,0.2987834814754846
0,0.5190741586998487
0,0.7890453686370074
0,0.5939745596423388
0,0.11564445490178528
0,0.3625916701938411
0,0.29949539868674047
1,0.8337273427892756
0,0.18754675527655992
0,0.7400312051569266
0,0.761563377613331
0,0.006813042519550257
0,0.030902819211863282
0,0.01996131476668641
0,0.5435961512969598
0,0.45541749449833396
0,0.13558138252303972
0,0.7431270495122554
0,0.06243489501667413
0,0.06547090694984169
0,0.017907261238510993
0,0.4163834754828446
0,0.0739286075178246
0,0.11159803728221851
0,0.1605636571733832
0,0.6934064595813255
0,0.293000566911381
1,0.8883171598273235
0,0.8050787902902848
0,0.3686253372656691
0,0.20946609837256763
0,0.3040138580141417
0,0.7828557379013361
0,0.0129608753924323
0,0.2428032720792764
0,0.008549581817929659
0,0.00723302004954972
0,0.5597922218917232
0,0.006072424871319869
0,0.1598285502775315
0,0.7882729786865428
1,0.9078040018705132
0,0.15583347271737397
1,0.6153599908492651
0,0.13113505504201628
0,0.9544070675524309
0,0.005970192554323804
0,0.16513713100533994
1,0.6440397450231069
0,0.3137504817893863
0,0.24857685443967478
0,0.8896988292351028
0,0.02310926285565541
0,0.9294007782330578
0,0.8200731204846373
1,0.9516670893058065
0,0.9207518685917098
0,0.6198129108689949
0,0.028080093715592815
0,0.5599844431976702
0,0.24338769796841755
0,0.06850033539884898
0,0.4227256824728448
0,0.7103575373545831
0,0.10662760574433164
0,0.2253385579910579
1,0.44664059634765624
0,0.0834784543460319
0,0.5371243124596706
0,0.3448046526932448
1,0.3160481373449106
0,0.0485455923700299
0,0.16589059979670737
0,0.18351813175676687
0,0.20946840957231247
0,0.022828527638951775
0,0.1578306579919487
0,0.46093760838393105
0,0.5388617209580471
0,0.021865267883604805
0,0.15595823954166277
0,0.5467552491373733
1,0.8253322657720878
0,0.015780612923842745
0,0.20125560246612606
0,0.03847717719280344
0,0.2451351862513421
0,0.6368714601071338
0,0.21933733867607946
0,0.03142924221549131
0,0.7767971939259475
0,0.1084202948362176
1,0.8764022686221131
0,0.5355319476546907
0,0.7675453587847733
0,0.09438777544117127
0,0.8601956866824191
0,0.9512170995707026
0,0.0654220975343152
0,0.029183493500868043
0,0.3957233501615633
0,0.27599885628870824
0,0.6245897329557266
0,0.11682109848025975
0,0.008217899512565593
0,0.3288364576857952
0,0.19033874929636752
0,0.05764777774986364
0,0.03828252837112397
0,0.21288211220455544
0,0.08500630454266855
0,0.03393859275062514
0,0.28469483692222164
0,0.2751486594745165
0,0.2748300218846652
0,0.642864652441985
0,0.47101583200775154
0,0.25478187242629835
0,0.06585543945076668
1,0.8979859052882233
0,0.8076153615196068
0,0.2984281428851658
0,0.5833912103626535
1,0.8701440933238366
0,0.06880734004440357
0,0.36747437920426324
1,0.5483560729467845
0,0.3891915863745431
0,0.04120866821541794
0,0.15289546177751404
0,0.848492520918193
0,0.3169771907575155
0,0.405946981259729
0,0.16512338631533519
0,0.5772013018303346
0,0.16811848518232542
0,0.010304845048869596
0,0.8163613930632243
0,0.03436238404082515
0,0.865531215317232
1,0.4010947713145451
0,0.0497393608583472
1,0.7324177722746134
1,0.8850496602734594
1,0.7388679739682243
0,0.18095005382439297
0,0.22789845262490138
0,0.006169492475452846
0,0.01561646536517759
0,0.18507167234221242
1,0.736310927045426
1,0.7610442217921505
0,0.5929783079284211
0,0.22020845666978328
0,0.19783285075945667
0,0.6128567851464232
0,0.4213326478245448
0,0.21806117410387435
0,0.7424783083013919
0,0.07122960214051564
0,0.4509505787104556
0,0.012525224241201645
0,0.006186458030170806
1,0.14125109851918616
1,0.8648846608954199
0,0.8653921412338202
0,0.05796041928191884
0,0.2969951384582867
1,0.8761470684289746
0,0.04679728713066156
1,0.3309858478142682
0,0.779542476398028
0,0.4448053754374412
0,0.0986557309755854
0,0.010672494449203524
0,0.748570323596883
0,0.8265910003053516
0,0.35672990367777635
0,0.12226267265547493
0,0.8803804149709169
0,0.07549981770026032
0,0.054743275558276024
0,0.4379263751795195
0,0.6719766890092657
0,0.5325621028933744
0,0.323046052213039
0,0.04869963787678553
0,0.17005992688354493
0,0.2804153227049194
0,0.016664189768423338
0,0.042118038838335814
0,0.9301242575128352
0,0.5547134396822394
0,0.07007512204851436
0,0.10296188592647207
0,0.1461699091309081
0,0.02573979935395062
1,0.9359931911558832
0,0.16576018877292034
0,0.040020923146228786
0,0.1812194925565495
0,0.2821080043484387
0,0.06098828603846344
0,0.2167024549668575
0,0.06234894750747511
0,0.6421715612195958
0,0.26698727272937134
0,0.11401283897946297
0,0.6994528240145391
0,0.2753883481673815
0,0.07478292404896617
1,0.6902365828382099
0,0.19598135361984392
0,0.005656041600896564
0,0.06098185520111241
0,0.5460736387513103
0,0.017928711993003766
0,0.011494057325936178
0,0.49991792315683853
0,0.2840183335675419
0,0.07229869198466346
0,0.25149899135590775
0,0.005935103931619241
0,0.025005850168378835
0,0.4273467327747522
0,0.11424049520917515
0,0.12757717387491987
0,0.04217086532501023
0,0.6152792523391777
0,0.504385681494565
0,0.09577643740523926
0,0.3440623310085192
0,0.8995258077658532
0,0.7556142829327852
0,0.3024262833093862
0,0.14934578692091346
0,0.26230003002601454
0,0.11987205678650262
0,0.28948611999109686
0,0.1878970926964419
0,0.5491206689744885
0,0.3726270723322378
0,0.09426981201895644
0,0.09042821344591584
0,0.4487426062688964
0,0.11967105656420111
0,0.13862371498445047
0,0.10815010388089374
0,0.004382698983803996
0,0.4710179913308777
0,0.9235625491453291
1,0.2849102953334383
0,0.8673944809847419
0,0.195536112572282
0,0.2218208846499104
0,0.022749853903232375
0,0.28938637889324864
0,0.13581184143084057
0,0.8211061732670354
0,0.016114038707598824
0,0.32138840574731975
0,0.01704813632751174
1,0.8593620625947058
0,0.16935547891114103
0,0.7584187709728849
0,0.42422828934939655
0,0.22488425446156426
0,0.6587898597856513
0,0.1460509034310284
0,0.8082769675832961
0,0.20053435928465854
0,0.4198170138606866
0,0.047631228853516144
0,0.4756775291663548
0,0.3389728224842488
1,0.6877452486667985
0,0.01668388484506411
0,0.011583440840302524
0,0.6596039684095432
1,0.41444827663764117
0,0.38350076507754816
0,0.05450238530107334
0,0.7673612007320095
0,0.23516858665503998
0,0.44216853654088417
0,0.03770467865081776
0,0.6345065473505085
0,0.16999791772430503
0,0.007303705991564889
0,0.4210714366231587
0,0.08561061278722412
0,0.059516669091126934
0,0.8320143326197843
1,0.5952657502852583
0,0.6487249831150982
0,0.01805508041232602
0,0.43620625878217123
0,0.01835695973482126
0,0.020769748360241327
0,0.16554202951409336
0,0.06802864382159991
0,0.8251692361710928
0,0.40000984810325896
0,0.6617436592682869
0,0.7945089634212859
0,0.6685737479985415
0,0.7370837196647125
0,0.13638725275907615
1,0.8006901486448316
0,0.6433166960929055
0,0.10874552384198213
0,0.15097553653881093
0,0.08105500443412167
0,0.5374211846226377
0,0.8425485549154251
0,0.74268772569637
0,0.4699262860570727
0,0.01334365201103135
1,0.9447372011613818
1,0.5638135080468512
0,0.06034561641058391
0,0.006664237081084767
0,0.19721462496149317
0,0.01881975318172682
0,0.8556836115716409
0,0.32799823193066463
0,0.2168055128904848
0,0.11672926666966345
0,0.48135094975458964
0,0.14514078409572967
0,0.28978912242511423
0,0.08951223917818965
0,0.020019950967831095
0,0.0106018647269109
0,0.10344218927116192
0,0.09837571988084474
0,0.012907588884497837
0,0.028468334390527025
0,0.0739117248332986
0,0.03545752509445145
0,0.02343632528680247
0,0.6408653706879208
0,0.3133203328221471
0,0.581912394206813
0,0.07427150430129825
0,0.7850609858453559
0,0.024556042377078785
0,0.1460483772838353
0,0.09933688929294894
0,0.42520541647683885
0,0.814903452307968
0,0.947799538312089
0,0.14857504841553712
0,0.12028050699473013
0,0.035584459740310784
0,0.6745030037611963
0,0.25102441560491656
0,0.011111592886943305
0,0.11948028560729211
0,0.5666801728828038
0,0.17800954569198393
0,0.5049990093673419
0,0.2562366021395417
0,0.5183549681704813
0,0.2800979920923804
0,0.09226167939082758
0,0.015287949796960567
0,0.08545574539118962
0,0.07223064776695592
0,0.30395489756497285
0,0.47469185431614486
0,0.34320068585986546
0,0.5418816351594192
0,0.00455973022232977
0,0.008774129455952106
0,0.18330998825074082
0,0.6458046783058623
0,0.38324306340814634
0,0.716962852092708
1,0.9279722924618412
0,0.4145766997389561
0,0.5023917354866311
0,0.020808383895864466
0,0.18627424284803096
0,0.6276910467858695
0,0.10236528315086911
0,0.35715437404889466
0,0.2672540208641482
0,0.031804156389308655
0,0.3965250985798156
0,0.4270740448961296
0,0.13380729474640435
0,0.024999309785171883
0,0.022153403777484384
0,0.1661379532156048
0,0.6248457421061084
0,0.27231799658867967
0,0.021396611249638212
0,0.029337074499364978
0,0.03676709347541573
0,0.015112941206534624
0,0.027588911214923448
1,0.6929298414616979
0,0.046800326600985195
0,0.01969292482665689
0,0.03334275619913602
0,0.05357164351799517
0,0.03228437741218538
0,0.33438068215843225
0,0.474716493326071
0,0.1728239213261523
0,0.061332645964928045
0,0.5856180846411072
0,0.6255807412246119
0,0.09097620695971294
0,0.1624232352633083
0,0.5298055117461491
0,0.33898323459256763
0,0.0068747176897874735
0,0.601410812746047
1,0.6969076659690071
1,0.3283622565490147
0,0.024508792428623055
0,0.0454726450877879
0,0.2365301811453626
0,0.026083264633757767
1,0.7679083727445064
0,0.028994706367049185
0,0.2075633881880432
1,0.798664986576198
0,0.1610489427236033
0,0.7774409186999807
0,0.14055046981947106
0,0.09063153661217356
0,0.5765824968073767
0,0.03384733637610946
0,0.757180871371232
0,0.8822950197878008
0,0.5214016464454726
0,0.016388358591674153
0,0.9182791627405626
0,0.4526428498672164
1,0.9614969623728667
0,0.3144867413208632
0,0.050753147544025955
0,0.048841796446333435
0,0.948827191463166
1,0.8722512325012897
0,0.20645962085266845
0,0.0734969818707975
0,0.14268753738714374
0,0.14189887577350135
0,0.5900094952365095
0,0.8884042624719254
0,0.597449297375163
0,0.7624425386346045
0,0.10776685150912946
0,0.13848837705745073
0,0.14610520049291784
0,0.2975369575875134
0,0.37128934629794985
0,0.3984933846236603
0,0.01836977191055184
0,0.031201030608725946
1,0.6550970518683782
0,0.13319246829236034
0,0.01427023734832637
0,0.08632526222741742
0,0.5226458091557122
0,0.03793331458858821
0,0.223770218396527
0,0.21615198033304178
0,0.9385335329786753
0,0.10701452715265235
0,0.003327753618873333
0,0.638018765027221
0,0.5412585889593435
0,0.3848854747602242
0,0.2105126326681943
0,0.2161382322478986
0,0.4770822276136491
0,0.03346455613566478
0,0.10393131965511299
1,0.9386042960126617
1,0.4483887082206619
0,0.13212780053216266
0,0.1844175697828814
0,0.1810645280642409
0,0.6653254098144854
1,0.9731298136972619
0,0.3714258141897607
0,0.636608128085793
0,0.8356759194356883
0,0.35877239108490194
0,0.32303934258276124
0,0.23036455506935505
0,0.3600306246155252
0,0.11111286330257283
0,0.4375484336394627
0,0.9331164118228835
0,0.02747070553237252
1,0.7928586611825675
0,0.17514736292468858
0,0.1950037674333436
0,0.2140364325019218
0,0.5735221830281662
0,0.032644960834208515
0,0.008693501656701063
0,0.11699430493143351
0,0.19218273925990806
0,0.18355516802394337
0,0.12903877972237304
0,0.6150878354326044
0,0.011276722603259496
0,0.45689081765200895
0,0.8168192973274898
0,0.9637629045778364
0,0.3546182508508979
0,0.03455047510135337
0,0.15188949813784078
0,0.006589207278971242
0,0.4998443841046611
1,0.7270737925020185
0,0.02421672322593774
0,0.5261644800585972
0,0.14060945771390454
0,0.20724129269807415
0,0.04252115997108729
0,0.44687582260977693
0,0.490217633009216
0,0.017134104160937618
0,0.05089124578506574
0,0.07028896812426738
0,0.1842682739464357
0,0.29860396727479027
0,0.11724689451159882
0,0.3622924525245279
0,0.41649088059462275
0,0.4652858398656878
0,0.8071295619109168
0,0.20615351823105924
0,0.12883755483040463
0,0.016610357154026364
0,0.2859779536939142
0,0.013814681523306113
0,0.056092133261371704
0,0.48855922914369815
0,0.813599030921846
0,0.294074681095618
0,0.38523502281902094
0,0.8034028241464568
1,0.5492764297751722
0,0.4994577335349283
0,0.014479201088497744
0,0.1873698621601109
0,0.6945051443518107
0,0.2646210069531135
0,0.48966222974445534
0,0.06416654562378893
0,0.0999916732975901
0,0.8510770984108771
0,0.01326269794015684
0,0.06775262578049211
0,0.5546426856599055
0,0.018138613193897535
0,0.5140476910193944
0,0.16789456570301564
0,0.01056349669677752
0,0.06571911887181708
0,0.06608564898911601
1,0.8908186348833558
0,0.1697340874650831
1,0.9231715755046905
0,0.4798484890800507
0,0.32788553716459456
0,0.19717394240149183
0,0.525731434960486
0,0.06875848806521365
0,0.16713174460453314
0,0.05937023099510094
1,0.5410360191704234
0,0.8888147223094679
0,0.5650399961308633
0,0.34548387243336925
0,0.5811210734050744
0,0.48382799097536466
0,0.019859229676370185
0,0.6884342961771344
0,0.08229221879195926
0,0.016224395193152365
1,0.25604589428349234
0,0.36221910485798864
0,0.02133606131962252
0,0.20892068990445636
0,0.2575470117533915
0,0.8568688464877361
0,0.07203185304886346
0,0.01718739197524097
0,0.030606710611031793
0,0.007850445494251491
0,0.04559115799391579
0,0.2946466299408207
0,0.016540095056157177
0,0.020352294048837212
0,0.46710111645690944
0,0.18162595842248389
0,0.6796181769349016
0,0.011524585516013989
0,0.062161457586140084
0,0.4345939391187156
1,0.8949337289064238
0,0.13175142987476238
0,0.3836337660666907
0,0.06287242329163377
0,0.02223561958491486
0,0.28449271283662436
0,0.03508292720910428
0,0.5368980781254926
0,0.025824734162481777
0,0.19795442459903262
0,0.7813767508956849
0,0.5655803625639011
0,0.32083650508040296
0,0.8929514712409331
0,0.07317314525716556
0,0.00851683591693308
0,0.2202719581177485
0,0.014324551525828809
0,0.05625805561981879
0,0.09380763480094809
0,0.09896473092268383
0,0.031070279245649732
0,0.008479617701663162
0,0.14411126310064828
0,0.2638093885725731
0,0.05943610424580378
0,0.01706588251696718
0,0.18936069428080193
0,0.7165095521454494
0,0.05034771466724087
0,0.008448988685304318
0,0.06038785771174394
0,0.09334489476231474
0,0.026632595840452265
0,0.19880094065195403
0,0.006103009276778983
0,0.12122765432491403
0,0.012957451571616006
0,0.0443486877270822
0,0.08135627291932826
0,0.07247090804680661
0,0.07218240532177266
0,0.018880590649252304
0,0.022919452556436692
0,0.054051582482160535
0,0.00479477754831441
0,0.110665657551989
0,0.719351429111333
0,0.5658880153662929
0,0.3147105478679952
1,0.753492175331705
0,0.826808294497769
0,0.141225257052445
0,0.010364738220131649
0,0.001944355210456054
0,0.4481438984163659
0,0.08443030569164002
0,0.09197315884411217
0,0.390078551242806
0,0.2177524767791978
0,0.4217863432921674
1,0.6023720025192506
0,0.0052980598800424755
0,0.32825824795588304
0,0.8427945944734405
0,0.09450088391378457
0,0.27491591683514016
0,0.4838729461314669
0,0.0456050844006274
1,0.2623579696964894
0,0.3976756853349818
0,0.10767468488256661
0,0.698754195504844
0,0.11584141431601765
1,0.7764534777970247
0,0.14321863645724253
0,0.030086863597617364
0,0.4405035347312297
0,0.05051803051243266
0,0.21340713570365347
0,0.13824409540526228
1,0.8223978990737834
0,0.8987060059219999
0,0.7315483882608682
0,0.1504649073347861
0,0.20534020391545382
0,0.3931746785478462
0,0.07892280162797471
0,0.6281828867422649
0,0.11353666654957158
0,0.03045622936429561
0,0.0195167514529295
0,0.35983390495136797
1,0.7680784695399975
0,0.16925865603075524
0,0.01902627217808496
0,0.16882484826095814
0,0.010374832751042229
1,0.9312248979262182
1,0.6964118678946399
0,0.006214076409979722
0,0.13889718692356076
0,0.011915678831952829
0,0.9126464260596171
0,0.3469868412155327
0,0.8463218106642871
0,0.4753675419490417
0,0.47920902292382783
0,0.2814369396387187
0,0.41950714712536286
0,0.8819651113327007
0,0.01475881633202018
0,0.1408565506379871
0,0.862057313632532
0,0.6706484645230353
0,0.03380643669975809
0,0.014374923979430194
0,0.40934678280019354
0,0.09782013804667476
0,0.005710185027382292
0,0.46432112859150715
0,0.02857490486019151
0,0.3481051020416494
0,0.7435803852395676
0,0.025131078205340406
1,0.6637075132275101
0,0.3547079752662046
0,0.07518611509356767
0,0.17244236026835022
0,0.18640108854964266
0,0.06484410021547699
0,0.13752290075374646
0,0.027857532666678113
0,0.022154124866208675
0,0.35567745600536277
0,0.17675206490925124
0,0.4804824217349796
0,0.5773007350221476
0,0.010925707041521104
0,0.19290870486517067
0,0.1182261557470142
0,0.03453236245000838
0,0.9132232655779342
0,0.10611165800853295
0,0.03327441136450221
1,0.9036936734681563
0,0.008344079170718876
0,0.4903886419529056
0,0.15319665737748794
0,0.009989317011728342
0,0.14029734419179832
1,0.6822255177093345
0,0.022508581001893346
0,0.2225180732233014
0,0.4057089596047026
0,0.4069848723886869
0,0.5427144245729807
0,0.23405652556144874
0,0.28368521995486917
0,0.007757195273471775
1,0.5311443284278791
0,0.01918246584180281
0,0.058634068279774756
0,0.3935104697512626
1,0.8859890415143246
0,0.6972525932110503
0,0.7657248293198236
0,0.8487087503763977
0,0.8904674379725706
0,0.03381461435415725
0,0.8199803449197909
0,0.7747711509743405
0,0.21275751176915883
0,0.0654433013669632
0,0.17982437874490664
0,0.2576005539942555
0,0.37762564762933526
0,0.5791812110505928
0,0.054472989799909624
0,0.04999825973254023
0,0.3155992763040452
1,0.8413507298222146
0,0.18324347029882376
0,0.022484432245133707
0,0.5520137410308313
0,0.023523099540320745
0,0.12871349769416462
1,0.798978162305077
0,0.0924919269027247
0,0.016770069767461357
0,0.2681729820631413
0,0.14190747618222319
0,0.0035890468267500185
0,0.6639819151328913
1,0.42531852203295406
1,0.37366658005622266
0,0.8167474581762151
0,0.5665670380917286
1,0.8528467340680631
0,0.04466458920713529
0,0.37063224015308355
0,0.05457382460771907
0,0.01964937212160655
0,0.5840464883245416
0,0.25071517481646444
0,0.6812587690791136
0,0.391876805649166
0,0.3593452762906303
0,0.007110490037430196
0,0.2474890742660544
0,0.19788601967407268
0,0.085244074611834
0,0.16974023405944486
0,0.03049697409223965
0,0.017489928520406556
0,0.8681313077041436
0,0.02964264500477293
1,0.8940459090613796
0,0.21487485954068353
0,0.6556223616723468
0,0.353322440729103
0,0.919468021889027
0,0.0509165619810785
0,0.22120655430506728
0,0.0655648763062065
0,0.7433109252180746
1,0.5400749567520843
0,0.7897936612353512
0,0.04755832112207204
0,0.1178237575714733
0,0.24935893366589706
0,0.3945210736750696
0,0.19464937738691174
0,0.39247460785485117
0,0.04185752643100754
0,0.6090316733912217
0,0.03509856476083081
0,0.482648869711465
0,0.34102746048825894
0,0.4258390072911902
0,0.44460897055507437
0,0.6448582768968744
0,0.6258642216367389
0,0.05545913422602886
0,0.7912782380801254
0,0.09944848434297636
0,0.017843451481334472
0,0.02722942594738926
0,0.17890481483060364
0,0.0605596386841763
0,0.07180556192167198
0,0.025624420749803888
0,0.13041827389246438
0,0.020151247585660118
0,0.3121681696974877
0,0.3242353604632877
0,0.24560684770745708
0,0.10899100481956787
0,0.1437143833628114
0,0.055059980519586146
0,0.529728937133967
0,0.04129158621261755
0,0.6843606875259117
0,0.21760515926668217
1,0.5732812945847031
0,0.23927237890624206
1,0.20946840957231247
0,0.12842718305633694
0,0.6150572157006393
0,0.1845268121342971
0,0.20635681860853006
0,0.1238715940615769
0,0.4922279361274863
0,0.07342764592232835
0,0.42794090011440294
0,0.01997702676428347
0,0.5450650225150133
0,0.28917336623372286
0,0.8639799491904252
0,0.58321183143697
1,0.6840415775590389
0,0.0708919327566109
0,0.7602612223121096
0,0.23769586058290046
0,0.38754898960158773
0,0.3301440233763682
0,0.5463233263601951
0,0.7081052800817782
0,0.22747862935545762
0,0.7125545111155042
0,0.15062950685422175
0,0.10298858220800788
0,0.7220973148467853
0,0.8456628482042731
0,0.690614161258213
0,0.5028353849192599
0,0.2808103686069232
0,0.49090134745172276
0,0.2529507296011693
0,0.20309666108092592
0,0.06588173546774446
0,0.15576068397180223
1,0.8182797745266361
0,0.21611383521044342
0,0.9188402288125478
1,0.7755231220634824
0,0.4888150467182403
0,0.3810339394248164
0,0.010490443060535357
0,0.34879682663335115
0,0.21613861533611387
0,0.4596162281089205
0,0.8309710395117115
0,0.0526991877502182
0,0.31812245440173414
0,0.20069116805204523
0,0.1161211473367796
0,0.19234674780748173
0,0.02765240268099914
1,0.5511602177466445
0,0.7483742673653837
0,0.10458155675738043
0,0.23195721852012907
0,0.3577433052610668
0,0.2640177360610697
1,0.7753677549549589
0,0.45941825885922233
0,0.4719621045575019
0,0.02566117937295851
0,0.5024808016219251
0,0.044804805343470186
1,0.5267758807367994
1,0.9396070105934443
0,0.30890224838765284
0,0.07265227790878429
0,0.14756406942686306
0,0.09782013804667476
0,0.6481390642371264
0,0.04142211855826167
1,0.5227715438350279
0,0.15493694853858858
0,0.5988981072801548
0,0.04751755671477676
0,0.030080697412745657
0,0.025099723522513384
0,0.42966197891772795
0,0.0665230539374299
0,0.20227693408952427
0,0.026839733506154085
0,0.21840164834913892
0,0.31542175854003485
0,0.008683791791652032
0,0.04445394372922121
0,0.18787526852208453
0,0.005305664546981088
0,0.733218241215952
0,0.13830561116852017
1,0.8664610130966335
0,0.07064272831681417
0,0.5451205103417506
0,0.21847771848222533
0,0.5523718079086432
0,0.12041522451891018
0,0.20068481472190836
1,0.5897382938307566
0,0.21569993109603158
0,0.009628835487712291
0,0.5462514296963666
0,0.014410747274316677
0,0.16280058590637114
0,0.015857913422988815
0,0.15286473280453267
1,0.8126881066925548
0,0.34153075795024695
0,0.4720681970948132
0,0.07387487934383481
0,0.4486631716579155
0,0.3674116511396644
0,0.2798312151413595
0,0.09243474235618714
0,0.06536005121087515
0,0.8361527946679115
0,0.20101642887447774
0,0.1002682373660469
0,0.003277066730985135
0,0.09559254719880265
0,0.07157835403273502
1,0.8018760695171369
1,0.9468805108213103
0,0.17855311768388749
0,0.05830350821744307
0,0.7484827418333584
0,0.31738550638327634
1,0.9602174912438969
0,0.09697866146321812
1,0.9698151531642197
0,0.021597818549034434
0,0.56114621902962
0,0.8205495362257714
0,0.04744852567401995
0,0.7694594051419751
0,0.15000850160040688
0,0.28264362561060874
1,0.1628880655901509
0,0.03078700499230452
0,0.4199786442306308
0,0.06763074583753595
0,0.2817006588253519
0,0.12900069403521217
0,0.8480582359709922
0,0.6391952257832773
0,0.17821238820355778
0,0.04597682717688532
0,0.038944619612609636
0,0.03764484352577653
0,0.008573836603499153
0,0.9092701355562737
0,0.055040564067808426
0,0.1741316350517724
1,0.852431155719825
0,0.007103189725714289
1,0.9527172144033373
0,0.0661862563736159
0,0.44518417700008156
0,0.38229420667582
0,0.6463159404106393
0,0.8131210523933705
0,0.1784848112351699
0,0.5973062223931996
0,0.09987291470514902
1,0.8227081024221479
1,0.6615803428925273
0,0.061807077889494196
0,0.19509920096926273
0,0.08712195994328384
0,0.12469453094729868
0,0.40515458433372636
0,0.29487789712923945
0,0.06069714290359086
0,0.18076778186332032
0,0.19168635172501503
0,0.4354461770381451
1,0.08727149109921646
0,0.1974252839168624
0,0.4568221540458064
0,0.894225531576699
0,0.5826659696247073
0,0.055068274919135886
1,0.8055413695815242
0,0.8684819467207884
0,0.10659591872740491
0,0.679614065678795
0,0.09782013804667476
0,0.3851195829895999
0,0.1289579830829237
0,0.1521315065276576
0,0.6063983999916408
0,0.40244093256328267
1,0.7820689580426852
0,0.016123339202483922
0,0.3250749306959693
0,0.5411766090286048
0,0.3220662619400768
0,0.7399207261611576
0,0.012866760984509706
0,0.06523750664093278
0,0.22715982761080963
0,0.20293712290820762
0,0.05124063340437549
0,0.019880705595259014
0,0.05900349721542128
0,0.17664331694547014
1,0.32757332977662795
0,0.16643044102089036
0,0.1527066072021369
0,0.7403919469193743
0,0.7964140747981188
0,0.06547982295930597
0,0.22544493760721024
0,0.062350431353095856
0,0.24786190717002413
0,0.08992923120140896
0,0.4886840195403573
0,0.04969718700977525
0,0.07367830154121773
0,0.2191792805421272
0,0.2594427531563658
0,0.038257048018504616
0,0.0054128083683463255
0,0.10610328383126309
0,0.823283773203974
0,0.5143127792974714
0,0.0284416377173657
0,0.8153989864332704
0,0.1216725326552769
0,0.4187556697767514
0,0.2530242472690152
0,0.5062011414912825
0,0.06944118288809609
1,0.22310769600629388
0,0.5352654354367604
0,0.7192357320143751
0,0.1396037910350945
0,0.041708662776458856
0,0.0322923664583404
0,0.18522794289154515
0,0.15536372860854525
0,0.5257578474378881
0,0.1042412842292852
0,0.6266592318984907
0,0.12277944548681803
0,0.27315754927509495
0,0.11274305412814681
0,0.6232445619272393
0,0.3095110705165512
0,0.07639497081305834
0,0.3620554121007391
0,0.3154600682306577
0,0.06165607316295894
0,0.8117758988864802
0,0.4018151184490615
0,0.5798286908661079
1,0.8416405749509219
0,0.04858261633226973
0,0.6159526911447296
0,0.3736037596853713
0,0.07529522620392586
0,0.22584168272311125
0,0.25383181721610615
0,0.138007660035932
0,0.4854439305606046
0,0.018409785918047195
0,0.037084828471793244
0,0.6739121287571201
0,0.7189355170275362
0,0.11904430601308763
0,0.011305746890699034
0,0.013859722962975527
0,0.021946364939173627
0,0.04463353051622381
1,0.7590972934492712
0,0.010898287765168917
0,0.12895726729538212
0,0.22470737769479343
0,0.1099594790478643
1,0.7542358439405021
0,0.180541209118799
0,0.8030482594164096
0,0.0886950453357755
0,0.7008568123248303
0,0.022883148269125585
0,0.33275591330148735
1,0.9270276900583518
0,0.026212777001176822
0,0.0657736734999287
0,0.92204430968633
0,0.8754871457666423
0,0.8406550539578047
0,0.32244394781514185
0,0.026325450561927637
0,0.032249007107430415
0,0.09434890003048174
0,0.18892363068762486
0,0.06983299322154973
0,0.08166375118997464
0,0.01172664337027473
0,0.04359235000001392
0,0.71050011576932
0,0.039689440711460244
0,0.2663426064172886
0,0.06682075147434842
0,0.4780639479145802
0,0.8002070324317173
0,0.9595815713722164
0,0.09297402851597404
0,0.8671986336332739
0,0.78108128023909
0,0.013060645097020153
0,0.28345396711471127
1,0.8627447388432931
0,0.02226977811629609
0,0.35860987160761876
0,0.3872585842993553
0,0.3472741302709861
1,0.320982018399439
0,0.39974163486477093
0,0.21586456901174214
0,0.15552886053317028
0,0.8052930943753122
0,0.00634465553382319
0,0.05783910985177062
0,0.015706651301776304
0,0.3035321954852582
0,0.5539803354587285
0,0.31095948389816874
0,0.18530198646360369
0,0.04856008258052011
0,0.01725633186797389
0,0.4872036168090774
0,0.6807202387158099
0,0.2843433246720974
0,0.10728220367678978
0,0.0017901045413144388
0,0.18024241733006566
0,0.7662399112981053
0,0.67784195727763
0,0.5941831514458851
0,0.10397100630020564
0,0.21788764028691193
0,0.033978246091077684
0,0.20243900283074145
0,0.17880398849758602
0,0.043444028213264686
0,0.010549331673166601
0,0.6966242097650194
0,0.02076191975930053
0,0.06594829477338902
0,0.03627224533999317
0,0.5883191868930557
0,0.04811432671606402
0,0.050192804846252416
0,0.4837672321247101
0,0.4424324230457063
0,0.11174417475599395
0,0.22915963644257303
1,0.7612191611628683
0,0.3331425615391474
0,0.6928903278086421
0,0.4186627868606843
0,0.24599458972000482
0,0.621429704252067
0,0.27757110592863254
0,0.016458004377973953
0,0.18833964764577857
0,0.02270055413223784
0,0.2295542962307216
0,0.25915470847282807
0,0.004487025985964302
0,0.5978620479757477
0,0.06627335067252647
0,0.8286263855299129
0,0.41858248039015206
1,0.5403718598665533
0,0.2514020272003237
0,0.7006177368285927
0,0.42391289827400813
0,0.812603453899185
0,0.30714415992371
0,0.0801569069963526
0,0.4283573951745495
0,0.1765096690686517
1,0.7671377052411776
0,0.05035380620702437
0,0.6715356932356666
0,0.9161657661486653
0,0.5469020680193729
0,0.02641654791392336
0,0.7191493985358332
0,0.6861936893421383
0,0.8610285119964831
0,0.47502438481845555
0,0.45974287735178837
0,0.2820790250942281
0,0.007859452972262869
0,0.4245067936004301
0,0.30109434225257936
1,0.24677030387503798
0,0.6095159454705215
0,0.052933778744278216
0,0.0893039175660655
0,0.7418403394692432
1,0.6083301051996126
0,0.2023900592592991
0,0.8746060779964846
0,0.009247600774133122
0,0.3595359271261152
0,0.05978053187940174
0,0.8416317968274322
0,0.8902648363984452
0,0.5042341172955853
0,0.006356526052763598
0,0.1619400482770719
0,0.26443009570896775
0,0.5201557507397633
0,0.12420012675584854
0,0.47003175362563304
0,0.48330447457687237
1,0.8416245896218704
0,0.21556530492881876
0,0.15754535007151946
0,0.008253762955202458
0,0.01046704391711846
0,0.47652653696496416
0,0.10275966554368333
0,0.04268157994119739
0,0.2674985978077308
0,0.004711972048101415
0,0.5039446063495268
0,0.1976756833245266
0,0.0408959049176633
1,0.15929668212638062
0,0.07717466840367398
0,0.6599853114764128
0,0.17361889295439248
1,0.5354560570979905
0,0.10496469871049244
0,0.23048430930540514
0,0.14684756767328416
0,0.9073755879394787
0,0.07521444978151247
0,0.21323371188305026
0,0.7319097126685151
0,0.649270048297343
0,0.4431405460177969
1,0.8073879757509399
0,0.5608600986149814
0,0.038218178305716374
0,0.635938212270672
0,0.16324232050880674
0,0.33617440174754337
0,0.13057936512968402
0,0.21764458072940665
0,0.5699262130973273
0,0.3681395852622882
0,0.01476126465492731
0,0.8034028241464568
0,0.6980588145770821
1,0.4370029653677706
0,0.16843461948653918
0,0.06466434738978308
0,0.1255743944382717
1,0.7393651797387598
0,0.3535770950981072
0,0.6181913149214019
0,0.2485319610773105
0,0.027472505909976064
0,0.5022560261865134
0,0.6198805284824436
0,0.0186407507785529
0,0.30278428853977385
0,0.02984806952002722
0,0.4982579928253973
0,0.8593628409381519
0,0.7679586241344143
0,0.7872967295673909
1,0.8284235315409175
1,0.9154479939237709
0,0.04494579939637912
0,0.08474014625603918
0,0.6641482821997476
0,0.3014086135635324
0,0.823126137078922
0,0.010093116481359557
0,0.07201126769784251
1,0.45822529633412423
0,0.227300251302981
0,0.6641248989069152
0,0.0020478987542881665
1,0.8077883431800773
0,0.03295132370920438
0,0.0632891855937706
0,0.7010134335889657
0,0.03329362825997698
0,0.06707636694062012
0,0.4435495220287744
0,0.8972499750900936
0,0.28791819511477573
0,0.017942423226879778
0,0.5164889580242485
0,0.18205578695496655
0,0.871491909316692
0,0.3701127331585947
0,0.10858034657708393
0,0.12960872581275074
0,0.3303501779403997
0,0.045160805420638675
0,0.029698395696472833
0,0.2226866635585184
0,0.23474003436876967
1,0.7015810411134322
0,0.022600831384123214
1,0.5409563105281956
0,0.4512778406120962
0,0.8510161573069006
1,0.6392252329024862
0,0.6932883632638539
0,0.6610737311990864
0,0.43636973828833187
0,0.005664108669999096
0,0.8367918158132555
0,0.240413263909014
0,0.01841635501280324
0,0.09523781062463417
0,0.7388267748106162
0,0.08129661189814857
0,0.13480461678864256
0,0.2177622532962309
0,0.07966353572127974
1,0.8479486289776741
0,0.1275983168657085
0,0.07590905982050049
0,0.1512402711875024
0,0.05573860926474769
0,0.6188194923100522
0,0.5151685504213495
1,0.633273069153132
0,0.013819518302753658
1,0.14343707645969217
0,0.08051328012803811
1,0.5708342987003021
0,0.12484929591183888
0,0.018434390062637435
0,0.017862343673768273
0,0.11193335860783019
0,0.7685184923444405
0,0.03436302775323681
0,0.12268790620536385
1,0.9591068690811713
0,0.6038982415598156
0,0.27686304607468826
0,0.335764600880079
0,0.2844980633548571
0,0.014033271095473566
1,0.9045368347410494
0,0.7244976796404132
0,0.15404188427814067
0,0.08776137520549017
0,0.28794738617172233
0,0.06143796316787268
0,0.8354444765099891
0,0.31499188944092876
0,0.09569487000471351
0,0.4537192600143954
0,0.030847944066224296
0,0.5441376660991747
0,0.6199387310111831
0,0.0033679315026414916
0,0.07050324868615239
0,0.5792256812663504
0,0.31744008037558324
1,0.7758719294103772
0,0.778415145671203
1,0.7526151835155476
0,0.09448138803122745
0,0.6810875348203846
0,0.09927852093053662
0,0.012400856093308344
0,0.13227453036855227
0,0.009517172361416935
0,0.4348442814802409
0,0.06977986385170615
0,0.5402282223316511
0,0.20788582008969925
0,0.33161629712143953
0,0.31861034637881414
0,0.6138080477983822
0,0.08639452585052664
0,0.002039944503904193
0,0.05740574450425904
0,0.5405915900210784
1,0.16097127227973015
0,0.0330950153425394
0,0.023249121447754244
0,0.1614031966732977
0,0.1389756153734258
1,0.9465513425888759
0,0.6885077182842577
0,0.11281724559469364
0,0.030385211168503293
0,0.03308046553016535
0,0.23227363187752645
0,0.29559149272091195
0,0.017391666282562022
0,0.174150809346753
0,0.9034860711179026
0,0.5340588746852228
0,0.011385164556280069
0,0.09491039304089857
0,0.0814487284585459
0,0.1808690412268227
0,0.24786735724882875
0,0.42852632405890284
0,0.18705726872407694
0,0.7216982080156241
0,0.7856948401978956
0,0.0234865113071077
1,0.25073626402375454
0,0.25708966478912143
0,0.0879172342144757
0,0.11050434915409144
0,0.48890793250207737
0,0.2579412054040832
0,0.010236906055776903
0,0.021564177575748328
0,0.17481481243441674
0,0.7816874368400285
0,0.4540668145728906
1,0.746600722458446
0,0.3122774959888618
0,0.0058265831423453315
0,0.0107071038405738
0,0.022979112549947722
0,0.026988889567974492
0,0.07352178982476847
0,0.09221817588772042
0,0.9026996080360699
0,0.6155300375690943
0,0.1528243013388872
0,0.046487702807682635
0,0.12358070727072946
0,0.04985142067658672
0,0.05904246269161513
0,0.030600851819849496
1,0.865474923353563
1,0.9190836603327163
0,0.5032623195850615
0,0.3180786651721288
0,0.21396171520214843
0,0.047792754462530423
1,0.6125972198086947
0,0.75435760121471
0,0.10442943669383371
1,0.8412105107841564
0,0.10949529904616324
0,0.6238429815932571
0,0.019677910297350137
0,0.13889929787381738
1,0.30858345890797595
0,0.35411845074865483
0,0.7025855106496192
0,0.0879172342144757
0,0.18881488626773507
0,0.018987244417712167
0,0.09856977369459043
0,0.34989826984305605
0,0.250979264074089
0,0.7634118941961718
0,0.04238500521329361
0,0.7331977922747627
0,0.0338075000000135
1,0.8536458135683905
0,0.9413797100111676
0,0.4033640764808022
1,0.9045662619219086
0,0.02257284559270919
0,0.8982588793417435
0,0.7794063561137798
0,0.832408295358512
1,0.9709699865477682
0,0.6196828488987438
0,0.05032380148553821
0,0.6833328207532767
1,0.8229816361786135
0,0.061343398537909925
0,0.07861551861198122
0,0.8837861297964501
0,0.05763069043405425
0,0.44458090673138717
0,0.6860966493564108
0,0.21210558200796845
0,0.013985417996709482
0,0.9162120189338095
0,0.3852459922228302
0,0.21241877492582623
0,0.33712903369265046
0,0.027996400229961235
0,0.09404318053747304
0,0.6010709744892092
1,0.8201545304290586
0,0.5345192089344463
0,0.03693179240169762
0,0.43125521727531607
1,0.7798701379201921
0,0.09491603971953443
0,0.005760170341250789
0,0.14410934044180018
0,0.7848263380861735
1,0.3600046194388273
0,0.3413708507294967
0,0.18401135373479727
0,0.03175845119782529
0,0.0562356268388443
0,0.7488736391526182
0,0.6885588014788319
1,0.8745478255177356
0,0.58299491785997
0,0.39151569480810544
0,0.37031119707386756
0,0.09250683635815242
1,0.7299166308585605
0,0.7470788097080933
1,0.9423907839637096
0,0.5743022661939792
0,0.01317458188804808
0,0.2852677868066952
1,0.8839562298596811
0,0.49782355072065215
0,0.3116471006551022
0,0.03119208337600031
0,0.21742940496420363
0,0.4284820892320613
0,0.8194976468651789
0,0.17140821491712518
0,0.20861429517928032
1,0.72521664143996
0,0.4919058464980929
1,0.7703839193339012
1,0.9173152649933506
0,0.8751112043100235
0,0.5256954747648621
0,0.002371254376431169
0,0.43984485252821354
1,0.862392659940611
0,0.20715474924905694
0,0.1741572472111255
0,0.008373111449008342
0,0.3521168886935658
0,0.09079622769012888
1,0.5032669357276575
0,0.7264423358557626
0,0.25373807369618423
0,0.11102385970626383
0,0.8126203964234643
0,0.4962707625149751
0,0.4233565090679778
0,0.3240259119693731
0,0.36450578965657887
0,0.10741398222616477
0,0.09151527298767112
0,0.036583506877413824
0,0.05506609765188133
0,0.04161741518869324
0,0.7288424021927117
1,0.8692058627407486
0,0.016576309751443644
0,0.01991819033601394
1,0.9062462783381053
1,0.8984640786139615
0,0.11118028091532998
0,0.16752662860299092
1,0.28713159961399665
0,0.13636230598329394
0,0.7659851009400132
0,0.007790762067298388
0,0.11847088866372675
0,0.017561418158903132
0,0.010500398589814953
0,0.020279635740860304
0,0.5424457852720379
0,0.11325866399031298
0,0.011413277415197676
0,0.08705855761790937
0,0.03339489799772795
0,0.15123049247788928
1,0.6525713143217472
0,0.43108964872045397
1,0.8945107903320759
0,0.9005391644792117
1,0.5359590416885758
1,0.4132563529876589
0,0.08497571633524245
0,0.1276578935363631
0,0.36794429721439764
0,0.014642217760733536
0,0.18735606256145723
0,0.012430640578082176
0,0.49788160625287986
0,0.6265339127048322
0,0.020783584899616035
0,0.04500635905782413
0,0.7656282133051147
0,0.07473363914444517
0,0.01298726247667171
0,0.7687054719661367
0,0.13764550974643763
0,0.258967350294548
0,0.3919953638954222
0,0.16085758827988106
0,0.09105971299667279
0,0.2182272498759083
0,0.4329628248721417
0,0.5945177631084319
0,0.524831500550809
0,0.6131002239181639
0,0.03570303987051696
0,0.09186383010144852
0,0.09643340657439352
0,0.7290494306275431
0,0.8326741301912857
0,0.6945343626792926
0,0.864613835018254
0,0.6836179077304448
0,0.27262607090085683
0,0.9433463507395219
0,0.1805018161485218
0,0.2812809997063413
0,0.07801458475239678
0,0.7213721815767171
1,0.8984399039630273
0,0.1167927232642832
0,0.30688824671512926
0,0.7128236733790222
0,0.340838966173537
0,0.22395793142137027
0,0.811819019306919
0,0.517433554631666
0,0.012947133304854294
0,0.9189185470602192
0,0.2681824040746195
0,0.14675516657744886
0,0.22655176619743775
0,0.6217840853369656
0,0.06830578518494533
0,0.26675992603854043
0,0.5482592573968814
0,0.7966657454144445
1,0.9483626152180603
0,0.05566528838118491
0,0.04385561096422836
0,0.4881082859655455
0,0.3951067408397503
0,0.479752451559118
0,0.009918980903399167
0,0.1766394484715596
0,0.005043939742849417
0,0.8198484838213871
0,0.1282522920639984
0,0.36634803016421663
0,0.6263186449800808
0,0.0407182814262185
0,0.2768791858379704
0,0.9196257475113612
0,0.15578578510073918
0,0.010640438592202048
0,0.6148612841037964
1,0.5013623396554793
0,0.846474709639566
0,0.12187096981551054
0,0.7935234315003138
0,0.5524055372569687
1,0.8800790550632124
0,0.10746160630609998
0,0.13696715362850434
0,0.8043839644246917
0,0.36448851601546656
0,0.5708434894015577
0,0.5582640356957895
1,0.7166434143904009
0,0.1133642803857627
0,0.36059603351649316
0,0.009708357065306844
1,0.48534925659663397
0,0.7699735174346657
0,0.013450638645954928
0,0.6804515453182021
0,0.02236339644600205
0,0.32071141591227453
0,0.07948232811656114
0,0.5017548403717608
0,0.45338858574812474
0,0.161982453421782
0,0.6598653754700544
0,0.06182582740363112
0,0.0739286075178246
0,0.3931719243485607
0,0.1208156769463951
0,0.27499764582767744
0,0.029833555226285287
0,0.5833891263170828
0,0.37527793026864875
0,0.45251651654126307
0,0.13527893416504516
0,0.0052136251998523096
0,0.21088912017269154
1,0.29928154661062095
0,0.008047007738981721
0,0.2651898787805861
0,0.1662303000738125
0,0.032019615608776204
0,0.5505045779760611
0,0.8133942490388593
0,0.4104796478116264
0,0.45431772272500326
1,0.5506989913360262
0,0.1996310995599445
0,0.05212105165626224
1,0.6540741541786458
1,0.6338137708401983
1,0.6133204235917067
0,0.7432580023272146
1,0.9106941225474724
0,0.018347901250491926
0,0.8334096113977233
0,0.36106801269879674
0,0.46259237388631874
1,0.48845929202759525
0,0.05936295565419352
0,0.10794134525473915
0,0.00524082577823408
0,0.8174579158051766
0,0.006387680876402725
0,0.027411882987004352
0,0.0630648626302801
0,0.8794278110740497
0,0.09367074766898185
0,0.020244760942362237
0,0.4469003157906157
1,0.4260802393281642
0,0.4243693350413883
0,0.09812987334957295
0,0.04461901490096213
0,0.010785446874618885
0,0.03677177191834779
0,0.08729808152113983
1,0.9173318459664342
0,0.1570538377345623
0,0.04369341574662984
1,0.8060267675127037
0,0.42451474683831764
0,0.6947946082824933
0,0.5861538938218184
0,0.02668702449841011
0,0.040276755827781945
0,0.09468478166468254
0,0.36702820245601564
0,0.41719281489656396
1,0.7234279144827465
0,0.22228497357757432
0,0.4757509257739276
0,0.11922982953956746
0,0.009581666080178932
0,0.09878097634468243
0,0.4136408834851342
0,0.2789769317082203
0,0.254944078240191
0,0.014915564539287024
0,0.5958685989195396
0,0.4442465252277073
0,0.1250677030597271
0,0.2181782724898247
0,0.10063496147582884
0,0.3075031941270375
0,0.034693055799664134
1,0.738530208906142
0,0.76100032119926
0,0.5665647180768312
0,0.24757159473295526
0,0.6058644912713319
0,0.6236610152306625
1,0.7081655648561379
1,0.926796360629016
0,0.8544552616389021
0,0.2554524712183089
0,0.09067071099122445
0,0.053169765291500026
0,0.9001610517416418
0,0.27247767631945274
0,0.8466486965375615
1,0.5119692726201525
0,0.21276573257659473
0,0.10865632905180977
0,0.0520263723325191
0,0.6456345312471135
0,0.01306392734693998
0,0.02792421442532196
0,0.4754375808402516
0,0.37431585298299475
0,0.022021056647069662
1,0.7776446448434957
0,0.0062991451492416
0,0.21470802652962906
0,0.35647582398679045
0,0.06392934079449132
0,0.29594712261444733
1,0.7692848638972141
0,0.23204104069855114
0,0.11795717333416045
0,0.16872874861637263
0,0.15687772154828178
0,0.05552912433109518
0,0.020105245985750645
0,0.555528562181771
0,0.6546887033943997
0,0.17778667414286403
0,0.17276945277905972
1,0.8602004055433894
0,0.6656495058937345
0,0.14330534199103317
0,0.025055374078175745
0,0.03512197375780426
0,0.750334024695958
0,0.9073764179045397
0,0.029280810675360362
0,0.40113045624645544
0,0.0622793147073793
0,0.5522183457470236
0,0.04662385508454814
0,0.107677149468255
0,0.22954948736601835
0,0.7449902810204568
1,0.1749100071838937
0,0.46443450567069006
0,0.10408951793612738
0,0.02310926285565541
0,0.6321881948171897
0,0.7110615307646327
0,0.11622125628729832
0,0.20158828959964364
0,0.16622907564440412
0,0.034899244903688946
0,0.2955707387752752
0,0.44060001802852833
0,0.23411885964785262
1,0.5032278800541551
0,0.06610848091272649
0,0.6602740424323392
0,0.017403554052093338
0,0.01209905229781621
0,0.16960756226221405
0,0.08026429710600153
0,0.03319148704415711
1,0.8502883657705692
0,0.03562630576589015
0,0.21334262657006084
0,0.5998013529853773
0,0.20560073663593648
0,0.050161178327584835
0,0.936037607967638
0,0.03408763045093396
0,0.14903445347249053
0,0.3033831756552262
0,0.09427916563540284
1,0.7903642926115064
0,0.06910552027707806
0,0.35034862370318615
0,0.5227039758723759
0,0.4969312500758555
0,0.01827333482152976
0,0.8578195290953502
0,0.13448373081585707
0,0.8298641846483946
0,0.09792927123125854
0,0.2801054806137588
0,0.3296758385435227
0,0.007159658574322737
0,0.703184171989783
1,0.8148875311417159
0,0.2446329946817857
0,0.1819994727577257
0,0.7098622213736796
0,0.8695850807009587
0,0.9087713087008107
0,0.3782670954781165
0,0.03623529130738036
0,0.17819123875120332
0,0.02590570719746534
0,0.3185095187936597
0,0.3324815899405379
0,0.39708408882938506
0,0.1434842276670093
0,0.033424273634777034
1,0.3488510626771753
0,0.15909137038157267
0,0.2861636741733274
0,0.8659537658464574
0,0.11764945026970842
0,0.010294506722600835
0,0.18575182497425138
0,0.17467509611323948
0,0.16495803857575309
0,0.5542332910812394
0,0.41370742612299677
0,0.07405021852756428
0,0.8727692470173026
0,0.007647649956478082
0,0.45458706345091215
0,0.02851495952025298
0,0.4555637998917592
0,0.352619816234045
0,0.007572452255255084
0,0.3590753884252512
0,0.5779603762038449
0,0.022705631217146877
0,0.40188159321404426
0,0.11720579804204424
0,0.15658648120997437
0,0.25316006487623155
0,0.5865427285170262
0,0.5171100738729391
0,0.19342586581306545
0,0.5899082119512027
0,0.025559472615962222
0,0.528719036474924
1,0.5080736557395101
0,0.0672211841211946
0,0.09163944905956976
0,0.5775932043279929
0,0.3418557589329772
0,0.01022104024996148
0,0.07118257270317561
0,0.8187458952317799
1,0.7552497361643756
0,0.35738937876580723
0,0.18777730010712398
0,0.8824534830031097
0,0.3192772036448744
0,0.05879843655463788
0,0.6972050138372277
0,0.9196496294580837
0,0.0791833846843748
0,0.513687270208055
0,0.904643543982453
0,0.2235810110904765
0,0.2914645864410047
0,0.11706007612982869
0,0.2085912205260196
0,0.2195189471275759
0,0.06540438671937715
0,0.028047439465325497
0,0.017450537911570193
0,0.40094467825771746
0,0.4279263248888544
0,0.2379230407021657
0,0.5381488856641443
0,0.47176657723208654
0,0.19126564495868034
0,0.20458972054823266
0,0.6136447495730676
0,0.524490898376378
0,0.012980650570750301
0,0.26698727272937134
0,0.06081449694809563
0,0.044671694175314504
1,0.6536032208133855
0,0.34663504609847345
0,0.12279272672176597
0,0.5564358115046307
0,0.21840390234929358
0,0.4218056683588298
0,0.06008271025146989
0,0.6250622962198694
0,0.025319184796684383
1,0.9684674769975198
0,0.0740346259379847
0,0.06141667265919473
1,0.8482547286647365
0,0.07664828201742244
0,0.0570862066252918
0,0.02749612673251651
0,0.07823335282453095
0,0.0711399788635123
0,0.6308920292781155
0,0.03807930550425593
0,0.17721768863868692
0,0.7231044988315962
0,0.7701027386574976
1,0.8586704544426064
0,0.6967009632331334
0,0.2671427884659237
0,0.03802358835323256
0,0.0163174142284393
0,0.7662812248310958
0,0.022781319857480473
1,0.6644692652595295
0,0.23743265387851845
0,0.09030276770795707
0,0.24201200922631008
0,0.8545405258687521
0,0.8619735052208624
0,0.05555680199229044
0,0.7812846015753584
0,0.248462658256903
0,0.6291157216897816
0,0.07474423179459888
0,0.021178734336842597
0,0.28107373143069037
0,0.0388885096416647
0,0.3726536664417182
0,0.25382157819766227
0,0.48973408538375995
0,0.2651676760288379
0,0.1550262253776045
0,0.3059652579836604
0,0.11300072688024902
0,0.01710450853484093
0,0.16501289393553678
0,0.023809448447083322
0,0.027975022968640326
0,0.03331141626767301
0,0.06296957843333377
0,0.6578784550872511
0,0.011095701668590214
0,0.1796567008237237
0,0.023848768157061325
0,0.35177446796679324
0,0.68181226119983
0,0.39755650209401683
0,0.21852844183528014
1,0.790166676769715
0,0.14543010977056686
0,0.38998154731206147
0,0.4378529915950668
0,0.09168882541955574
0,0.07507616676431887
0,0.10282819620949918
0,0.2920620571452694
0,0.2002313362608787
0,0.5173362455316192
0,0.7615195637851316
0,0.15594276609927002
0,0.026614457699182307
1,0.49014262696275995
0,0.17159019334969733
0,0.604520261733711
0,0.018622448079685144
0,0.012683574136687543
0,0.17266628468036987
0,0.8722720083058036
0,0.15115228000761402
1,0.9367893795584457
0,0.26043210310225345
0,0.007865078670140723
0,0.5376000153209801
0,0.25765895950214124
0,0.09843560994325767
0,0.10776613468573286
0,0.6366154201519113
0,0.18443860930215447
0,0.6155788474323171
0,0.015205775380325063
0,0.03846385350449369
0,0.24740040896255255
1,0.8973309327662973
1,0.8810777024024512
1,0.6047824200159144
0,0.18345665959610102
0,0.14444649098140852
1,0.9292431830687616
0,0.1373052166756992
1,0.8954884306254471
0,0.03327687562721705
1,0.9319237461474659
0,0.18721015864288174
0,0.010846614802654512
0,0.0733860560483828
0,0.7797915645792513
0,0.04372073835086388
0,0.05560305222589745
1,0.3528929472702702
0,0.3275848645630774
0,0.02715373802014442
0,0.7226011569133702
1,0.8256762761171129
0,0.3275004746015985
1,0.8641646240218213
1,0.03317279035280604
1,0.42906935070567076
0,0.08976562515730759
0,0.38300188162913773
0,0.08998746239080149
0,0.5691490343224019
0,0.09058039324443345
1,0.25559794638413885
0,0.42364382975310844
0,0.08597078342620233
0,0.322714632098737
0,0.11296851017458738
0,0.035850547410505924
0,0.7264698991399962
0,0.039882343529287205
0,0.023083402401532616
0,0.16148744209023222
0,0.023819657310180556
0,0.025037052335080988
0,0.11843649779622618
0,0.40074983654904583
0,0.4187160200012389
0,0.3482860075706439
0,0.0218572635968541
0,0.02435990579503918
0,0.18069377092918779
0,0.17278176553703598
0,0.7378517147587385
0,0.6543430041037985
0,0.5508884974986294
0,0.7515959244978511
0,0.36222519886560645
0,0.7499268419741254
0,0.5906263997825246
0,0.42490124853973554
0,0.21187417302744294
0,0.1627605364981595
0,0.039711886648680354
0,0.9106608195857518
1,0.772924515398659
0,0.1426101380578771
0,0.04730762011599236
1,0.9274745964956813
0,0.004109462598675772
0,0.021038787662083485
0,0.41702372483409045
0,0.36261241844677894
0,0.1633013423976171
0,0.2250932600951597
0,0.1062255742117426
0,0.07881273989074712
0,0.02889417786260258
1,0.6402116345281398
0,0.615777831737778
0,0.005227990969975579
0,0.7618889022671673
0,0.8671148476285973
0,0.13979037566998412
0,0.11539006286931776
0,0.5370516049360917
0,0.8039508971460533
0,0.12861489139520316
0,0.615569256754777
0,0.5403785483348226
0,0.02831485138225868
0,0.48419158219131736
0,0.21898012928456428
0,0.5990758922039281
0,0.18788982255827932
0,0.6918109227216737
0,0.842389246251943
0,0.10457457015773106
0,0.10021051375106904
0,0.8003614104191773
0,0.03646595880153518
0,0.01081620158289007
1,0.9296918457340778
0,0.4267787622936333
0,0.047868345809290995
0,0.6208106072409066
0,0.3286867271638268
0,0.01095862112944081
1,0.6711593069793651
0,0.03513802228518514
0,0.5156817411470827
0,0.1897554944479359
0,0.7844584699037676
0,0.5223432361023274
0,0.6118535325260827
0,0.08197983464623504
0,0.05316082305005844
0,0.09206110158753814
0,0.35142305897835685
0,0.07610206294164691
0,0.6148132017358884
0,0.07612106868673245
0,0.3389369145140268
0,0.010364379874622359
0,0.026250490267598802
0,0.17793664776505969
0,0.7857908311537511
0,0.04541222365302518
0,0.9081571369943601
0,0.04054364651455799
0,0.6267567342757149
0,0.08173329159668082
0,0.12982146678749287
0,0.09801220232410708
0,0.2058221079297232
0,0.020936263965414342
0,0.026711698313347028
0,0.0488318172543044
0,0.5557858481821457
0,0.06269519278896851
0,0.14198946289324024
0,0.15535602408831944
1,0.7874828267236483
0,0.2713387701599392
0,0.6101352278766706
0,0.7617847139272038
0,0.1590168807392215
0,0.19297460020538781
0,0.04677619733003068
0,0.012801421650741265
0,0.6586680981781997
0,0.28976206945955985
1,0.8344537344938054
0,0.721416850501317
0,0.8926597118251504
0,0.1234261501004516
0,0.15937121032421447
0,0.8773445534406773
0,0.04122704820914992
0,0.139920563198407
0,0.018624738047442444
1,0.8367352738350937
0,0.11468657813687902
0,0.07610206294164691
0,0.004625153326636908
0,0.03494804088683535
0,0.1943306193749858
0,0.8629734274493449
0,0.3660392794470173
0,0.286138069223665
0,0.11970620817995145
0,0.6190107028147713
0,0.4194279404799218
0,0.08090801163491701
0,0.14006964857571594
0,0.3882868687590853
0,0.0541265997496451
0,0.04871470533547472
1,0.8963310646264527
0,0.021354745387989562
1,0.7533364785236415
0,0.7622513144814695
0,0.32405259764875166
0,0.832546711086223
0,0.011892071351188449
0,0.7309294891399266
0,0.18613937636238842
0,0.8487796645606511
0,0.05318980165568646
0,0.6714148850171066
0,0.2843433246720974
0,0.4210651002995161
0,0.44610419700131554
0,0.012665974896299595
0,0.3841998830090216
0,0.6849390455830637
0,0.721261426394618
0,0.23122170520471338
0,0.07624802107740203
0,0.09731590433195506
0,0.008992135166288655
0,0.012508284630006236
0,0.4124477692998315
0,0.03342240370898101
0,0.16603204608952155
1,0.6879632802469988
0,0.5019925590001231
0,0.09611349453875237
0,0.9032916322060387
0,0.5278007675495452
0,0.594285319196871
0,0.23346934228545788
1,0.4768041697901827
1,0.9676023022180706
0,0.020242728090410663
0,0.20323136622708343
0,0.4575299169452806
0,0.5650875319123075
0,0.14910188985257822
0,0.715385357590983
0,0.005610580691732025
0,0.2588985160657602
0,0.012237014639132526
0,0.17895125560510908
0,0.08216291420137552
0,0.010716945945797939
0,0.7367791577810712
0,0.37130541414154994
0,0.043707519123964846
0,0.019061341860230115
0,0.09829281511239313
0,0.16633384055748554
0,0.0032669612251497683
0,0.01514040879974184
0,0.045048794031191275
0,0.41627322321665233
0,0.2725300919524476
0,0.30373899709947444
0,0.16437016521968814
0,0.03541628195905688
0,0.1340802703481416
0,0.8662516422064178
0,0.03960099377823607
0,0.011215254012088581
0,0.06755908316385068
0,0.5119564046850466
0,0.3103824222815422
0,0.5438364885948205
0,0.9575738117683504
0,0.07998319429130382
0,0.1944907926041361
0,0.7409394489765548
1,0.9270347786241707
0,0.11487659852989297
0,0.3424148503480832
0,0.16995036967132884
0,0.14166299284014183
0,0.6998276025754873
0,0.9012926857321809
0,0.8986200314170505
0,0.1922276648780173
0,0.23777239665724295
0,0.034288866506808985
0,0.527175220531778
0,0.5735746655198416
0,0.028194984466330886
0,0.6465790794605583
0,0.17144286843433712
0,0.0837194846066544
0,0.031060551683256256
0,0.017082057200321497
1,0.7647305561738521
0,0.28933542295529185
0,0.6505487424464249
0,0.03492595337293122
0,0.8499854100113866
0,0.1581135200006867
1,0.8243467695733537
0,0.7844752331435892
0,0.036687921709793986
0,0.06264544081652654
0,0.014929341272746314
0,0.016264022368224714
0,0.09380763480094809
1,0.13165623976154106
0,0.18012340273416838
1,0.8284745546247725
0,0.06205547722981149
0,0.887974746709528
0,0.7203238401889716
0,0.03520531713141645
0,0.12090899136300927
0,0.08536215590067538
0,0.06527318083660558
0,0.68006642368603
0,0.044885479931196744
0,0.21879233109798676
0,0.277962568504073
0,0.2365521983039682
0,0.11150115045003077
0,0.36039943542832725
0,0.03182957237643474
0,0.8971093913652824
0,0.5857735835272367
0,0.017402574463388422
1,0.8056767955749324
0,0.09550543602432145
0,0.19322834713886258
0,0.015092656767190783
0,0.6611072384760893
0,0.07937198866779802
0,0.07498374604041401
0,0.0393283523023679
1,0.25360172783040735
0,0.18785008377983076
0,0.12643531101758493
0,0.10377599534613692
0,0.37398128241065454
1,0.7298887356278422
0,0.14147236366441832
0,0.7101533814380446
0,0.12599420789015373
0,0.030922309740927294
1,0.9062701022558677
1,0.8884705287599783
0,0.02078490703957035
0,0.12924727947126344
1,0.42013107227849705
0,0.08109495097017835
0,0.8896925466557846
0,0.04677037565208127
0,0.04866197122553655
0,0.02384220333281455
0,0.07066471867970942
0,0.1599653458147002
1,0.6330267319531944
0,0.8985051925695529
0,0.7044399421680133
0,0.3869065872906992
0,0.2622859564062496
0,0.18079834689623253
0,0.5653294866568415
0,0.8507615268155385
0,0.04196139217693544
0,0.29978873254949223
0,0.1344700409058572
0,0.6404251560305763
0,0.07376088102524843
0,0.7830134749903778
0,0.5159272208873815
0,0.8303016931443539
0,0.210080841301676
0,0.5908416477650925
0,0.16858188502055227
0,0.012660461464967047
0,0.15108625496690217
0,0.2574829272159155
0,0.9425724044743948
1,0.805523984336252
0,0.5097739551383761
0,0.07072115340536454
0,0.5412699876894158
0,0.054480962249717484
0,0.5708929420082565
0,0.5556746719106819
0,0.46454918639879544
0,0.009665263404309603
0,0.8531942802434297
0,0.026288143967966384
0,0.2687617501193405
0,0.06224757773039621
0,0.006203758563283121
0,0.4840551419865793
0,0.3803551497231073
0,0.081014700893391
0,0.9018616427420575
0,0.1323729732223901
0,0.052984317481155896
0,0.15122825025031061
0,0.3408176238904245
0,0.12698981693728242
0,0.2809980435978788
0,0.21423648683257643
0,0.4094656151422327
0,0.06806221164591846
1,0.7242970517727466
0,0.5237155080128659
0,0.2646052168744287
0,0.012589364091816465
0,0.2960326567624082
0,0.2451508529444886
0,0.04893732553655552
0,0.3546446924889284
0,0.33116015447942215
0,0.7280962325322545
0,0.7381280575757007
0,0.49578085211807116
0,0.2179749930711952
0,0.7219517731691116
0,0.3001218369381141
0,0.01890662707461472
0,0.32550744503009443
0,0.0705445545054394
0,0.6030272414546988
1,0.31060134668363115
0,0.8610463539524105
0,0.059158048859434424
0,0.11984407587056722
0,0.3632635714667125
0,0.9108505592315194
0,0.6896994042410838
0,0.06125121144599647
0,0.17811444881413213
0,0.3914665533511575
0,0.6863407207705918
0,0.26898196288412923
0,0.05439979188732649
0,0.10386195207468607
0,0.3976503377569808
0,0.47224351096379563
0,0.3752209457349916
0,0.03171805693404273
0,0.8915944626027524
0,0.5368122267768691
0,0.04878448175436899
1,0.9168198662380933
0,0.16441800315973595
0,0.39324181185708534
0,0.18600065512486622
0,0.11151681380640394
0,0.11135427646476621
0,0.8252485622957175
0,0.7828675260477188
0,0.018067446125093752
0,0.09748276468873121
0,0.36454343553607504
0,0.3765794461924499
0,0.5713363203366345
0,0.5714967779744322
0,0.6589025147189074
0,0.010262310104551028
0,0.32503668398477814
0,0.02082388310128088
0,0.7880278228530093
0,0.003087240013301524
0,0.21063344260152045
0,0.0233088474371907
0,0.1350399506014094
0,0.9202822460440158
0,0.16656401992088882
0,0.6995255383758004
0,0.015516315661455274
0,0.5732681089947378
0,0.4884699017741933
0,0.14742234798796466
0,0.04984733525860143
0,0.3287031438511282
0,0.07284216851167793
0,0.12273138360532314
0,0.7916542049633859
0,0.1465433865792601
0,0.8425704346540458
0,0.1167398474325815
0,0.8968553378715167
0,0.8896686719269385
0,0.20940524124218468
1,0.8232796121338127
0,0.5819491618412275
0,0.05868764812829963
0,0.1274258693360668
0,0.5101836792187607
0,0.8682359871851916
0,0.14343716746165072
1,0.8089638679529598
0,0.2324852436113506
0,0.7660194513571593
0,0.06697234330743837
1,0.8607009762350281
0,0.768589090046569
0,0.7100002650681656
0,0.41732768484096033
0,0.15597580252906604
0,0.7094813206297219
0,0.17115562750554636
0,0.3205466519260084
0,0.008318181607195019
0,0.5710843375243193
0,0.46768260675369094
1,0.39211000303199056
0,0.014444090285666905
0,0.48289239851398896
0,0.889745268727879
0,0.23942922249424084
1,0.8507819823801577
0,0.36543892134136535
0,0.34806209826277473
0,0.18644056653435914
1,0.6971400657310112
0,0.6336149329016831
0,0.026473723943743727
0,0.742962373966149
0,0.20496211924117427
0,0.8549096122611178
0,0.09073388887952286
0,0.20130189472727375
0,0.8498747772244503
0,0.02722669475095464
0,0.06958441696684498
0,0.4199572452175439
0,0.06800572305489568
0,0.0337908923301075
0,0.03678713129021659
0,0.3485267409681377
0,0.15174026030817878
0,0.06287242329163377
0,0.11566383419474985
0,0.10479934637253983
0,0.19260675592223025
0,0.07668866700001847
0,0.016008073212871676
0,0.7620709000169835
0,0.09190391615330402
0,0.005459207859622019
0,0.8090572722592895
1,0.9298128764141435
0,0.30932690651358347
0,0.16431619838436598
0,0.7701947246930249
0,0.7278419116864568
0,0.32104115375216974
0,0.012990289792852314
0,0.13012360679388157
0,0.1869653879687576
0,0.16964438053320308
0,0.1287843916719377
0,0.20645254859516612
0,0.8436452926650218
1,0.9124718055396076
0,0.005545203270056624
0,0.4345116620062859
0,0.07434009781946309
0,0.7223659966102758
0,0.22773416217011136
0,0.24705354146263053
0,0.3165320353126442
0,0.041415191930106024
0,0.5565306182360937
0,0.4466973847987587
0,0.7378375434682742
1,0.7756149553415671
1,0.9604665573668351
0,0.11631905974518825
0,0.16335855447710973
0,0.8192459883642319
0,0.9149001484594687
1,0.91576080239293
0,0.06715372462223071
0,0.19391988160541945
0,0.03955688790236922
0,0.043835095817236346
0,0.05673154582525883
0,0.30618989740870395
0,0.17473600406876602
0,0.1367654401957972
0,0.5725458011564181
0,0.8931041262258528
0,0.02029467217870524
0,0.2487189809902442
0,0.11343905939457824
0,0.008210975003536715
0,0.2520530143196247
0,0.011675432491041507
0,0.36571374177747024
0,0.19684073625848875
0,0.28464881541682796
0,0.6173253964174424
0,0.4473744386867773
0,0.9159749008228143
0,0.05000734213058793
0,0.011183239162063797
0,0.6657219489637193
0,0.33830353328043394
0,0.22205653997273855
0,0.02048289762151977
1,0.736372152038851
1,0.19827625758893885
0,0.4698685387162944
0,0.08516995727489934
0,0.4599569322748646
0,0.17068442627479813
0,0.05864153317879755
0,0.037988991289154894
0,0.11165002571948415
1,0.6749731996188305
1,0.7225092279963664
0,0.7975122921788337
0,0.06389422139549222
0,0.05755535976782674
0,0.15835416267814933
0,0.4010844081036209
0,0.09701568038222151
0,0.3911080643339481
0,0.3596581667838654
0,0.4700185692568756
0,0.4863162898793656
0,0.09188571683828646
0,0.8089910273702459
0,0.303344771614605
0,0.01350158198795184
0,0.004726478667490791
0,0.2625475660882093
0,0.02953573529594115
0,0.5529056842073601
0,0.07440421112715499
1,0.5742695492708749
0,0.37863375147589445
0,0.3430097528668935
0,0.4199906011399116
0,0.48825639246392705
1,0.812983488770233
0,0.21322885503703776
0,0.13393466774077703
0,0.07707282927970693
0,0.5146380206138802
0,0.531906326794595
0,0.8778570003108342
0,0.5881054684965986
0,0.019007146654522453
0,0.16271893159475645
0,0.17798145257629006
0,0.11092678656905963
0,0.19447027275612844
0,0.03614772643876769
0,0.2080234944035428
0,0.02843330945367567
0,0.34183411623165405
0,0.47277490373308917
0,0.1193888744099458
0,0.6673655318992943
0,0.4695482898155738
0,0.9062094067487959
0,0.5723536134171727
0,0.41515897574347654
1,0.3334544238269097
0,0.013478914646915348
0,0.41722259922025007
0,0.09251207675984104
1,0.7942448698713358
0,0.19540672443513082
0,0.2409311711367244
0,0.7025012023936342
0,0.016096989855278764
0,0.43160475725199315
1,0.429625630812976
0,0.07846259506725152
0,0.05523772780927252
0,0.1404446329342204
0,0.015128078373823371
0,0.5665866294143048
0,0.5664025034144591
0,0.10078919220592232
0,0.11227306341895381
0,0.028774615305383347
0,0.060209865877786935
0,0.29305470118393506
0,0.11460057729703045
0,0.6121998309902963
1,0.31738513478998065
0,0.8887223899242936
0,0.1968474926928936
0,0.03328814733612411
1,0.5785963532244595
0,0.9356688049209396
0,0.25752140369388526
0,0.3089854514174949
0,0.15920655340526765
0,0.37704333165988546
1,0.7252447318864774
0,0.0336102904558194
0,0.7164155663971095
0,0.0045429870590737425
0,0.09662476506976925
0,0.42545581866771903
0,0.2401503918547561
0,0.3019116532030383
0,0.2977991644474728
1,0.5241064503129969
0,0.28132024792023297
0,0.3926994234644512
0,0.7549717149080142
0,0.13524058413194573
1,0.8543490027380816
0,0.4135643571504698
0,0.2718502224624552
1,0.33625075483738126
1,0.8183335955353896
0,0.11686624464148089
0,0.8214677422862088
0,0.01877297612000508
0,0.040662053019035894
0,0.259583444989476
0,0.09173713339554838
0,0.2449264299364539
0,0.7727155573072187
0,0.07292450655033052
0,0.33726285207313933
0,0.013494954083764764
0,0.07074302214180074
0,0.2654190598720513
1,0.8421531533598504
0,0.7512719549656776
0,0.138498585126592
0,0.2511612693903864
1,0.4955100582539238
0,0.015142436123058005
0,0.07877607167254952
0,0.03520503849885914
0,0.209252090272115
0,0.12618687329315353
0,0.15526904305041392
0,0.48782937334825544
0,0.16112534505117207
0,0.14159767588286187
1,0.9252893566126629
1,0.8913009291672821
0,0.11653234603144966
0,0.5655681485438679
0,0.1464656717235309
0,0.3486551001655348
1,0.9010553351491828
1,0.9454652034144125
0,0.09173873444652705
1,0.6967443845876174
0,0.6493635382903749
0,0.04841153569923768
0,0.7467755790102608
0,0.4520950853449768
0,0.02904369499187637
0,0.7353538517555873
0,0.5007593228818776
0,0.11200851133606804
0,0.04979057630210191
0,0.004479050297122666
0,0.031182309097091625
0,0.04473898620692799
0,0.7860080222902291
0,0.7496759667976296
0,0.6672356995424182
1,0.24326409771770746
0,0.03818219312402574
0,0.007634321654909791
0,0.23518691978690157
0,0.2972662313137149
0,0.43276193413709013
0,0.06474679154396129
0,0.691193476740655
0,0.3343145109994252
0,0.8124093455700545
0,0.003215166860157583
0,0.05404981208918178
0,0.8830603513580056
0,0.04483892871969877
0,0.29845928363405605
0,0.08320792176445248
0,0.7505872319228712
0,0.2182814979792965
0,0.2936144087536867
1,0.8206331905665112
0,0.11872910537726396
0,0.481042774859299
0,0.07924005234482139
0,0.8237138872162589
0,0.4380538478213527
0,0.7027811850891155
0,0.21775869772634193
1,0.7385893704150209
0,0.9450027012752327
0,0.7393371439172248
0,0.8241399949009217
0,0.6477566199086716
0,0.10629915073810331
1,0.7257385371786407
0,0.02142766429741061
0,0.34950860730315264
0,0.0891643433680479
0,0.07526151024636869
0,0.15014213935632265
0,0.006305735721875246
0,0.009342441127190041
0,0.1966471522010944
0,0.06163226701526746
0,0.26448519221222366
0,0.1149912487153699
0,0.04836824817680613
0,0.23253285408794344
0,0.21709349041605133
0,0.058767088201822394
0,0.7871252098111007
0,0.7638681814035504
1,0.19500054540844064
0,0.013101496901232365
0,0.4811279177468188
0,0.5103041164400979
0,0.015554005038599517
1,0.6878283592754225
0,0.8080656074409646
0,0.057701412074251564
0,0.04759362381865673
0,0.09534317760421163
0,0.028369861624650806
0,0.20005281222712584
0,0.028792137464494903
0,0.027329569007303708
0,0.35650242171636964
0,0.5048292752824207
0,0.8444676624035093
0,0.43769795756628843
0,0.04931815802275683
0,0.033366920679641913
0,0.3562336404121649
0,0.3840770874371084
0,0.03734661433120795
0,0.31173877204497075
0,0.10003085507845193
0,0.01350158198795184
0,0.7394176109703686
0,0.338561554440827
0,0.3863638094377567
0,0.4112083229792106
0,0.10890832676426515
0,0.12194978836763402
0,0.8908586811291673
0,0.08471670528286365
0,0.45560755496656374
0,0.23017635488588697
0,0.5488256497959367
1,0.7941524040114281
0,0.3890173373458106
0,0.004929528840306336
0,0.6499941269693893
0,0.10934118871557823
0,0.038395559349958405
0,0.055170165332104296
1,0.9282262061299308
0,0.010243850924922698
0,0.16215758696257015
0,0.2829514880863766
0,0.02718760155028619
0,0.009678242571579777
0,0.400088202699319
0,0.018020960728264392
0,0.7002553319499881
0,0.07824902008746726
0,0.3222749474203634
0,0.6293756994472516
0,0.10970862758842966
0,0.1502329930432999
0,0.20703022325557446
0,0.41200115088712863
0,0.3151483250137479
0,0.36963403390607774
0,0.12415936624337025
0,0.027961686676715183
0,0.013808282805374427
0,0.0663897099784566
0,0.6604507981264028
0,0.4813529828965387
0,0.42312040538484424
0,0.8906807865190843
0,0.09017679912007777
0,0.03073035593549705
1,0.8769193447582938
0,0.5200400823688821
0,0.025181611767458582
0,0.01191302469836162
0,0.1653973879970329
1,0.9371772673688658
0,0.3691920344811477
0,0.23460361578421202
0,0.5727760779252961
0,0.42448944411301015
0,0.008674143148262167
0,0.04218442930180339
1,0.7373550016769362
0,0.03630919693954397
0,0.16329836171809123
0,0.8638713009655455
0,0.016342441879784595
0,0.20921880243844596
0,0.23083108451672302
0,0.19579089151486578
0,0.17366425850062772
0,0.04550761981147748
0,0.05041361883634099
0,0.031056323315027886
0,0.0060750258563658
0,0.04753794026175389
1,0.6741026259577199
0,0.08790340672223619
0,0.8146465439148539
0,0.6773851660513672
1,0.9350517003711604
0,0.02157692931528323
0,0.047308722424868
0,0.45144561055282134
0,0.7212812628824686
0,0.14293811582713079
0,0.3907321340423055
1,0.6897497518345524
0,0.4295855817527712
0,0.8217158964144443
0,0.3522534862015292
0,0.33544198806780684
0,0.04736750061451964
0,0.920206414176278
0,0.058634068279774756
0,0.7134352792421184
0,0.333996116773352
0,0.1873163533912855
0,0.01827333482152976
0,0.548837575054584
0,0.30501172078483035
0,0.08987261544780902
0,0.1666036363330122
0,0.10823538230959023
0,0.12200181238190241
0,0.37952812207405817
0,0.059298051132882924
0,0.07808564489725019
0,0.5746618699415259
0,0.8004028747572756
0,0.5590628298355409
0,0.0037623318141244986
0,0.12399970996988487
0,0.24736597488022682
0,0.5507442255361163
0,0.6020668080433942
0,0.03043637490525808
0,0.21282474204781476
0,0.15657204151857623
0,0.31864960934510456
1,0.6709024153027858
0,0.4687707286891191
1,0.7700697404832431
0,0.03746492309654512
0,0.012619789786402907
0,0.22923434906087317
0,0.13736768617379544
0,0.28614260902950345
1,0.48645747328343136
0,0.005574521116229762
0,0.01128195362703427
0,0.24350512197039736
0,0.16913877029590235
0,0.8859897629306527
0,0.35457971596937976
1,0.5326129326601686
0,0.3704877927414728
1,0.7247632919845939
0,0.9174392800782994
0,0.17366433843763945
0,0.5719736250491194
0,0.005140435446943277
0,0.6325578079590451
0,0.2895106878682369
0,0.24261967669270262
0,0.8091850151974523
0,0.416845832801665
0,0.7488752936699168
0,0.9622891455443752
1,0.4828937163851234
0,0.8381675623618154
0,0.9034829967930856
0,0.2890983919697899
0,0.7748221967132252
0,0.26354911862439007
0,0.7098651896596025
0,0.7210095536088665
1,0.5988508716967793
0,0.048470553889631264
0,0.36473433052761367
1,0.8796892461643069
0,0.07892269355375256
0,0.10030688527374594
0,0.009608771902291703
0,0.6255324451159759
0,0.6507709688792556
0,0.22564816431955736
0,0.09351062449478616
0,0.06127103983898577
0,0.14555926025965796
0,0.3316166354268649
0,0.12214477161717839
0,0.9065477500457144
0,0.21978144237174627
0,0.03583722475711572
0,0.057302349620919346
0,0.42508466585581167
0,0.25058872014184297
0,0.03953944186350195
0,0.45738727464888124
1,0.5426033227769795
0,0.8710675673385018
0,0.9202945931561916
0,0.7220364136070692
0,0.3426459305252032
0,0.594145494102759
0,0.3261069261529335
0,0.7077614379777947
0,0.10326045184223827
0,0.10135280436136027
0,0.09377835708804819
0,0.03573641381393261
0,0.003359462337260211
0,0.6597145584735614
0,0.06326458581790684
0,0.9167606292540461
0,0.43369532930068505
0,0.017369322667783335
1,0.44495211079608576
0,0.24041901985326186
0,0.14149561220197043
0,0.808083632266325
0,0.016562728509432932
0,0.082380782101217
1,0.8923983453242944
0,0.09160653198844822
0,0.2983667216509359
0,0.9079633978505374
0,0.006403110763777452
0,0.4904672496996148
0,0.16271559185272932
0,0.08102209918330862
0,0.07669194762944018
0,0.6274682861142045
0,0.10627837795802705
0,0.7151950501683665
1,0.5895021068453293
0,0.013452080420375578
0,0.08979601093180059
0,0.07173650265287004
0,0.9033615762275611
0,0.46562609654531406
0,0.07714378911907126
0,0.08216291420137552
0,0.33351765136488204
0,0.21749768594348526
0,0.0494057008112963
0,0.2558477134382864
0,0.2601876091559922
0,0.2750451563754031
0,0.060193800703316404
0,0.2767272050996997
1,0.7626240991024584
1,0.7624440728453975
0,0.4180136080878324
0,0.08135678268465867
0,0.16300367123706014
0,0.6312600702339041
0,0.007893791471781444
0,0.5665064780530793
0,0.6609574507742445
0,0.5513945340073012
0,0.0950557534363752
0,0.1403738582547237
0,0.43287727463868636
0,0.7623232396093824
0,0.05615259361532258
0,0.6739117173797736
0,0.34418758002602573
0,0.9048424688437823
0,0.08230215134359213
0,0.7855248315986267
0,0.5913564222319275
0,0.7365930621815601
0,0.1801084746179105
0,0.08358825895681168
0,0.19696226462423977
0,0.3433293952978219
0,0.652884937872993
0,0.5015190445880686
0,0.67027546868187
0,0.11383845507602204
0,0.04737376364180889
0,0.7340469954983615
0,0.10451060200789872
0,0.03612166396012276
0,0.7053388647096527
0,0.09209084759423823
0,0.30425101643411395
0,0.013408047740109164
0,0.00710951281455311
0,0.8063928500388889
1,0.5631989996130071
0,0.8271156734257915
0,0.7829876546123284
0,0.07590780625056105
0,0.39944716406094294
0,0.04403261841586269
0,0.8634974201701211
0,0.39731633932291727
0,0.07982383009464598
0,0.72051838708865
0,0.005744123691671104
0,0.06351288287485496
1,0.8391154372528769
0,0.8699452646843814
0,0.11221192530975693
0,0.307161731934468
1,0.23771123004426709
0,0.7112519743024661
0,0.056250871294176746
0,0.5587638732971394
0,0.294192266157854
1,0.3457185215118431
0,0.0366671638892625
0,0.23429618907717514
0,0.1370955348296528
0,0.07694693801469132
0,0.8010758594901064
0,0.19299697241886907
0,0.00670894150909689
0,0.0363385462814784
0,0.47996065891689665
0,0.32428620214422865
1,0.8560027143098747
0,0.08214436248905564
0,0.648783053022894
0,0.2075147560420518
0,0.01852639721342884
0,0.03275592462414937
0,0.4071901533210309
0,0.32952679915427624
0,0.02844724652099608
0,0.2807195638408912
1,0.4441296661359321
0,0.15084912262296524
0,0.34163905965136776
0,0.7811222825091495
0,0.2287760687189488
0,0.4552327039569595
1,0.5628038584943976
0,0.041348610136624185
0,0.05790844517067219
0,0.8820729828690869
0,0.011227838420930617
0,0.023690503283672084
0,0.4619176860409837
0,0.12775674453516847
0,0.528356102919053
0,0.3543134317679221
0,0.11332945709283417
0,0.07769887455839344
0,0.012176283066937691
0,0.0408959049176633
1,0.732079881119003
1,0.845673906423165
0,0.08780295056175072
0,0.016510817275284015
0,0.025734489861476497
0,0.5132267779904346
0,0.33503211478693457
1,0.8064092712086894
0,0.5629899797204098
1,0.6586306373048888
0,0.0039798019939532355
0,0.1655614855779203
0,0.5006683308963064
0,0.15266780588169188
0,0.44915932982702605
1,0.9039763596805724
0,0.6124510251189195
0,0.7389489434730746
0,0.1039999513342548
0,0.29214218621636057
0,0.41684568195237753
0,0.017846643028725157
0,0.0061019243014608145
0,0.4739294706101667
0,0.007365995534516724
0,0.11530009729758224
0,0.2657985465301189
0,0.9473411410489763
0,0.17183654453963945
0,0.04593385079192863
1,0.8253423692153677
0,0.2799916491557836
0,0.4202719992992559
0,0.05289253374493317
0,0.04507806151658136
0,0.59718117333839
0,0.15421969933841523
0,0.24160810809543423
0,0.014713527748149281
0,0.9130368071602658
0,0.10266401478173232
0,0.35300214891876297
1,0.9285867106612977
0,0.08697362567939484
0,0.056491032223209135
1,0.9201669886032954
0,0.005010770270066263
0,0.7211571717007963
0,0.12331110740943456
0,0.08460913668454449
0,0.5636668509045419
0,0.2979719937023606
0,0.7433880617651979
0,0.4554658405563879
0,0.06095548366093091
0,0.3676001967143469
0,0.040636836994649
1,0.45067299159818436
0,0.6953434031236136
0,0.6435084704464205
0,0.4108731586073449
0,0.0532558974988309
0,0.008992113032896192
0,0.10828001790292716
0,0.6375768151269132
0,0.7020234624483136
0,0.02514741401088967
1,0.9149271154482645
0,0.026963023023129775
0,0.8882419808682152
0,0.05809078613928713
0,0.15038915832292873
0,0.013195701677077669
0,0.2186276489395887
0,0.471224778409541
1,0.8925104900164005
0,0.09623326929652845
0,0.3632443472936269
0,0.11852858149202133
0,0.06688556711010038
0,0.516881127940189
1,0.43494619047127386
0,0.05845529573603985
0,0.30981419379752206
0,0.21964220367296083
0,0.01003018485240661
0,0.01576970345773823
0,0.05293778475583332
0,0.004589745640341447
0,0.7319434144393785
0,0.6203736478569072
0,0.5488944741526843
0,0.8958671792187843
0,0.43806942038924274
0,0.062134009407193595
0,0.02259382014071215
0,0.8851153136274831
0,0.2665994106593865
0,0.8641650398756068
0,0.3140667028748541
0,0.21584865943180911
0,0.6009169915555146
0,0.7522882577793388
0,0.25780010139974896
0,0.19932544304605582
0,0.06743642789461078
0,0.1720926153639925
0,0.5792027564694565
0,0.024916381389861787
0,0.6386748500178815
0,0.7375929311495505
0,0.01356726817467406
0,0.09674621332358994
0,0.7483537707093869
0,0.5697126594404621
0,0.33012142743246353
0,0.03870622063053445
0,0.012064783816921167
0,0.029560681960627787
0,0.48055187507482294
0,0.49649244599184517
0,0.13572225442426286
0,0.024043668500090917
0,0.185166484610668
0,0.9272134653156833
1,0.24753980726690464
0,0.4249023141589238
0,0.04233777905050985
0,0.15513878615544982
0,0.005065500418622778
1,0.8043228213895921
0,0.13625704045332737
0,0.26038601115509286
0,0.12395544016933081
0,0.7161510458794339
0,0.016932618920566453
0,0.031804156389308655
0,0.14145179028889063
0,0.12173869636076083
0,0.03920816402964666
0,0.29164896751245456
0,0.0755998168546486
0,0.6260370192409236
0,0.2172722869898613
0,0.12071526509483224
0,0.37990700381662607
1,0.7781799346651208
0,0.2420756215539076
0,0.0653617787428997
0,0.008546380464904454
0,0.23658715292360696
0,0.0557481481122327
0,0.6147939163227047
0,0.02616948146840128
0,0.486666658970557
0,0.2294673249887441
1,0.9236210842159194
0,0.2475688673052757
0,0.04194180041444434
0,0.20992432572390407
0,0.03514195694085259
0,0.023857943065145507
0,0.922279010180578
0,0.15798008059518526
0,0.4273416148688996
0,0.017945979055605212
0,0.12390715966412574
0,0.8442996820285519
0,0.4252621874180074
0,0.5635868398770385
0,0.07147968075800398
0,0.517464366872987
0,0.035823661393712056
0,0.06164716036325787
0,0.8320028557867368
1,0.8315705308267709
0,0.4800755846114474
0,0.02684460937709774
0,0.8014482414894679
0,0.5724495762482898
0,0.23956580504814926
0,0.4679319684427058
0,0.057228310193005894
1,0.6234349755738348
0,0.008551333325540289
1,0.633511395167047
0,0.15386845528045012
0,0.0887080276044363
0,0.021967677313419812
0,0.07610810579224624
0,0.08747480551315563
0,0.020609442631419568
0,0.04517802674400281
0,0.023302828235185105
0,0.7370579722510424
0,0.17110590270316484
0,0.028609521925730765
0,0.0950296858553351
0,0.04857031613042987
0,0.10875678202857654
0,0.7719723977126025
0,0.09500423792692729
0,0.06211868021096574
0,0.060507867906049194
0,0.020370210594876138
0,0.4961907737442461
0,0.21896039376661708
0,0.137902053398967
0,0.07740805927523924
0,0.19536478256078874
0,0.5886392922894682
0,0.9175841182623363
0,0.7746722638255105
0,0.7816200551027286
0,0.06078148276253791
0,0.9075577581347696
0,0.11656230540136792
1,0.8039727276271634
0,0.018414824726651093
0,0.056223194531613896
0,0.01033971644300312
0,0.7209534759226034
0,0.1371518196947053
0,0.4420862990707384
0,0.5829508503907489
0,0.32659265532549847
0,0.6869962755124037
0,0.448088222319729
0,0.8978333368218963
1,0.14799235472366287
0,0.08053472871955132
0,0.09668970626620055
0,0.04875691264617035
1,0.800794651133991
0,0.11424386382372026
0,0.27351900908737103
0,0.2351108018553306
0,0.6191213274397077
0,0.5609370982958737
0,0.030748840031985743
0,0.010818051671937372
0,0.6126088711765564
0,0.33728931621151403
0,0.056024792130415724
0,0.6641994344536651
0,0.02280090452867846
0,0.0037835505473697863
0,0.8924407967119469
0,0.12543680446046068
0,0.051194531580408
0,0.04156306795749351
0,0.7209558741938243
0,0.5692728519933938
0,0.1442926188150054
0,0.7806498477726869
0,0.01844176680816132
0,0.02516600064351888
0,0.4057286424309831
0,0.9442395592728845
0,0.8429056651370901
0,0.1902513243337881
1,0.4891445186876713
0,0.059614739534434885
0,0.32321787489095727
0,0.5024841680003211
0,0.22263943742820566
0,0.05369708595482356
0,0.013691716413959271
0,0.6386404550551749
0,0.2841919994049708
0,0.4807042002594069
0,0.44778500524254267
0,0.29712303528326706
0,0.5844415576767257
0,0.619036888723715
0,0.040050813821105584
0,0.9383986817883498
0,0.04438366097798469
0,0.4107484121354212
0,0.919914163610937
0,0.00903991337322112
1,0.9027634472816582
0,0.7682654993357896
0,0.3256515780734875
0,0.0889910647110321
0,0.22315479972785143
0,0.6275072695199481
0,0.38343480392228724
0,0.012673043077462797
0,0.4083824041205049
0,0.010764891423018832
0,0.006868326275620498
0,0.0741623455446685
0,0.5554394480976064
1,0.6593679355546405
0,0.39783988402703685
0,0.6624502060877154
0,0.10433895397470022
0,0.3813791598053158
0,0.4527333380282029
0,0.12697833075485873
0,0.05885098004248137
0,0.5666389645996477
0,0.356080999565946
0,0.3308982592002669
0,0.2706087413825459
0,0.05884868579247596
0,0.06298467902010807
0,0.4514675059325448
0,0.7615374177196412
0,0.4058128011387025
0,0.789003094909342
0,0.9420179837943947
1,0.4367915408732792
0,0.5181288488854998
0,0.09427916563540284
0,0.16947073206894286
0,0.05801303702486412
0,0.6015354999306178
0,0.018644158041645164
0,0.030164051669590394
0,0.02758647855036905
1,0.5590705184839535
0,0.7695599373273674
1,0.7088056082297676
0,0.11274654667964423
0,0.09001358046700433
1,0.8773802988739366
0,0.08801043726749122
0,0.6525709611264544
0,0.0929444146037176
0,0.40238080870733045
0,0.5735884042251107
0,0.20922047154404222
0,0.4759133265330379
0,0.257650679636921
0,0.03783825854441914
0,0.7384360811127809
0,0.22661386391769103
0,0.039407369349589855
1,0.9016194571603386
0,0.7842538745858998
0,0.004781702665181029
0,0.43725343128216554
0,0.35341512054942276
0,0.5682741415368472
0,0.5868683397514668
0,0.12143240447351468
0,0.8796783065407512
0,0.5021145709299827
0,0.40100682428029094
0,0.43283424117739544
0,0.012676362573386802
0,0.5386660965960233
0,0.01886835880059742
0,0.1534902609184132
0,0.38931387340670676
0,0.03483691811248552
0,0.32243928026773677
0,0.9353828688711616
0,0.16482084719761153
0,0.4861136489581193
0,0.031456731585581085
1,0.9034447236237045
0,0.8658597824234168
0,0.020199364360447388
0,0.1249077582614083
0,0.20982537169154278
0,0.7865743132529522
0,0.32206172484619866
0,0.5652117411502011
0,0.03968352694109902
1,0.6215186228742603
0,0.383276213921256
0,0.040236374708352646
0,0.39271822462873224
0,0.06763043988294828
1,0.899862738916089
0,0.24734214145095615
0,0.1295975184994804
0,0.37057792891363267
1,0.8126017444090218
0,0.27235129393934987
0,0.0906468264533412
0,0.895852360201197
0,0.20543344201209637
0,0.05793015508079577
1,0.4736188425562641
0,0.5019525125048532
0,0.005900196797189097
1,0.6210790459283831
0,0.7005205505489541
0,0.4441015895996828
0,0.28789473186518993
0,0.7394781017580869
0,0.03690966173340906
0,0.012297873042510543
0,0.47001968170671526
0,0.15908222206153716
0,0.055466988915723436
0,0.45503447027811655
0,0.5084626367435888
0,0.1345645157848205
0,0.8135833929733683
0,0.10318604536854645
0,0.04232526475067425
0,0.3850459726423023
0,0.11782382194574842
0,0.28159633666797174
0,0.11617386447630748
0,0.4807867464205587
0,0.06205578928500947
0,0.5467722750037287
1,0.5853189936855002
1,0.7380898140120519
0,0.25476397077352486
0,0.04350805627680503
1,0.19572366340336256
0,0.2818845239797504
0,0.17128763758244395
0,0.03139625069572773
0,0.3926982892236496
0,0.04110247659690947
1,0.6254053166171643
0,0.04529405559894647
1,0.32611419997680846
0,0.14373731481574642
0,0.2877419782217971
0,0.03266271919427791
0,0.3823953140738793
0,0.9282711543552027
0,0.6048834731312601
0,0.02762741646935246
0,0.05317853048953772
0,0.44394758131582485
1,0.324351762320453
0,0.4471432628213411
0,0.6651401807203902
0,0.12345280258554468
0,0.7007532836599665
0,0.942229141907856
0,0.4884166084453637
0,0.1971406455941897
0,0.3001465507763285
0,0.812260617542835
0,0.07210629236836509
0,0.011883288509532308
0,0.05655860895391547
0,0.0474300548309402
0,0.04637550773751792
0,0.006112457531063777
0,0.21317365921915396
0,0.4445763919029368
0,0.5088467924387534
0,0.5388072802606136
0,0.04744667137873146
0,0.09138580310583651
0,0.6599983873837588
0,0.5986281531845853
0,0.3729150649855596
0,0.7684480091613405
0,0.2848142574775631
0,0.164804603631512
0,0.12160920459397276
0,0.03297592205750569
0,0.6195820853673948
0,0.025100997550736623
0,0.43632032429045786
0,0.18844390387029755
0,0.5692310513895174
0,0.10801081612971271
0,0.8392838327966088
0,0.10539606603701959
1,0.9444394317077557
0,0.4424783553406794
0,0.2471130498900614
0,0.37692878018569764
0,0.34274591315892583
0,0.06201207302012627
0,0.4612841555339769
0,0.6214151894446049
1,0.5586580061755577
0,0.1549251909972635
0,0.8601852589975607
0,0.27886398666443774
0,0.7210857024395095
0,0.2871519703501016
0,0.1234829415021308
0,0.25393487101139
0,0.2088803792579317
0,0.007032376829904033
0,0.011082308954437214
0,0.16392304336089855
0,0.014881892660779966
0,0.3001316113588865
0,0.011586646300780308
0,0.08520993328196569
0,0.18363361962150657
0,0.014759603340388725
0,0.07338715430503191
1,0.791187300233782
0,0.3891496696442268
0,0.12984715296896635
0,0.6140107978265599
0,0.12863502994399462
0,0.15122825025031061
0,0.5701868714523013
0,0.5170426582385708
0,0.2994542380346307
0,0.016076290922540745
0,0.44929073295604766
0,0.8789365060329446
0,0.16558025944175012
1,0.6986700171638124
0,0.10492726823415675
0,0.16739682112280693
0,0.07355498080779356
0,0.04125142209250636
0,0.5059025033179856
0,0.28427377604473786
0,0.3842110260675913
0,0.01637186149432891
1,0.8782519635816068
1,0.6535958310450516
0,0.7776137354529572
0,0.39833710959401286
0,0.08683572962616863
0,0.08010988493212215
0,0.7169598317364614
0,0.37109223212621345
0,0.22321982691544304
0,0.27186637721154494
0,0.010021288044403102
0,0.08242217467138001
0,0.25453328688327004
1,0.4444431005537119
0,0.11536515892043006
0,0.10062009840487318
1,0.5125324672417113
0,0.06972007311899077
0,0.24349493370683373
0,0.16686239347138218
0,0.04198207154845225
0,0.016525996806670926
0,0.008569448006820662
0,0.017825767978765554
1,0.6165494752868746
0,0.6060895228758197
0,0.30455778015631807
0,0.12250981137687467
0,0.11548378569895466
0,0.8156267346767261
0,0.10127349127190903
0,0.023815407732391682
0,0.10235876675865686
0,0.824493338407208
1,0.8180271447674289
0,0.013924813072030638
0,0.019213838132133145
0,0.3925154367957107
0,0.5323737927090852
0,0.03901131129952323
0,0.4174900125471308
0,0.06358431105355111
0,0.236116287559698
0,0.11609032952624558
0,0.17823264902241717
0,0.045033838523256584
0,0.1032283039315766
0,0.5489686700136229
0,0.39594521067971833
0,0.5915980496867058
0,0.025934070192927053
0,0.0067196882083946485
0,0.1278662728099787
0,0.6267103967644768
0,0.2347195120992133
0,0.7552679454141845
0,0.1854030485563376
0,0.7769635362450219
0,0.0861822973506934
0,0.11184487681330339
0,0.0039333233114286735
0,0.006181452177158371
0,0.22605918530101912
0,0.017216969197469206
0,0.7153367946532782
0,0.2705547974099364
0,0.32175624605728054
0,0.3347975286282314
0,0.05415435325628491
0,0.0037858532516548563
0,0.09804199445578095
0,0.39360578851040817
0,0.09376467594668696
0,0.6533936478094577
0,0.15403021498494568
0,0.283935525377664
0,0.1755030048475591
0,0.1353518058938816
0,0.24911581551311332
0,0.3766447913780452
0,0.40544817242078857
0,0.18428884435225126
1,0.8436146585628425
0,0.36238881619029045
0,0.7127676664091693
0,0.5848799753603282
0,0.04417852682290413
0,0.09364901136969168
0,0.27750685775057093
1,0.8950614177598255
0,0.04798432663278113
0,0.222493476649951
0,0.4936002325181747
0,0.46251240863347254
0,0.313566055951567
0,0.22453106806992987
0,0.16331244355122312
0,0.3980122870964046
0,0.08050283401508293
0,0.7818373424793644
0,0.014714699496862424
0,0.12417791177795841
1,0.8020974554984093
0,0.7276494468087747
1,0.2784848748299605
0,0.5477140539694743
0,0.08163364271602207
0,0.842108735387872
0,0.04952461962953189
0,0.016799628319216622
0,0.6217769882056595
0,0.09267131642197296
0,0.03110921472897495
1,0.8949206360083155
0,0.2705645069061475
1,0.6116787059524991
0,0.08027136939492395
0,0.5221163718940083
0,0.35630480903411893
0,0.8149531050257374
0,0.5177747083743683
0,0.14387463820910262
0,0.19620902047614097
0,0.009831015210982116
1,0.815098614623338
0,0.8579045437071974
1,0.9044522173236398
0,0.16083915288202622
0,0.19503987212125215
0,0.05943884717464206
0,0.40815870405785776
0,0.4961636083450257
0,0.01015086399125394
0,0.1767598791848944
0,0.09161897538037325
0,0.2879501635515699
0,0.14423496683763737
0,0.7372362872804187
0,0.006882683389849601
1,0.8935649930401887
0,0.8945028905616823
0,0.020909414074572943
1,0.9465732615338959
0,0.7569562480714661
0,0.025030504160637408
0,0.43952713219055145
0,0.4560223641884192
0,0.7772256188067415
0,0.012217228979086647
0,0.07885350438940547
0,0.031190568496573066
0,0.06079950207051556
0,0.020610746364417547
0,0.7061284441547117
0,0.8641674362742585
0,0.4767463258156467
1,0.7723261532480274
1,0.9522202135288693
0,0.4702198642012527
0,0.25537246341965875
0,0.513431300738726
0,0.7706950818410653
0,0.49863968346536464
0,0.019248595421817186
0,0.11866314953891237
0,0.7077508630495932
0,0.016049029879672338
0,0.013101205571057496
1,0.9290624187931018
0,0.09008292154401341
0,0.08135217882401416
0,0.676211647126036
0,0.04760095109321399
0,0.03276476519964432
0,0.6065299269913513
0,0.6612229470284909
0,0.06985350603185644
0,0.2754754841019058
0,0.015097744802233436
0,0.06257106564270734
0,0.7752351295829466
0,0.6046653848750714
0,0.32706439423306083
1,0.8904277047761799
0,0.5696668671749092
0,0.058708115772698515
0,0.266245397066243
0,0.07109775568104786
0,0.6178098083228675
0,0.1537326218483505
0,0.07206604934887494
0,0.18735072364428945
0,0.016444848183498662
0,0.032431701289075944
0,0.013483401830216806
0,0.2576927307894267
0,0.0944419982073051
0,0.045878829448427354
0,0.022430333247878423
0,0.7314027142706389
0,0.009910088258050084
0,0.05311019132484654
1,0.5436369925452429
0,0.3680031798153013
0,0.06489974664399968
0,0.2871652777836525
0,0.048400656109827814
0,0.08230215134359213
1,0.6821667412921005
0,0.1855033602898196
0,0.010818051671937372
0,0.07235732647934431
0,0.643084485454356
0,0.9107930392621718
0,0.06984180153021242
0,0.4934261257086758
0,0.2429634997796607
0,0.2986134589445124
0,0.6637906959572852
0,0.1426159088881682
0,0.11619519806280054
0,0.27197869453415313
0,0.024980746778045185
0,0.5646112587604557
0,0.04497083762896299
1,0.7162007015851813
0,0.03737006294422859
0,0.17033439341269463
0,0.9017163569872004
0,0.07675637966702252
0,0.014950174738583665
0,0.9099750370629996
0,0.22015897701967516
1,0.6485664554512033
0,0.019588053180313467
0,0.07975845040501865
1,0.6810996472876049
0,0.14426626057980418
0,0.5670453273327537
1,0.8042757276835375
0,0.01574671245078179
0,0.6304673477986078
0,0.05288602251364277
0,0.1422750922281168
0,0.031230881213437478
0,0.012160449384109503
0,0.055992273764366995
0,0.0702641768287659
0,0.48723518946526806
0,0.8770588313506963
0,0.020102721723813725
0,0.014674517715817324
0,0.08759702104453837
0,0.6695621923227344
0,0.5441177301756048
0,0.31867931247972203
0,0.02064208619579816
0,0.35454413990222694
1,0.7713423213993311
0,0.5025507263934028
0,0.4322357562420665
0,0.6085086124099834
0,0.7508363455652965
0,0.035688578139310256
0,0.22061536132485032
0,0.4263032161688657
0,0.746421713099914
0,0.10375495504758277
0,0.1321117325416095
0,0.27651405012761304
0,0.1884162536272442
0,0.5517633379408085
0,0.012621794623568829
0,0.25640396402386884
0,0.3659078295193966
0,0.9111791604411748
0,0.030139569007417596
0,0.12369869281676447
1,0.8812907071998625
1,0.5000497543781042
0,0.10831265929549033
0,0.6849866942825341
0,0.40229332857883765
0,0.00825266168700298
0,0.14439674524244625
0,0.04680133508947372
0,0.006137271799925324
0,0.8098985422603155
0,0.034650759973199614
0,0.04567503168425382
0,0.025675799079122687
1,0.8470120963177898
0,0.25745315104559885
0,0.6050613565088324
0,0.4008811765389651
0,0.019289976238802246
0,0.11032857779425041
0,0.08221516826546389
0,0.6902450031894394
0,0.7228962574957719
0,0.3025190675131194
1,0.568818138836053
0,0.37805648569121075
0,0.004057205246733762
0,0.15836723229383592
0,0.019793874359953847
0,0.026611437611470022
0,0.923991439460218
0,0.027751944792923155
0,0.010305798893296178
0,0.09831910660930507
0,0.5192696896876389
0,0.7628646033997747
0,0.17836000881394365
0,0.06066719781402325
0,0.011805811648242768
0,0.012359000051318923
0,0.5863508495456259
0,0.23130491749425935
1,0.7748626271391016
0,0.01000508007625224
0,0.4328340215144283
0,0.09540909166455415
0,0.07031955300389023
0,0.7085172715622275
0,0.49735581705847015
0,0.03547527162907442
0,0.2798111189493758
0,0.27271164909624346
0,0.38420410712363595
0,0.10550414058617749
0,0.19257641748511142
0,0.07128525344172044
0,0.015698812184591827
0,0.4106684233470106
0,0.3095441411441612
0,0.3978775328950931
0,0.6161947533529766
0,0.8810663912763849
0,0.2917917876938367
0,0.01846887610735797
0,0.10326429053063878
0,0.17473635162649814
1,0.9164732689195776
0,0.10560745493312872
0,0.5280078130502238
0,0.16526103393133904
0,0.24087081250148845
0,0.9254856075429289
0,0.8520187636913198
0,0.01526812546982695
0,0.8351389943902245
0,0.3415413541227796
0,0.005183750516002871
0,0.10770409966316635
0,0.2872137792969065
0,0.05728746981817734
0,0.026378631032060215
0,0.13803495062796514
0,0.15257523231681241
0,0.3050963492422003
1,0.13572225442426286
0,0.00996801577127837
0,0.7117188201303258
0,0.3695955207777411
0,0.776410494983377
0,0.197065323501746
0,0.10743109116727398
0,0.185176088486257
0,0.017636570636342146
0,0.46395497559439575
0,0.0431798459846272
0,0.04054676848403575
0,0.6310925296408495
0,0.1930363858462006
0,0.7331930284282817
0,0.6099609840106345
0,0.01380413754038506
0,0.31327132640023186
0,0.3442872506254221
1,0.9380830379338833
0,0.1006257583667928
1,0.6753617481214449
0,0.013193174625516632
0,0.03477510631760905
0,0.21843201626221873
0,0.9037234074313225
0,0.09380830924250654
0,0.6224794810115468
0,0.6063299192161058
0,0.4503424307527246
1,0.5533756029967911
0,0.18070827822486546
0,0.20004834071032476
0,0.5344489076949147
0,0.36061563743850433
0,0.3191342349847816
0,0.6459644684324852
0,0.22982703845727484
0,0.05434963886703774
0,0.5684693758454804
0,0.4042815171383853
0,0.38460747165120795
0,0.9052252965010279
1,0.3331050848030598
1,0.30667044628905027
0,0.16424902274232625
0,0.8243638183627303
0,0.7271612139017609
0,0.41839342821136394
0,0.007438514626994271
0,0.6063598615806677
0,0.46710258433937163
0,0.014139460019758942
0,0.4016040774485403
0,0.05879560781189388
0,0.3849215869341038
0,0.15115973017058565
0,0.21294178664083774
0,0.3426190931290102
0,0.36426210857500396
0,0.3533211574657171
1,0.5092629566208609
0,0.024084346863505707
0,0.4658320617296563
0,0.24708649268077773
0,0.502693387194954
0,0.2766827793160255
0,0.02161411945171231
0,0.01177151255333309
1,0.21136014361665575
0,0.008095520566498478
0,0.8209209078362457
0,0.23835464297019437
0,0.4726865468561994
1,0.9228977450970275
1,0.8197470025386406
0,0.0061313794801806714
0,0.7238660600381308
0,0.17023008318858493
0,0.5139822398997622
0,0.20644612981231683
0,0.6075952253917436
0,0.05292214246550264
0,0.06054623915691731
0,0.6219992741856308
0,0.17930091806124668
0,0.22964605757910242
0,0.027220177490596468
0,0.5335498063050554
0,0.01172664337027473
0,0.3143088736332813
0,0.29451038902108123
0,0.7608020185924621
0,0.3749063629030238
0,0.2234354569311052
0,0.8178649096023523
0,0.7302762379258492
0,0.04560852990867617
0,0.06901368602658092
0,0.11331055433521241
0,0.07349597665961931
0,0.03072914243923655
0,0.049574167673122345
0,0.08428902398826012
1,0.7435308369425807
0,0.11104923286808568
0,0.03243156205705494
0,0.03701836124253901
0,0.6145281640130255
0,0.44510225403870807
0,0.45134002574068965
0,0.013482414364603143
0,0.09850643052826322
0,0.028909913286279412
0,0.0521954795704353
0,0.6600871674362236
0,0.13593896348201243
0,0.25178038196314945
0,0.038838258516637345
0,0.00580978446926767
0,0.06407569581475335
0,0.19395493772456193
0,0.4328869345041424
0,0.13459360584259275
0,0.6563198495788434
0,0.21060712176332727
0,0.1267314228393775
0,0.11765918912262735
0,0.13820787261911285
0,0.004148035688233715
0,0.4622439831241897
0,0.4460310695742373
0,0.1716133209109685
1,0.6919909457114424
0,0.017955863967721374
0,0.5029354932716442
0,0.04231226914135908
1,0.6631784933699387
0,0.008200593976872646
0,0.8574696224838222
0,0.016577997865433333
0,0.12287703962489711
0,0.4555094560946229
0,0.06649189770217796
0,0.12137631223051787
0,0.11990142097862014
0,0.7464106925391436
0,0.16288986894683574
1,0.849454139250618
0,0.014283258744435964
0,0.06899911936713712
0,0.04685602406791712
0,0.10459533335147841
0,0.1596044192294701
0,0.6313534422834832
0,0.007122992770466156
0,0.7213082349960495
0,0.42143556021484624
0,0.022521883857199682
0,0.8275026395600362
0,0.113479678082161
0,0.015194045391491372
0,0.840858119784539
1,0.6034056910984711
0,0.28992552121926485
0,0.8666908837972407
0,0.5262467818913207
0,0.5053349034620723
0,0.01777241482204958
0,0.32407846864258705
0,0.6128549845768355
0,0.04790384341293839
0,0.08217827394307688
0,0.1391651915290332
0,0.0053004191819314385
0,0.35911933491009534
0,0.5885945746560471
0,0.6154580941236656
0,0.5318158517074445
0,0.01959399600444207
0,0.10288019185015596
0,0.1822138578241718
0,0.101797135575382
0,0.08350543161766293
0,0.030713190850232774
0,0.09907763089242833
0,0.03284737113663385
0,0.6771060808264366
0,0.4977510638661286
0,0.018342155750166962
0,0.25282124650666005
0,0.02156466797115166
0,0.29717555967572024
0,0.06650299461500071
0,0.2063121072332275
0,0.4429422339638853
1,0.5219512585281801
0,0.8708890830868845
0,0.4626955759815691
0,0.12034006920152328
0,0.0322836362878451
0,0.00747661063360379
0,0.010178776759781235
0,0.010620665205228186
0,0.2984014142249326
0,0.2422266694101972
0,0.014491947898074297
0,0.045858374645810565
0,0.0327756846501824
0,0.03335833436137108
0,0.5934253561462624
0,0.6645946247155063
0,0.10411068451417475
0,0.06418935525259596
1,0.8174382597268929
0,0.20027434328593657
0,0.03703491540878933
0,0.11979609765779087
0,0.014509734216970754
0,0.4829314334137883
0,0.01810766637159634
0,0.01692663163285209
0,0.28922735481621026
0,0.8936427869942772
1,0.7234810779038828
0,0.008915787831150171
0,0.8288605451430238
0,0.5863722477112226
0,0.3029499625216852
0,0.01419229355628057
0,0.0060267134689083205
0,0.22231265816942747
0,0.05931910177657787
0,0.2833104661218078
1,0.7032186800755633
0,0.03201068745543884
0,0.8308391490092081
0,0.01018463450184177
0,0.8907298005142178
1,0.8548141236759117
0,0.641588192137829
0,0.6747664723024934
0,0.7263593325125619
0,0.5248478929558785
0,0.011316891780462735
0,0.03158818939867289
0,0.05442641457270681
0,0.7000935581603537
0,0.25827017723620577
0,0.574495544709589
1,0.9063784447081392
1,0.6722795208820979
0,0.004630242586406482
1,0.7221205776697356
0,0.42088493042796665
0,0.4432500723461119
0,0.09299202480704344
0,0.14496463612401309
0,0.07236590527740135
0,0.45841561709305223
0,0.3793928877732107
0,0.1276048750144402
0,0.7209998912399255
0,0.3751372610160379
0,0.30551702634543526
0,0.026757951815640814
0,0.012589340474278735
0,0.5154515517474488
0,0.26576873736263684
1,0.25594874101085985
1,0.5499004209572267
0,0.0021137558795400824
0,0.3412586388848987
0,0.02257189975018298
0,0.4419100806533164
0,0.7468997488707673
0,0.7135155045871862
0,0.6267311298894129
0,0.5358386690856168
1,0.9188986167290755
0,0.15061510252465107
0,0.730903485671452
0,0.8086253593874451
1,0.7190140992191026
0,0.02868713250458228
1,0.9496295000065367
0,0.34650558868847176
0,0.17610158401618223
0,0.03342240699294968
0,0.20915644866038707
0,0.08443535714988927
1,0.8016432092964121
0,0.690099186097828
0,0.0285010745107059
0,0.01248684438722034
0,0.0927715396767162
0,0.6120127830926302
0,0.18952904253220407
0,0.6018662731858705
1,0.6928994932842032
0,0.28661367258305614
0,0.7174473285724232
0,0.023351658540469594
0,0.014542369933778847
0,0.0192679235020511
0,0.11928338184648586
0,0.007339324945377322
1,0.6556513787396949
0,0.11227306341895381
0,0.5086262937082506
1,0.32296067172268333
0,0.011467494721138515
0,0.9258512772977128
0,0.43478572677471844
0,0.09434430506799527
0,0.6733182667368184
1,0.7439391188456493
0,0.590693275463715
0,0.13385798992158324
0,0.9316990078762699
0,0.05701584638544414
0,0.41011222880033077
0,0.07498590429745548
1,0.21698001261617356
1,0.44284035880686046
0,0.05390392956276321
1,0.9040668040244179
1,0.30740782227414387
0,0.7027702937723319
0,0.8205213738290337
0,0.01706759681572174
0,0.09861511245721342
0,0.11380873372441525
0,0.5325755303419829
0,0.7022181254377514
0,0.5334198361932206
0,0.6723947403845622
0,0.014930728980308406
0,0.19529480797145135
0,0.05342069145354992
0,0.36718460020525645
0,0.04358538719418409
0,0.06990091621481052
0,0.23304348434606356
0,0.06511851334671269
0,0.23588088488880746
0,0.018931921574983773
0,0.16215230013110563
0,0.09434890003048174
0,0.19289272778255934
0,0.5098279085734663
0,0.14684573823979788
0,0.5913917138524539
0,0.09857793557730704
0,0.11306327775475768
0,0.7515177628482241
0,0.9545986738238971
0,0.35687802421027537
0,0.0020438120373527037
0,0.5325005181102357
1,0.8298067392939118
0,0.03729300128109666
0,0.30783598533381434
0,0.13696630875462215
0,0.7472424459297674
0,0.08808389834617626
0,0.48858138806145524
0,0.13719602894403962
0,0.8960251749284364
0,0.19960037660123775
0,0.9091302188110282
0,0.005259017427472607
0,0.6269996312661086
0,0.25076522076420177
0,0.24995641882102845
0,0.03845906850584427
0,0.37068637915038904
0,0.19790054342336655
0,0.24219893082315755
0,0.08220305791226731
0,0.7145820474425878
0,0.020097624089895433
0,0.00784361357031292
0,0.6160521878088273
0,0.07946202592751148
0,0.05040018698942345
0,0.22885735487515227
0,0.7087318981085785
0,0.22333666085080994
0,0.2594358542392669
0,0.8228146777420907
0,0.11112661042750856
0,0.043100341459373144
0,0.8723281743331729
1,0.9546829886429735
0,0.20931966663806692
0,0.40251772609238495
0,0.013159234179768161
1,0.7220336934770583
0,0.24087081250148845
0,0.6882990921617811
0,0.5129829723628055
0,0.3413708507294967
0,0.9075987797731164
0,0.12028459128710155
0,0.18099466276573672
1,0.9468814704685634
0,0.03144082066050505
1,0.041385849421166535
1,0.8127401623105319
0,0.330068690611062
0,0.3064284321648749
0,0.2985359883615239
0,0.005416302849460442
0,0.053007002292920734
0,0.05393901969299094
0,0.2605425103690783
0,0.0918133581626276
1,0.8116630173030367
0,0.4442070771154872
0,0.7108186131245563
0,0.036714414675819235
0,0.17102445899101312
1,0.6207597568439851
0,0.028654593103942888
0,0.5179873927790634
0,0.34063848531112384
0,0.012302687617273104
0,0.8818347181458328
1,0.8156592421087496
0,0.18994937749443547
0,0.04659131915975556
0,0.02231293937268181
0,0.02256017194366016
0,0.9055917075237611
0,0.016042532853512693
0,0.37562220899151466
1,0.9391821430007654
0,0.04408737576080252
1,0.28892385947637245
0,0.33043508296718815
0,0.4814511461658698
1,0.5493021398303137
0,0.23142183167491345
0,0.3448721568369263
0,0.24081779402921985
1,0.7626183581642997
0,0.7559522101462222
0,0.013215621872147336
0,0.0946582825253461
1,0.48759026111438825
0,0.5032707681128913
0,0.009132638849770426
0,0.024189458627462964
0,0.3901410820449143
0,0.01916904125349615
0,0.9534609156109255
0,0.09844158977798677
0,0.058645096321062185
0,0.011469015633675623
0,0.20466157661612744
0,0.22825155752373566
0,0.0063913646545243
0,0.08050794753303361
0,0.05608320117775285
0,0.1598075911269423
0,0.06816388448939416
0,0.016988812621320175
1,0.8976485179058246
0,0.025401839953990937
0,0.09975932553546667
0,0.02437030653971122
0,0.07650800684822838
0,0.09823673052417047
0,0.18382953146670183
0,0.015737098878170964
0,0.0229422040258848
0,0.3555348129315343
0,0.07398741209522265
0,0.011102068330752913
0,0.10516013761068796
0,0.024343506629357272
0,0.08463922369600177
1,0.8103158713672161
1,0.7527291113609538
0,0.19281132557654398
0,0.8532773285296906
0,0.4207691780349311
0,0.2406426633252272
0,0.0626838210369253
0,0.17063095420039515
0,0.5001434715917571
0,0.17185334625934992
0,0.13308937611485314
0,0.4957292923042097
0,0.45756831578294405
0,0.8919600530154681
1,0.6194945880154658
0,0.08251806197526707
1,0.5129050144477969
0,0.7783276388619229
0,0.8183137963038596
0,0.03235907520792825
0,0.01447913496196528
0,0.28194126348873266
0,0.10299353469367638
0,0.0493151125816309
0,0.10648901906523267
0,0.010528966259750295
1,0.7922264486274069
0,0.8075634675251068
0,0.06364477603317864
0,0.43171959986792824
0,0.0610663940216968
0,0.32311156228644733
0,0.6013083203204049
0,0.7472007287140697
0,0.18560718347345087
0,0.720285690808036
0,0.03160907304487779
0,0.9179252190458486
0,0.43347287173420784
0,0.9497480642973644
0,0.3121570067322214
1,0.8643586763186273
0,0.3727443461648908
0,0.020713136938759796
0,0.3109337213737237
0,0.5646051856671482
0,0.015766798410944055
0,0.6162811651118811
0,0.46923633812939713
0,0.2173556665359287
0,0.8143305162729877
0,0.07914036648380382
0,0.019846051029393796
0,0.07223384559388213
0,0.018520128512773192
0,0.11928108875347901
0,0.010505873947966591
0,0.024210274071028548
0,0.06813740342846872
0,0.023496730145707672
0,0.11961055284035499
0,0.7609819340547506
1,0.869849829788515
0,0.1796807714732459
1,0.6111210370145451
0,0.3207708796943541
0,0.32923824614911695
0,0.3105472284942661
0,0.926346626692783
0,0.17566657503683017
0,0.046866940418920304
0,0.27632766089247673
0,0.2545100946287587
0,0.9009706866839821
0,0.7822454756808475
0,0.32152077388864525
0,0.5424401764208938
0,0.04333728844172914
1,0.8201015151869853
0,0.05404981208918178
0,0.48004319197656065
0,0.15255189736837765
1,0.8203496335011401
0,0.2845616201203158
0,0.25773016469849674
0,0.26759390464081456
1,0.9467878315257257
0,0.6157831154865059
0,0.034586482568911496
0,0.029448132911240665
0,0.569524510633502
0,0.00830189620090282
0,0.7214645713376018
0,0.25115648647089295
0,0.8397008728726996
0,0.634740341694542
0,0.1343642215099946
0,0.5354725206069066
0,0.1505835132280606
0,0.11429382205393888
0,0.879554944907181
0,0.018072878871102323
0,0.01619958773075292
0,0.19322105124073766
0,0.030563081892319714
0,0.09268082085415277
1,0.48478214456684987
0,0.004210607238239472
0,0.40311755717886166
0,0.012220740927410585
0,0.09342086972753369
0,0.10640355377880062
0,0.11068012611189977
0,0.5335850091115403
0,0.8736918753036308
0,0.048715334669498976
0,0.5175805235927524
0,0.5905699740023589
0,0.8534626192753682
0,0.19170855690145547
0,0.438113779702133
0,0.5200319346750439
0,0.5697876726458967
0,0.6938570806718511
0,0.00448741133065268
0,0.1280805230738289
0,0.1313950739754465
0,0.14522505371856598
0,0.23600758983245135
0,0.5215072763078373
0,0.09658776701332254
0,0.2389527029220568
0,0.19606153892595582
0,0.0305634858246219
0,0.34995399369725555
0,0.04864258706520385
0,0.8053806783333681
0,0.7795480201315893
1,0.8222060864848992
0,0.15169432900544347
0,0.2601321969417834
0,0.09451782301090139
0,0.46947812510803705
0,0.08244890334700601
0,0.3576408865335755
0,0.07514474658521547
1,0.8881694296316072
0,0.7125549544367693
1,0.30727771351205496
1,0.9260196741277185
0,0.400728419632496
0,0.1786847148613487
0,0.15209841646662495
0,0.5170477277325711
0,0.36314063804877317
0,0.023482312416344058
0,0.014371204208801874
0,0.15048602082253626
0,0.015517267055082617
0,0.7550179581801117
0,0.8742893206695487
0,0.533939940355598
1,0.24869882741039342
0,0.5876172561423281
0,0.03833082420627356
0,0.09753873095417644
0,0.026773858555871752
1,0.8790468507585473
0,0.13752682959757784
0,0.01423460729175151
0,0.2786129522428741
0,0.47350880831038294
0,0.1802675563593192
1,0.5831814222226035
0,0.2133001754558741
0,0.1142237276600911
0,0.14662575015323423
0,0.19624384730760427
0,0.35544678143638453
0,0.2651788384220298
0,0.13406674335221502
0,0.02186159560690612
0,0.015335228127697317
0,0.12726943617514147
1,0.6314210299528356
0,0.3225303395992303
0,0.5483182620613581
0,0.8957497942095956
0,0.6950290897801777
0,0.6934020885030467
0,0.01321715545967188
0,0.07941498241103151
0,0.9199985963991525
0,0.6578575882971603
0,0.8822597133265728
0,0.0047859977689261556
0,0.42905815676585096
0,0.09948070527248415
0,0.00894758017627537
0,0.01128360158264955
0,0.5025046851491983
0,0.08380887793542276
0,0.05852280789470609
0,0.1038045656106794
0,0.5794218578209722
0,0.8832786216415555
1,0.7650284872811344
0,0.43223179759614583
0,0.19608770094099182
0,0.04435454797663058
0,0.35424942606196863
0,0.18559933157942243
0,0.8198516879192776
1,0.9516683900769716
0,0.009460784874675925
0,0.02849431924642289
0,0.5511088442591728
0,0.6499876516061582
0,0.42843093340953664
0,0.28894731446615274
1,0.725281410393172
0,0.7770538580399479
1,0.8867950195705281
0,0.28090951826855215
0,0.28473068587197736
0,0.02418679057065552
0,0.6848885769038505
0,0.08159066155030896
1,0.7100047406865377
0,0.07792679302858298
0,0.1641031567033632
0,0.013896631937326195
0,0.7254185652167711
0,0.22848696365972188
0,0.04520668508746766
0,0.01955594435803477
0,0.01413872940441059
0,0.3594502605650005
1,0.8377885614884777
0,0.2416997271019227
0,0.27082918695381325
0,0.42058420104128014
0,0.8547911887306788
0,0.39546650717269666
0,0.6233913446652766
0,0.06794471866406465
0,0.08972535301385333
0,0.013412734598393846
0,0.08912350956291426
0,0.1879489143418808
0,0.0364075502183135
0,0.01219902999165855
1,0.8630850926769171
0,0.200711727683193
0,0.01655169895886966
0,0.3391439373988667
0,0.19118674026312343
0,0.2879948268645639
0,0.4060262258830101
1,0.9230658594505781
1,0.5510178354702132
0,0.07999239205989879
0,0.31304447161089377
0,0.26987194231359685
1,0.38555816325350717
0,0.010065113252233708
0,0.7118018103273519
0,0.13161876040292433
0,0.8877996668482807
0,0.2382367244593709
0,0.4686896275829441
1,0.5691088012955733
0,0.07242197908502343
0,0.5172905378907973
1,0.8660069333724364
0,0.8145386524305221
0,0.04275194946174272
0,0.02673349446110627
0,0.1756344707950393
0,0.34026007860788343
0,0.801864596633264
0,0.014092580649361494
1,0.6023634276065967
0,0.4859066866973395
1,0.9254951999931388
0,0.6443946587046223
0,0.4957274552131863
1,0.8996263988046818
0,0.007625220288839068
0,0.06021139449684841
0,0.0699090940281416
0,0.2197144990298673
0,0.37367597179115447
0,0.012615729527038388
0,0.006644356603304055
1,0.7769607820383042
0,0.0117439510857962
0,0.7003691618018592
0,0.4916998959721558
0,0.009141649252396486
0,0.5559676558246088
0,0.027834903936894594
0,0.6648513151967004
0,0.8544388160246453
0,0.13537120095655875
0,0.05322093973464509
1,0.4555205437201607
0,0.07230958801265291
0,0.015695262905190435
0,0.09438549345330398
0,0.09996617474578827
0,0.025753144182730885
1,0.8949828447056077
0,0.08892073543144527
0,0.08658663971770596
0,0.05632432393536581
0,0.27547745640170707
0,0.3883714544324867
0,0.23932631306857904
0,0.7416023696811331
0,0.019552422586211565
0,0.2611599171482464
0,0.06537475035652883
0,0.03428136263129071
1,0.8937540379863981
1,0.9068998909116198
0,0.014589978708853896
0,0.029279128110079336
0,0.6276985762945331
0,0.22434670369427584
1,0.37345495897008973
0,0.1916236336929078
0,0.8135054628249659
0,0.16298982393996772
0,0.24279412635194347
0,0.5032766915985002
1,0.39691592727871744
0,0.904726971308086
0,0.1668069665849562
0,0.23509879947833354
0,0.8466283949964357
1,0.12666637749329981
0,0.007587841514543986
0,0.547235103530357
0,0.11591394119469686
0,0.10273137046056233
0,0.12235397497583848
0,0.6420416980008617
0,0.19585315883024104
0,0.11146566532575958
0,0.3454116951368435
0,0.10628741592533723
0,0.05865123463660267
0,0.6422025091332643
1,0.04349606959704577
0,0.34020816277105326
0,0.7611509269128122
0,0.02596970935387997
1,0.808017244101547
0,0.027947148164736042
0,0.9326036105121331
0,0.2056934558389252
0,0.04602248712531297
0,0.28416376739932087
0,0.44093306522514103
0,0.0075972930538696845
0,0.3350723458324187
0,0.2603920176761006
0,0.50293323455046
0,0.6819510725128202
0,0.08274163728231473
0,0.2622999824208609
0,0.9019513636056433
0,0.41744836722183154
0,0.7397387382604208
0,0.04254378603458025
0,0.10727315508683308
0,0.09187117235848218
0,0.013765833301664341
0,0.059002856999213905
0,0.22188457300727854
0,0.12016632714322188
0,0.6581738774245641
0,0.42394332143841157
0,0.20141747321934567
0,0.29305470118393506
0,0.9024115074546705
0,0.16188971248014142
0,0.08171104358261201
0,0.0897271796691651
0,0.14355760640472512
0,0.0192744229433622
0,0.006416824052422606
0,0.7059365592390301
1,0.9225320451143934
0,0.8384098520608266
1,0.7091272894012657
1,0.9468725259232506
0,0.015408178441933413
0,0.13411805531995885
0,0.09618196155843368
0,0.6596318154258186
0,0.7837856230591337
0,0.29313507910478626
0,0.6320647881628046
0,0.851955774676439
0,0.014138309988752347
0,0.037667841303707345
0,0.11729164389843079
0,0.060834599430659414
0,0.05097830065200484
0,0.35823502622306647
0,0.1858806299858001
0,0.023828434314903297
0,0.7928707491126745
0,0.314168348828533
0,0.16588241992702943
1,0.5567220951506804
0,0.24622581921977282
1,0.9022636080416788
0,0.10042073180834615
0,0.05783113788143307
1,0.605340948489215
1,0.92914916999892
0,0.02600984781279804
0,0.23138799917611258
0,0.12824313973729634
1,0.6643741906317104
0,0.7424580586341255
1,0.8937476747048405
0,0.14821931197996463
1,0.8585365662688274
0,0.004681903636154669
0,0.04087012341585356
0,0.9512224429807071
0,0.03428048193523779
0,0.9369010589390503
0,0.016961151725163232
0,0.2481931204915898
0,0.3029827830031363
0,0.2962481141190592
0,0.009217425172675639
0,0.7068979098784139
0,0.14052521404329119
0,0.05301089246370637
0,0.14292051051904178
0,0.18566539372950677
0,0.017626847586704037
0,0.083149814073489
0,0.7611184933465385
0,0.005858704073022841
0,0.011673187740479546
0,0.2753930113817208
0,0.0364075502183135
1,0.7160884442909597
0,0.7932878855651812
0,0.012937134441896671
0,0.1325144601314722
0,0.8419236736727084
0,0.011510900112418657
0,0.00913850100518143
0,0.5301958916892506
0,0.011788038177472074
0,0.02899397229269312
0,0.07292716050528468
0,0.5072289994821431
0,0.26820684368979164
0,0.09418224257970827
0,0.327224448213066
0,0.24884926621206319
0,0.008789602665825097
0,0.780047831953626
0,0.06843907034564682
0,0.36217242269180083
0,0.7845467616223618
1,0.8457437558828252
0,0.9673579208137636
1,0.6473139063815976
0,0.06849658690821882
0,0.025804754680572743
0,0.23968318606460298
0,0.012856809490627851
0,0.018294695080420253
0,0.437884506966567
0,0.31571351685107424
0,0.16222020298888445
0,0.07613042607334006
0,0.4169695240834133
0,0.2422014542417142
0,0.6326582211063665
0,0.33980225896682525
0,0.27331465596882504
1,0.9335514627793671
0,0.022361264412387578
0,0.5838639101285983
0,0.03172632853888133
0,0.0951777598552534
0,0.01846887610735797
0,0.4498689859603851
0,0.7466449190879028
0,0.7171040473872455
0,0.2161952121619984
0,0.011149818292072233
0,0.49617336488830494
1,0.7833796259978678
0,0.11895679726305086
0,0.851428381488872
0,0.8382232730549918
0,0.2540385787771066
0,0.14335048085691787
0,0.34993805468946365
0,0.8563392164769169
0,0.05743934749347427
0,0.7241618323597588
0,0.08173824437565372
1,0.7977642648784972
0,0.8766049128166702
0,0.24684290541933088
0,0.01652929627876148
0,0.514776608017638
0,0.8472754612752031
0,0.02811141467582909
0,0.026828003372202383
0,0.846171614502114
0,0.007375294074683909
0,0.32671004148362
0,0.2133442290759661
0,0.23603735534769435
0,0.034985307139151475
0,0.4049123680963292
0,0.8022561437026192
0,0.21092552856056096
0,0.41599840524833614
0,0.21398360114304102
1,0.5082511853988594
0,0.8047339057637799
0,0.0244160249069945
1,0.6735912972582038
0,0.6081659287393558
0,0.8604676278223271
0,0.2390616747821214
0,0.2281888427090803
0,0.19047686881788822
0,0.13802152667121484
0,0.0433104447497296
0,0.595901849469789
0,0.14029734419179832
0,0.19809315267265806
0,0.05960805335367185
0,0.3981722265223847
0,0.20751216801483796
0,0.5929335423182498
0,0.02551278856280183
0,0.10460455202405293
0,0.4076196648994159
1,0.6320466046091587
1,0.5377966941852331
0,0.012133144208885003
0,0.04789431083134689
0,0.13198562530029878
0,0.025441786811011887
0,0.6092003346254058
0,0.11502806701845544
0,0.4946998400977071
1,0.6611021838587885
0,0.2774525249959618
0,0.16933839978962212
0,0.011696963312934258
1,0.8886851893334216
0,0.22570032676460972
0,0.8987104029062003
0,0.17315396650779571
0,0.7646540011255386
0,0.003319511561309131
0,0.05473411992794474
0,0.18869073538237563
0,0.2046329609186956
0,0.09468478166468254
1,0.45235546924834563
0,0.31334864591386263
0,0.01585532927902995
0,0.38989435248430443
0,0.9130025936665896
0,0.31521567911937537
0,0.027846863428496578
0,0.06654078788128245
0,0.7543899018763032
0,0.24086679330182467
0,0.005190414699344351
0,0.3106806726385646
1,0.7976652666565833
0,0.2234873633665326
0,0.7215882157985254
0,0.8244579936485424
0,0.44524518184969
0,0.2437796562175643
0,0.005869459422601038
0,0.04698502056217372
0,0.018853394669079152
0,0.029843481200494536
1,0.8176284373416136
0,0.8409130473837119
0,0.00714390472232772
0,0.3425018796229164
0,0.027528396423170565
1,0.9134327510026697
0,0.1464656717235309
0,0.38411560683965984
1,0.2841153989937189
0,0.25870962381750007
0,0.1884649994763919
0,0.09725058783253851
0,0.08608170693969637
0,0.12356109109400128
0,0.5956105191543851
0,0.23839419304303686
0,0.10928322783523906
0,0.12734789885673262
0,0.8676977332022979
0,0.38952922887851127
0,0.0065531103062732386
0,0.10180106440086599
0,0.11863477870995848
0,0.09235406397642724
0,0.17928806106022033
0,0.3034942404987549
0,0.03773770324378653
0,0.012652631363417854
0,0.1922428655645056
0,0.8889169489448933
0,0.013912732341741008
0,0.09481190327692933
0,0.45096430632709456
0,0.3736341335027942
0,0.3293522819756704
0,0.1292647378984274
0,0.015325708798674438
0,0.6971643875266001
0,0.5015426185298689
0,0.38460021054580196
0,0.03649210074022222
0,0.9124557779544017
0,0.019008207245333652
0,0.8051242406179222
0,0.17811455154311273
0,0.11785669035681014
0,0.37656960280655555
0,0.28202200795986454
0,0.33130400191726617
0,0.671945979184369
0,0.7177295800543723
0,0.08668755487349325
0,0.06638134085278288
1,0.8937230264105522
0,0.8408313207660444
0,0.019329954610279844
0,0.15115162522183892
0,0.02264080992427733
0,0.11126396886268115
0,0.26469936386414256
0,0.5889560581454463
0,0.011157100381737698
0,0.3205482220377474
0,0.19289272778255934
0,0.08568755601608301
0,0.2704178856993885
0,0.6845628941410757
0,0.0035087059128301734
1,0.17830442202738242
0,0.05057351735384254
0,0.77079956408695
0,0.607419233868612
0,0.09434890003048174
0,0.7537849788466818
0,0.0703590317733333
0,0.06295253610830244
0,0.03794513975302665
0,0.1868690368190564
0,0.06571911887181708
0,0.7025157872254759
1,0.8218138955953981
0,0.7889709213989311
0,0.5833125242396191
0,0.10804266521270249
0,0.41068891607814817
0,0.013969385011037068
0,0.09869644066969183
0,0.7310171889144383
0,0.1303509970046132
0,0.36253900155318675
0,0.42496916984775085
0,0.005910494300848342
0,0.7604780322239073
0,0.009841008649020077
0,0.02223561958491486
0,0.17722138235131962
1,0.5543182775910027
0,0.269841343770796
0,0.2695498880142944
1,0.5726057354442925
1,0.6953812437144277
0,0.04246411128947929
0,0.8658771078930663
0,0.04480376451233906
0,0.06723249443817313
0,0.44102029494237266
0,0.03987052138211564
0,0.12389463472484967
0,0.411042109702132
0,0.3221274930396632
0,0.07914082134268602
0,0.02111672251754883
0,0.05075500153422361
0,0.7850992257918624
0,0.1169869365200306
0,0.025585887559291018
0,0.009723550682191783
0,0.20047059811923046
0,0.157290563051797
1,0.5014882149249891
0,0.0646540447393407
0,0.46879485436053175
0,0.05001364070838536
0,0.7821622852506263
1,0.7845978081410488
0,0.28925127407032253
0,0.07599175129534921
0,0.5943653980079793
0,0.015352741275811467
0,0.4164174471427166
0,0.14943136374155885
0,0.1628880655901509
0,0.6968384087840677
0,0.3411120827022432
0,0.027377412266995853
0,0.10036400188309835
0,0.1392400682821691
0,0.772917521997718
0,0.2844066751830221
0,0.08351698830315023
1,0.5978619598194423
0,0.21901263451873929
1,0.4716554128711272
0,0.0802517302152418
0,0.7279154194467086
0,0.30068696020090213
0,0.057734704715051315
0,0.012254246259038018
0,0.28328225092985176
0,0.026012240006800677
0,0.011014296402522593
0,0.13309221878396058
1,0.2753080166873188
0,0.015022259469851572
0,0.00765278070366447
0,0.1674320135875806
1,0.779105994841735
0,0.20770873034549442
0,0.037379724749852926
0,0.3215410274161286
0,0.25231670928232186
0,0.9137558774725952
0,0.0027006649558550867
0,0.8589652028496638
0,0.06734513080688405
0,0.07787244130361042
0,0.1659346183478411
0,0.1653090405117747
0,0.026986209925521348
0,0.12166295232403468
0,0.26816998313491497
0,0.7672140604978644
0,0.013595567501554412
0,0.3063912294406519
0,0.17285196040823564
1,0.9217074389775318
0,0.37536314992356623
0,0.0532116691627886
0,0.47904181923675243
0,0.007776705465558385
0,0.838597886370948
0,0.6457528866653536
1,0.8631796130360608
0,0.21423844516122892
0,0.12800964373389132
0,0.11010192791321195
0,0.2690002486531091
0,0.2984944169595477
0,0.05691047987018984
0,0.012310408991337986
0,0.050024837270754394
0,0.023539908798731093
1,0.5843285133063266
1,0.6090647337305775
0,0.5040809724942139
1,0.8992707942914254
0,0.012374382002225468
0,0.005229969991994956
0,0.15546787116000937
0,0.7820801405320646
0,0.23622764460796486
0,0.11922332757037726
0,0.08822546229981966
0,0.1224025130879625
0,0.8034352217271213
0,0.8227697846532392
0,0.20262982711331307
0,0.03350695569702293
0,0.419018032585998
0,0.003976289301608601
0,0.6599625517306194
0,0.0694283189024567
0,0.009630429563649536
0,0.052230820752742706
0,0.18515020919487143
0,0.322422397733226
0,0.7826907530873455
0,0.8608397781967863
0,0.015273413752693496
0,0.7744524371646959
0,0.12395369934956768
0,0.05092260572178834
0,0.5588771840726489
0,0.21818310308948066
0,0.5012387306123984
0,0.788467514342747
0,0.11839175512462051
0,0.9356385833629112
0,0.18597422401133212
0,0.0358149612271966
1,0.5667781755151385
0,0.8784647613380657
0,0.017491068447277276
1,0.5364918811206025
0,0.3305544766090344
0,0.19888493703391322
0,0.21734596111325102
0,0.88653565102798
0,0.2945717536155113
0,0.5283729163811237
0,0.056953121224655505
0,0.7552462450518441
0,0.2898158905643726
0,0.052708271988948806
0,0.8732591890779494
0,0.07645683801893474
0,0.0063721770780590554
0,0.30307320243287533
0,0.051616890443293595
0,0.18479807143132898
1,0.5967022420436747
0,0.15795945903190378
0,0.06821280152393429
0,0.07287482652722906
0,0.05513150863943144
0,0.47506038266835976
0,0.014743748110215464
0,0.800873062589236
0,0.7757192834440441
0,0.6598230266921671
0,0.20340970226008093
1,0.7790716920585935
0,0.05502802837890386
0,0.2650097763938847
0,0.23282856243944489
0,0.6159121379310941
0,0.030374214181224345
0,0.1639397977972296
0,0.15818455363905065
0,0.031237750772004212
0,0.019098223592368572
0,0.24577566983106275
0,0.08636363831513073
0,0.16487938591241227
0,0.032724920070148954
0,0.2653858031072226
0,0.056933280362184736
0,0.021571047777181374
0,0.44611540571318686
0,0.05367344834952358
0,0.07644900522219829
0,0.07772157149981043
1,0.45058252051822223
0,0.8233551465515005
1,0.9178999470599604
0,0.3910701380592302
0,0.3421828847567208
0,0.010345513403388056
0,0.3010741873046062
0,0.1717409596410722
0,0.0056721750540924334
0,0.7945244090293021
0,0.0922906953899933
1,0.6812320519746493
0,0.1386500406897905
0,0.16242703934524602
0,0.0233687084064194
0,0.3530440530296056
0,0.1571550256476313
0,0.40214758398787287
0,0.051695962640259614
0,0.718210624781092
0,0.20818881535709602
1,0.45822194557399276
0,0.13054648216702
0,0.12254572778807322
0,0.06528463792081123
0,0.22632157968643185
1,0.8154980470926152
0,0.07034851856085504
0,0.47830464838581055
0,0.12381129285895921
0,0.5493779981022807
0,0.16899095951593596
0,0.04073108265737079
0,0.14898170576214806
0,0.33755498040911236
0,0.0064114509385962155
0,0.03638406472435957
0,0.4766144528598268
0,0.43069856110996824
0,0.7272941063197951
0,0.37218801793792
0,0.28475042244811877
0,0.7448794039365033
0,0.009025489436395712
0,0.22000182684359537
0,0.6434555963175483
0,0.01024047749875822
0,0.005244380692539416
1,0.6686272328001592
0,0.7323997634139177
0,0.06119245617324086
0,0.4634340243450699
0,0.3122813851283999
0,0.08763950315895645
0,0.4076962017983299
0,0.04984005290831607
0,0.17207792708605157
0,0.07325904303815708
0,0.017590751103648876
0,0.48648606949356393
0,0.12187468726707265
1,0.6628579136492798
0,0.11751341222954843
0,0.4903829317925927
0,0.7189626268710535
0,0.20640019185884548
0,0.2157480187146869
1,0.9031160865705493
0,0.8940441462956946
0,0.13270467749000847
0,0.09518748654650869
0,0.46024915475759565
1,0.9181431359688375
0,0.5890215183980024
0,0.6197377189863971
0,0.47163537467420313
0,0.0824976262207527
0,0.09932539974337792
0,0.17293064518015505
0,0.424542508322497
0,0.2522615848165905
0,0.6810307100970375
0,0.16491123886630965
0,0.7256650149066545
0,0.8616878276062871
0,0.20049532735374223
0,0.35794863096648566
0,0.7549372690860453
0,0.09563714623377695
0,0.4155485150455302
0,0.07700301472355692
0,0.09845518165492302
1,0.9431236185928759
0,0.04369168136340578
0,0.6499315475813786
0,0.06482778575077718
0,0.3865537520567713
0,0.4838584499152929
0,0.24386294192101196
1,0.4725388605697932
0,0.0461820258656081
0,0.006070572749448306
0,0.45806743151895096
0,0.06120553286923524
1,0.46973015126255063
0,0.2958803008303978
0,0.0910595805684809
0,0.4958951317857541
0,0.2646816310810675
0,0.051237055215599334
0,0.33783455265581014
0,0.037788377086091736
0,0.1511995525115851
0,0.05807463711368441
0,0.027175386722206814
1,0.13728713221837793
0,0.2647312226849779
0,0.38715008441469895
0,0.04196748738708143
0,0.09660752165539596
0,0.09194936514949006
0,0.39939037783238807
0,0.03830567133661512
0,0.49985599170173695
1,0.527562155170386
0,0.4689830180269856
0,0.06490992573108921
0,0.3344564814691896
0,0.003959518994321565
0,0.8207138597961802
0,0.24467129072790086
0,0.13590938466991306
0,0.4856057075650447
0,0.361233619204184
0,0.3595642067060096
0,0.34319207182388706
0,0.0293813655398355
0,0.014396968140831615
0,0.49976303671591804
0,0.041105711059267844
0,0.06411069943137827
1,0.5166394807887165
0,0.06185288273723776
0,0.1028546911885056
0,0.6238469438979669
0,0.7193947722845246
0,0.05150433964622419
0,0.027495929103654046
0,0.17254075453879777
0,0.029804147950044747
0,0.01062927036574443
0,0.4357652264211906
0,0.38544008769203947
0,0.013458279487477305
0,0.3804354946833399
0,0.07932075887037329
1,0.582938717352769
0,0.07444679347500217
0,0.11131608791640271
0,0.6875357829876079
0,0.8788652068652288
0,0.3597406359297365
0,0.4031322143380088
0,0.4638281791949008
0,0.10259521328498812
0,0.23166797645549259
0,0.8667399489447078
0,0.059999793734368596
0,0.27042666583290376
0,0.30608418889898675
0,0.01908740778753428
0,0.03033199428977332
0,0.4078926816230457
0,0.0979054255933786
0,0.012674466664255955
0,0.12466762440950074
0,0.538466991889013
0,0.11165378793304997
0,0.12226456786595649
0,0.15565298585085932
0,0.8142726687341129
0,0.28557087789671787
0,0.4436942010734978
0,0.20229968604953905
0,0.2229269879858897
0,0.26086641548786366
0,0.1078882901043379
0,0.7687126723936903
0,0.831479276148096
1,0.8658787854051303
0,0.09280107385592215
0,0.07852522607158911
1,0.6312320245746849
1,0.8989999543281466
0,0.6148845108732292
1,0.9194449194774824
0,0.9022697584465952
0,0.3600014275735374
0,0.5341166718436595
0,0.18477118471827503
0,0.0393246422376619
0,0.15246175194227118
0,0.007496559198743612
1,0.6940784502969521
0,0.018934289859652644
0,0.030756043371551852
0,0.6664225566039581
1,0.4170404191707621
0,0.7362688773649888
0,0.39672077055754384
0,0.8681101527215274
1,0.5313682536697484
0,0.8174542293532275
0,0.9024500786593868
0,0.7269227055406816
0,0.128986592447556
0,0.07186334039299327
0,0.2129763899019801
0,0.07200688126035364
0,0.8847248486698157
0,0.3199839424554684
1,0.8407849887259113
0,0.09883118281268928
0,0.26143722182134865
0,0.6560805063618301
0,0.0825469277683362
0,0.6632406268935063
0,0.06853516346894457
0,0.8426593822954005
0,0.26773903552615025
0,0.026397097173388354
0,0.04627786299207485
0,0.67101602186168
1,0.9208711349233468
0,0.26058468309529587
0,0.41159955802607
0,0.4208138139368337
0,0.14946014081565356
0,0.5803917278796201
0,0.06530713811885816
0,0.15463198217299828
0,0.43228651597047646
0,0.5678162169437475
0,0.18252415016844672
0,0.12225579765983242
0,0.24180865247390332
0,0.028446291448973586
0,0.8066256452912152
0,0.8535311652679141
0,0.15798824404073825
0,0.5066648249838548
1,0.4441819843701817
0,0.07059245626571133
0,0.47034370875575227
0,0.8897300077488215
0,0.049482242916266544
0,0.31495768942164964
0,0.6606484040645453
0,0.9319043231988028
0,0.39546650717269666
0,0.0380009719400109
0,0.49927711015188053
0,0.18086718580026567
0,0.4703315015951312
0,0.7462515389756196
0,0.0432251698796744
0,0.007361855685006202
0,0.0078007765051801925
0,0.20742908296215465
0,0.028982969968164362
0,0.5281895304200364
0,0.26495982977017
0,0.09110959152112508
1,0.49117850648365896
0,0.5538974130029498
0,0.48837892326614213
0,0.770632089304866
0,0.2574606291840193
1,0.701988254019802
0,0.284545047506903
0,0.022289647117568687
0,0.06084048388552618
0,0.26958477547748183
1,0.398957995986867
0,0.20097745978462878
0,0.008727736101436678
0,0.2828543182621722
0,0.3995862802126656
0,0.06600395406663134
0,0.23324844533408826
0,0.7819964933983459
0,0.689704007140548
1,0.6869196312689865
0,0.3110938664344929
0,0.09236686037233126
0,0.024935586755867056
0,0.05872360685537555
0,0.8568148396034093
0,0.11089077883908671
1,0.6543188855797955
0,0.24529602057148198
0,0.02648120365532638
1,0.3313077677957018
0,0.1422787064834618
0,0.6658895369762025
1,0.9125862290552023
0,0.8392339517415566
0,0.10254372561947571
0,0.11343455773199673
1,0.5797685971373905
0,0.03189441698728452
0,0.9247316454153746
0,0.7362953430867514
0,0.05900048282246548
1,0.7291985412775379
0,0.15195624378145003
0,0.7602187500087869
0,0.12786506190127592
0,0.10500810016846195
1,0.40109055480034744
0,0.5642781269566965
0,0.7220486664158373
0,0.6958242277399591
0,0.22996019182993335
0,0.40965335781025164
0,0.8562775246952442
0,0.19490472972212744
0,0.861231083418727
0,0.018693681564842596
0,0.39636238198844115
0,0.09643170887125385
0,0.1632194580343649
0,0.36423113054920714
0,0.07417440675089085
0,0.6073973581169142
0,0.17755334320092173
0,0.761349579596249
0,0.10028957301119161
0,0.3833553074215308
0,0.08577845441637698
0,0.515721709074109
1,0.3156386118902783
0,0.5986153324067468
1,0.833156747353417
0,0.19431639184982383
0,0.524979640079509
0,0.4144685659052541
0,0.018992686081728334
1,0.6738723679770319
0,0.6320168028974271
0,0.4203762053408529
0,0.01840568146930671
0,0.06584631420043266
0,0.5621417836650573
0,0.056136599420850065
0,0.24347457748670348
0,0.009517172361416935
0,0.20245534981935637
0,0.4614872505505709
0,0.5358656744066151
0,0.5470886916401356
0,0.19207904793670022
0,0.018326821364624022
0,0.935360509774761
0,0.5564636516884477
0,0.13832722185759713
0,0.004996574218114874
0,0.44957662800582376
0,0.20295048505101784
0,0.19109264699760767
0,0.012545608072448467
0,0.7488734653650038
0,0.913014922986911
0,0.412390185478851
0,0.17525828283972197
0,0.8834953306943953
0,0.055013046935994604
0,0.11908555563684708
0,0.058589712744427654
0,0.09063702346022813
0,0.004461921229433688
0,0.13213737139687504
0,0.49228690650855383
0,0.01069520787211822
0,0.9167532197038879
0,0.20916071743042572
0,0.03652076277909534
0,0.8399951831059284
1,0.48145794653024815
0,0.6027461146912328
0,0.06616728160409951
0,0.07132936272852618
0,0.20247921048349635
0,0.5784365601269406
0,0.5702917130113474
0,0.27412995043571214
0,0.23424918347092552
0,0.6334410067775429
1,0.8024208829654991
0,0.832313110977205
0,0.376434517504949
0,0.48915883325278997
0,0.5195704669613688
0,0.1413682739730612
0,0.3327577424780156
0,0.05458287319807738
0,0.16893697084918075
0,0.003958908855720554
0,0.34912279450438344
0,0.33192093504424214
0,0.01914074054897689
0,0.5811324494618854
0,0.6721379699836645
0,0.03731545418096381
1,0.7652870704675192
0,0.5737030004613212
0,0.5889731895312763
1,0.6985067285514647
0,0.1948771680605644
0,0.4039522827495272
0,0.004781157233503715
0,0.9292695502406083
0,0.9009114457208561
0,0.3255250578672077
0,0.5682486070204495
0,0.007230269310409889
0,0.43649990496448027
0,0.00969423281725222
0,0.6349282552609986
0,0.08151284231889332
0,0.6550282978246013
0,0.44567046400875315
0,0.5714665127172562
0,0.5422177558910191
0,0.013608988761052428
0,0.027740017206054127
0,0.8163509288447386
0,0.07637621370369337
0,0.046343738082136106
0,0.31526958133125194
1,0.17037245265139017
0,0.20029732562579328
0,0.0609853240868866
0,0.1869596203378888
0,0.021968969277065736
0,0.07466969677172082
0,0.06167004024106858
0,0.6125919720363764
0,0.0824535304280149
0,0.2475756489172682
0,0.07413337342042702
0,0.12280549779038534
0,0.7842388689013235
0,0.5131580544459383
0,0.1900328467195621
0,0.3093881038723238
0,0.2645609076227127
0,0.025705886666636563
0,0.18080984242807696
0,0.9255316792428486
0,0.5067865867221296
1,0.3531642586154598
0,0.7748498415484176
0,0.7648115685691126
0,0.7565973797348964
0,0.02739489129578005
0,0.0024272121346888566
0,0.013921757461945301
0,0.8691820384427771
0,0.03639012622435051
0,0.011905809267023828
0,0.1833455981162947
0,0.1967776604752122
0,0.14236978862699853
0,0.9148616807455652
1,0.6614474710149714
0,0.02299367038523096
1,0.9752872257936771
0,0.43922427202541553
0,0.43283424117739544
0,0.08420974706639739
0,0.09904248214072658
0,0.5653644580221238
0,0.011933779975198356
0,0.5381698685057704
0,0.029989584978598823
0,0.12026362993679592
0,0.26659621542318535
0,0.02179493114460045
0,0.025260938779536436
0,0.13176856697375072
0,0.03784895159044966
0,0.02252590433943918
0,0.06838741164284688
0,0.024693901172419562
0,0.6809737819573727
0,0.28143190625081416
1,0.2925864664177483
0,0.36488606085033487
0,0.16413435534563933
0,0.13760131143911578
0,0.3810019387347901
0,0.5386691912981562
0,0.7610783340799837
0,0.09469940699406323
0,0.3738869783681622
0,0.7402430004956172
0,0.07493596115937513
0,0.06015577507810084
0,0.8699261702807926
0,0.15767941102733854
0,0.5972445566437541
0,0.04900818743530842
0,0.020649840439080937
0,0.5848917283595619
0,0.0869134719417172
0,0.2158152189698693
0,0.046203408150693896
0,0.022685353922184463
0,0.2214387230836234
0,0.08989933461355064
1,0.3063157753254801
0,0.020071351592425887
0,0.012347061238843582
0,0.07067014275979458
0,0.05716051898805598
0,0.011653270427749125
0,0.0729493479193041
0,0.8658047656272972
1,0.6668211345622947
0,0.7274222022520798
0,0.2715789158934647
0,0.3788972716247064
0,0.8660978503484182
0,0.029209295580125614
0,0.40264314239836024
1,0.5015190445880686
0,0.016114552874236764
0,0.0836233180969768
0,0.03605830938781192
0,0.004320909830629981
1,0.6705515295825346
0,0.7710667638669197
0,0.09451217979825881
0,0.0825885846484514
0,0.16277411478612602
1,0.8217019133331851
0,0.3350841391484415
0,0.05026861046202786
0,0.3054740353584784
0,0.05647585306269684
0,0.03031086079089265
0,0.36327273981668495
0,0.019204509297395537
0,0.1579028927767066
0,0.14721150134600938
0,0.009503666041853449
0,0.5353634191979507
0,0.03637001852444888
0,0.44876483062736355
0,0.500831205920978
0,0.013151088754592387
0,0.6060041314431016
0,0.11391232592017485
0,0.61676819832866
0,0.33754217088611554
0,0.18821637351342538
0,0.2638519550019526
0,0.17181808432212906
0,0.059576373747481065
0,0.44017886750803864
0,0.25267839180809437
0,0.1096056286755871
1,0.6044797717497591
0,0.048249757647128244
0,0.38598256329674285
0,0.13226196394780435
0,0.45024120093486947
0,0.35883315086191786
0,0.006637694121270686
0,0.7852632982623161
0,0.24079702477232648
0,0.8155137902806411
0,0.011186368660442241
0,0.3209102472590951
0,0.86603442563349
1,0.4669787558006644
1,0.6268966634784223
0,0.018496076901505155
0,0.014163587383134817
0,0.06880463371806328
0,0.9330843817507409
0,0.01061944099173491
0,0.22400570592781102
0,0.13243054989748743
0,0.2703035496457132
0,0.058080455839159474
1,0.879058847053411
0,0.015071598209328164
0,0.10185727094529815
0,0.04196759419376989
0,0.0234314220361926
0,0.06366278725548
0,0.7869008770402
0,0.4552041008703883
0,0.08488827860459632
0,0.06141101654061877
0,0.0100298606934733
0,0.7993114513610904
0,0.1319813490320554
0,0.6874897572022164
0,0.12318707674064457
0,0.33183280086798256
0,0.4279036087597753
0,0.13080820352087094
0,0.7430966195632235
0,0.3742878701373222
0,0.28121665015012703
0,0.5066979808686198
0,0.5727421758021349
0,0.16449646250398717
0,0.0039500838136644085
0,0.5235456882677354
0,0.046783287020347994
1,0.6440096606124676
0,0.525513135188237
1,0.8873166086400939
0,0.07411907100090624
0,0.3238362296757331
0,0.057945249075954
0,0.03656076408068828
1,0.7102657363842273
0,0.024272907291337645
0,0.20348983206541846
0,0.04002192574505007
0,0.6218884171603533
1,0.7037790277612705
0,0.4319568038111638
0,0.40535585515741585
0,0.05750185343298772
1,0.8167589282533101
0,0.30407181931560606
0,0.09353734292686522
0,0.7083783222489346
0,0.508230397567655
0,0.16726237001903005
0,0.37317161884163425
1,0.815850302698066
0,0.6119568492126147
1,0.2553155815100893
0,0.6867234629906981
0,0.5570527902211083
0,0.44845733749951633
0,0.04832936318765787
0,0.03194459305232887
0,0.05338853947209901
0,0.03742908106697867
0,0.2576758975622495
0,0.0770653194436138
0,0.5667807426732848
0,0.5685522563151595
0,0.05453215057865033
0,0.018945673049472835
0,0.91719809621766
1,0.4467553052006866
0,0.9152243590638987
0,0.1324608485724965
0,0.17425780468349092
0,0.5297789800019119
0,0.2914130128376814
0,0.2940260392101136
1,0.13222727119697278
0,0.4002249290234913
0,0.08644547070394762
0,0.011265348362118776
0,0.016747688559517106
0,0.39914762367166856
0,0.9378113968068541
1,0.910921185732612
0,0.16252232644782597
0,0.0040020386726398365
0,0.7138937662083648
0,0.7120127234282309
0,0.015653974001216577
0,0.19114982540832004
0,0.06005825864017485
0,0.8880993077015289
0,0.03380152381727488
0,0.7604664788747559
0,0.1202125430791623
0,0.4165183013014266
0,0.8770588313506963
0,0.1742647564203305
0,0.005538480858419292
0,0.0025275008881583275
0,0.12052310703822341
0,0.9051197656770394
0,0.7167805916796309
0,0.7491825550594662
0,0.4147235847386451
0,0.43171959986792824
0,0.1795100177313026
1,0.9272747897410903
0,0.7389661189006853
0,0.048225376503517034
0,0.14267513706949544
0,0.02330171556753693
0,0.33136564798258716
0,0.05733431427509566
0,0.25922321926120534
0,0.04154677043640581
0,0.15767425443685992
0,0.059772799560276035
0,0.42108858386286013
0,0.0703532119323088
0,0.7045855478332729
0,0.18966704018108604
0,0.03754806612520064
0,0.1573293281657666
0,0.1787021962037673
0,0.2823490405260111
0,0.6260511565096802
0,0.8339371863970776
0,0.5591197680326288
0,0.7102811717162711
0,0.025304189350056572
1,0.5021833600965072
1,0.6023048206408652
0,0.004743461760398852
0,0.5531315609798858
0,0.9560306707268961
0,0.019424763613692445
0,0.2078016417467685
0,0.2920353908862105
0,0.8451701553009593
0,0.7649323877243629
0,0.052656449470564096
0,0.267174974945136
0,0.07118124877350056
0,0.3782256710960257
0,0.1607089105387323
1,0.897835507632789
0,0.10781091303910224
0,0.25060476370219903
0,0.1135360326427695
0,0.3025190675131194
0,0.01589231157440208
0,0.004087165113691536
0,0.13165025076015113
0,0.04047755750516763
0,0.04843966402071037
0,0.2085810108656591
0,0.40229200929363684
1,0.7232490025539327
0,0.18857032923127653
0,0.28991645215575174
0,0.14518848719789426
0,0.01946205773611922
0,0.0026303140286106116
0,0.05955072326052291
0,0.2588735018199978
0,0.04097084947160414
0,0.6251543812986566
0,0.3584295122919496
0,0.039018474627023424
1,0.8579484896369626
0,0.1665707087253433
0,0.03514195694085259
0,0.10254732700852336
0,0.3707121985444671
0,0.828017891227689
0,0.14504275575225872
0,0.19671802736329644
1,0.5477531251585955
0,0.12716373490007146
0,0.1844590144370525
0,0.2974338493792771
0,0.11895866508052672
0,0.5096531330892956
0,0.036616856793106146
0,0.02226977811629609
0,0.039224427403447726
0,0.2285188905808204
0,0.11627624133466541
0,0.07816765488160611
0,0.23312324273595583
0,0.13232298292543976
0,0.6895126665283104
0,0.14137564001460942
0,0.8664125996246359
0,0.29896283629113024
1,0.8546875939116538
0,0.28748191512484683
0,0.18089381039941785
0,0.1961052415233173
0,0.002983725741745757
0,0.14642750099393356
0,0.5144545449798104
0,0.3424217455172811
0,0.014318880361549519
0,0.604776920667446
0,0.20183730233157887
0,0.4078073683803222
0,0.038819186343998946
0,0.03717571071196172
0,0.6010011117775742
0,0.8784327465973155
0,0.11095349649671864
0,0.32462692584720193
0,0.05989389266353236
0,0.14119273512479133
0,0.44561409176810846
0,0.30275077115422533
0,0.22427927288538554
0,0.8830949996510092
0,0.04310979408881217
0,0.05698852899995962
0,0.01803895627910437
0,0.8594487295053679
0,0.46792662086305203
0,0.00879724453948033
0,0.04037361004494476
0,0.2728050950693975
0,0.730092226746969
0,0.09118516225728324
0,0.01796405533030438
0,0.00837032672251343
0,0.5391623272863364
1,0.7814676172821128
0,0.4191529643134411
0,0.6850586996931347
1,0.8000669161436657
0,0.03888544636994227
0,0.04687443368065517
0,0.09775807424630362
0,0.3473861682088892
0,0.015411604789673437
0,0.34780457877236687
0,0.5640708003188486
0,0.04055039109117277
0,0.45439291903136964
0,0.046810350500657134
0,0.2596801115955852
0,0.4235888913025486
0,0.7650443135814969
0,0.8159005610504072
0,0.2337912502141967
1,0.5102210347466715
0,0.18099597557090288
0,0.11965695478295463
0,0.8592074279356691
0,0.4097871578375297
0,0.06244583982217238
0,0.24479955753698263
0,0.06088627050181333
1,0.9269590987123275
1,0.6056178758075815
0,0.3132176285778366
0,0.6091165141625947
0,0.5346957317964539
1,0.8280909024060006
0,0.30760262238753344
0,0.1589019621376113
0,0.03759751747259157
0,0.5132751991017803
1,0.8251455602317207
0,0.6026600221893699
0,0.5826298929934844
0,0.2035613897024414
0,0.013375638448579398
0,0.3610304921916405
0,0.15450538165206054
0,0.057314683511101194
0,0.2429634997796607
0,0.040891488893188076
0,0.23006451407034342
0,0.7085843813026484
0,0.005684271632913916
0,0.6118056945755365
0,0.22095164882730603
0,0.090662696488787
0,0.08759388450681732
1,0.9267977839296241
0,0.3068028380555348
0,0.13835616499663814
0,0.33896931902220107
0,0.8847804339661203
0,0.2064333456702794
0,0.3237014880656088
0,0.4058202808047123
0,0.03229033215720644
0,0.8097686270905224
0,0.5248124552721208
0,0.1634102004244004
0,0.03830980315524427
0,0.1698925782257849
0,0.3520025169514183
0,0.7624821229664472
0,0.070943780295708
0,0.10267624224084908
0,0.009244772251977671
0,0.08294790024420864
0,0.6266735046362666
0,0.7681510944654445
0,0.47143506310086647
0,0.7459570853371927
0,0.15823075274224224
0,0.21225521145197243
0,0.7458775803263445
0,0.28610846217886793
0,0.31476554009079233
1,0.9471841497674399
0,0.06124049781133682
0,0.13636081579375417
0,0.08648752411395848
0,0.8289877230656953
0,0.16733729245505974
0,0.6897530380136258
0,0.1098479940067255
0,0.14744916889630963
0,0.6181166648478355
0,0.8447038570679746
0,0.5305506385273624
0,0.017475508294677755
0,0.7218403779502394
0,0.21308506186438114
0,0.24566933815054057
0,0.037023677417549014
0,0.3640280680968126
0,0.08948148038771964
0,0.31857706997583385
1,0.45778199050949886
0,0.3064284706040741
0,0.7533120947049495
0,0.7739369693201964
1,0.7724505990391187
0,0.8520603706690879
0,0.13825117490581984
1,0.8108824222466547
0,0.1554977462495083
0,0.5547404165544602
0,0.016153787122683835
1,0.8916777851227438
0,0.04205938029686904
0,0.024411518567274297
0,0.15466340787806077
0,0.021292948024100224
0,0.8335067840061522
0,0.5874884826064996
0,0.07174589592197739
0,0.7732175243483568
0,0.43386919975114846
0,0.15831340126947904
1,0.7078239208012235
0,0.19542288770291869
1,0.24118264654382834
0,0.7256888164905171
0,0.16487922993805856
0,0.033603574021600635
0,0.6926257236866853
0,0.5623214186589343
0,0.3987541434158786
0,0.7725372876496142
0,0.7818437787309617
0,0.5803914630786744
0,0.85260180334009
0,0.22515802842713842
0,0.4977019035588173
0,0.6590918217522082
0,0.017643507380361002
0,0.4373826219328913
1,0.5934953739560516
1,0.6955269008035181
0,0.1576182047000851
1,0.920737741976897
0,0.0747860212086121
1,0.9241255497813051
0,0.0786851240686935
0,0.14510991254929795
0,0.2760457513497718
0,0.16034071886758797
0,0.19695673444964606
1,0.545784953662984
0,0.8343041087486336
0,0.04427865886605066
0,0.03269282394339751
0,0.8876987546608484
0,0.06342000752367224
0,0.462779481626697
0,0.7886328057757483
0,0.6827759514053479
0,0.906760275068669
0,0.3017394797409707
0,0.4559287693358573
0,0.6890919310005128
0,0.4046947431757656
0,0.21781866313347512
0,0.02146477576797152
0,0.00894889432542381
0,0.7318542876124435
1,0.9095871623253946
0,0.19887213461323475
0,0.26841655627278654
0,0.0031557709917529628
0,0.00849862736608194
0,0.25756257800706595
0,0.23078865834941067
0,0.4378519598088262
0,0.3158865620970741
1,0.9359589125750236
0,0.014701140013597342
0,0.5412416670799938
0,0.6318254170001568
0,0.06695302711052684
0,0.7708867289009684
0,0.013740846519874138
0,0.41663313069359253
0,0.7589679292080134
0,0.012515552763857275
0,0.8328002578849103
0,0.00504128426459253
0,0.1024736413889936
1,0.9341893030273618
0,0.6682862887160543
0,0.008085443010003477
0,0.2607049248737059
0,0.08143565088976573
0,0.43727695793910265
0,0.43328636429266715
0,0.5829785059671928
0,0.14015717780459488
0,0.4817759819911892
0,0.9037339876815869
0,0.1462178404654185
0,0.23608724407670192
1,0.8495828558484734
0,0.0357958312411218
0,0.009313350233824588
0,0.4675072058406902
0,0.8480582359709922
0,0.748850951221306
0,0.09541446625005336
0,0.8436617085832173
0,0.5472903722035601
0,0.016213126833056073
0,0.19505535371645452
0,0.12475701941629162
0,0.1893028648197616
0,0.050024837270754394
0,0.9087474689526074
0,0.8332341096168948
0,0.12061648601565955
0,0.5701461104067697
0,0.142591250980691
0,0.09061360803635654
0,0.2386340984950552
0,0.9090906452714311
0,0.1406646752483355
1,0.8964481950720073
0,0.2824434949225763
1,0.6729919890798607
0,0.4835662202509261
0,0.012298416209901027
0,0.4854027540774361
0,0.21350115629424124
0,0.7431126208852897
0,0.44407410229414057
1,0.5049033674079739
0,0.012007549593964426
0,0.07079789871658947
0,0.6716235617937069
0,0.5028374813208156
0,0.4124261745226009
0,0.5319703971281788
0,0.26418915887834143
0,0.08506051505978679
0,0.8573623091641419
0,0.3921690511613092
0,0.5336664614278807
0,0.15535208164777625
0,0.06189257729014593
0,0.30536476102390053
0,0.17617756816492156
0,0.29495294846578995
0,0.6341643513611402
0,0.4358303219940217
0,0.8033975416826515
0,0.6777967690476744
0,0.1240494776340897
0,0.05299557179497336
0,0.4064389576480139
0,0.0139048389686776
0,0.10192480322558094
1,0.792863713172974
0,0.47385654715271475
0,0.18446066128887198
0,0.010797374159861805
0,0.6042961229563115
0,0.061435265190431215
0,0.04969934041786112
1,0.9309899579540827
0,0.21565739983943572
0,0.5119312691407832
0,0.5434465998850473
0,0.0715626733735175
0,0.042406979752823565
0,0.15736092086468262
0,0.007964268862401659
0,0.21762578965031545
0,0.013064184317706095
0,0.17411337196258994
0,0.1932161083562208
0,0.8648725241549676
0,0.41333280573085995
0,0.7930475068079481
0,0.5270999604324459
0,0.003185326628090224
0,0.013098876846518375
1,0.6908474243465706
0,0.8381668234992631
0,0.8757668774919765
0,0.5023646406909459
0,0.12125764578458814
0,0.08248257633279048
0,0.017769051285605218
0,0.07241465241799319
0,0.49746033348859
0,0.46076640008562214
0,0.6244757262873831
0,0.17410719843796155
0,0.06603869923750698
0,0.22563811577943266
0,0.05418393193864706
0,0.03735853836395187
0,0.40116623837756316
0,0.12173305215409105
0,0.39527512350797434
0,0.1408545567485277
0,0.1840309040699844
1,0.8758039499696643
1,0.6622274400707762
0,0.19219807191556976
0,0.37886623648262624
0,0.27689283478219234
0,0.18820914467399807
0,0.83029627829439
0,0.02318215306755506
0,0.7861448799465999
0,0.272459344373832
0,0.0349386470716888
0,0.31538743929033497
0,0.7870464608266488
0,0.4212968031093572
0,0.08617474285526991
0,0.521524390797848
0,0.3696566137595862
1,0.9609109879523724
0,0.0438251484373365
0,0.008047007738981721
0,0.5745158239041821
0,0.2654398697415906
0,0.4022180658331273
0,0.8998454840368147
0,0.6033666436748764
0,0.04947510070389017
0,0.32189040235913835
0,0.77198192539757
0,0.02210721729257077
0,0.5286400602759961
0,0.26882534540681646
0,0.6530193901832803
0,0.12220222433353506
0,0.012043176261554737
0,0.0049937386581083675
0,0.008777121090911628
0,0.038063433858231896
0,0.547802571282405
0,0.007082412790780853
0,0.17787776495207652
0,0.21820580483997615
0,0.053698651292710106
0,0.1693618910605696
0,0.06853878257651508
0,0.7754162797285329
0,0.046637073272460985
0,0.06904417399022805
0,0.517717610871551
1,0.803118350822874
0,0.007606461518335854
1,0.7111000077593617
0,0.04086612334279864
0,0.5335166956739675
0,0.10407599368112727
0,0.031620026843095596
0,0.7723899207750126
0,0.3801553178498316
0,0.09682014413889443
0,0.36989542559888816
1,0.8656553307559005
0,0.8744539219813393
0,0.5062339717782434
0,0.6691817836826144
1,0.6081476843489078
0,0.5298609023979849
0,0.7528344085645022
0,0.037091516914734016
0,0.11595376969752437
0,0.7203781782066063
0,0.2531087242517498
0,0.03958625619033781
0,0.03981794416001897
0,0.24963126706297292
0,0.13976807403050331
0,0.8301128139669463
0,0.9575003293797305
0,0.2852287064889803
0,0.04748784553979532
0,0.06796017257507826
0,0.08843842734576222
0,0.02226977811629609
0,0.02831903823583841
0,0.006993518650216118
0,0.13140704504344647
1,0.3117801945820299
1,0.8068025679355203
0,0.14381614199646336
0,0.6282950501084563
0,0.3686253372656691
0,0.05530724998135194
0,0.42967230981715065
0,0.024883604560095664
0,0.788812201306908
0,0.7125545111155042
1,0.9255529687831967
0,0.7805379560317297
0,0.2798586179606274
0,0.8239091146960517
0,0.014563519608759477
0,0.42295973023082106
0,0.09298050514133148
0,0.10605006312712074
0,0.6850480357831535
0,0.010112902914543547
0,0.0057090713855586315
0,0.02220908221181631
0,0.4897218591201502
0,0.1442672446500539
0,0.25771684752071944
0,0.15930379467472358
0,0.30820421938462844
0,0.21826714616056092
0,0.8422310934195291
0,0.08825993956786776
0,0.6559156275127247
0,0.07177662908283414
0,0.48724401112436144
0,0.08169103524442202
0,0.1340514395063997
0,0.14727534937421435
0,0.08282247714176344
0,0.21228769185570187
0,0.3918033278495714
0,0.03501256052900403
0,0.11798312968901999
0,0.3891583813640505
0,0.7029353268527678
0,0.6416108398241668
0,0.004648961739260759
0,0.3349310012170169
0,0.4115846069977658
1,0.5763558251093522
0,0.1967596515621755
1,0.9472739168118831
0,0.8021366318490326
0,0.09548748311027198
0,0.35660803740507574
0,0.29047969073387414
0,0.01040708432252001
0,0.7069278895423856
0,0.05087705276939748
1,0.8214654494809429
0,0.10008754673782719
0,0.7762996066918783
0,0.19433553912913085
0,0.01806691030692074
0,0.1384169365912566
0,0.8190726629614105
0,0.03935649190843242
0,0.09631116015945011
0,0.31867858925631276
1,0.7450223824571096
0,0.5936342119694213
0,0.05739025597718423
1,0.825882692247833
1,0.9493716501038879
0,0.7208365334226721
0,0.11912282449153853
0,0.16879371490086753
0,0.13811029120925292
0,0.5998922555884627
0,0.0099760261810279
0,0.07902236783029253
0,0.059438731271673095
0,0.8331964330671396
0,0.3110271248486507
0,0.013074081997299704
0,0.024437540720319006
0,0.9332328334083504
0,0.011608374918262755
0,0.09353709986854722
0,0.20165637700058586
0,0.17119245282420026
0,0.008065655306690716
0,0.30393762050263673
0,0.0240610610435686
0,0.8958380103730872
0,0.31077559036132096
0,0.27655214224261504
0,0.14378962447554983
0,0.20927329088490385
0,0.052367926193333386
0,0.18072607132867763
0,0.23971324076539693
0,0.058049737730901274
0,0.15223600315081035
0,0.06856876903934937
1,0.9748490002178676
0,0.8302998822285287
0,0.13194233941344718
1,0.9439244875625099
0,0.5271921998017031
1,0.855474445248063
0,0.10214343526136457
0,0.18653279105053963
0,0.5615385067066534
0,0.7885310726823003
1,0.4268096553714361
0,0.17613377730063523
0,0.6716788784968551
1,0.379692866805033
1,0.6538662316175566
0,0.4658253015281493
0,0.17487191819488232
0,0.009842303616777468
1,0.3663026343523708
0,0.07078536561004346
0,0.029063057492222877
0,0.04538619830159367
0,0.14544649757987477
0,0.7775344046765954
0,0.3118965455067335
1,0.8187104576469614
0,0.29909562286580155
0,0.47578327820806426
0,0.8049233535242036
0,0.33275710738769476
0,0.6658700732905277
0,0.10655470714576504
0,0.6444717990118484
0,0.6986414471960691
0,0.058153564338082546
0,0.16428616577510233
0,0.16328295369265522
1,0.5709097732783471
0,0.41267351074768116
0,0.4063516998351201
0,0.04399857650608202
0,0.3375917772512558
0,0.028639564026705405
1,0.9372023248933473
1,0.8328178927148232
0,0.8337939001164281
0,0.3342557264494152
0,0.036371497760601335
0,0.11309875624603966
0,0.002062585284003798
0,0.1603616407414373
0,0.07114402614029239
0,0.0377138650863527
0,0.6897688936782904
0,0.010622255119995079
1,0.5618471489380851
0,0.19961103014535247
0,0.16913379994421826
1,0.8236397068704739
1,0.9457942344966782
0,0.9394026872012781
0,0.16144459369430303
0,0.03658782946023177
0,0.18626658721761136
0,0.8136012621885105
0,0.7342873043984014
0,0.07184067952782028
0,0.17251880559739224
0,0.0793216575257631
0,0.5129885733550693
0,0.09309533104857705
0,0.015760366250414794
0,0.026543026799527053
0,0.3231696062251493
0,0.27955800726314517
0,0.05949154254104659
1,0.5427231066097538
0,0.04337205582022611
0,0.7072279679136365
0,0.030096157891968373
0,0.02091476183081312
0,0.1684213359475486
0,0.03512462410704744
0,0.08810290172805604
1,0.4450099380285546
0,0.18179865664955164
0,0.43452925733171327
0,0.7723062869820572
0,0.06702839591983147
0,0.025524541615582336
0,0.3518398204156458
1,0.601154913260265
0,0.3245073999399681
0,0.4515003544506044
0,0.40507843789258086
0,0.5941798367743449
0,0.08206650276387614
0,0.36795277690766537
0,0.6898376505836802
0,0.1235141625256917
0,0.8653677872631688
0,0.12468667147823817
0,0.1059180621739387
0,0.1476094199310941
0,0.5769600248276291
0,0.005427415991966974
0,0.16975814772901343
0,0.45680013116313023
0,0.4274668380869103
0,0.4276509305196149
0,0.7215501249353817
1,0.8315335848370438
0,0.27889142760865127
0,0.22813176982681
0,0.8581966496476816
0,0.6466124982561748
0,0.03764953848221218
0,0.1138262901528849
0,0.8107686194085373
0,0.7400284119131669
1,0.683260708954601
0,0.18772115689063823
0,0.5998922372259494
0,0.08447993938260853
0,0.0993238622337267
0,0.5069384838739458
0,0.8955878431015911
0,0.055087321311301736
0,0.30781165674912137
0,0.010156486973583033
1,0.9438485257735393
0,0.727739638501812
0,0.3196449980692909
1,0.9371347672483821
0,0.8223580636057984
0,0.4778763345434918
0,0.30016305090052053
0,0.21954328553901
0,0.05629132430250155
0,0.012859067067843906
0,0.056414784405400785
0,0.5408369162040662
0,0.013784130888037696
0,0.019855831470784343
0,0.20269289684627312
1,0.5272663455471361
0,0.02311749071099716
1,0.4560777779817098
0,0.916953962304123
0,0.023117472083668853
0,0.03101044494845188
0,0.41337465205023244
0,0.4223492716940479
0,0.055992273764366995
0,0.23407021496237732
0,0.14684645907215219
0,0.6660681114972764
0,0.0740486884798974
0,0.5004798188318557
0,0.12872170759004894
0,0.2592350607835677
0,0.1853868306180305
0,0.18012848290793285
1,0.4015350054596992
0,0.11715849979979229
0,0.08181769160462482
0,0.9240150079727548
0,0.5014139726557751
0,0.10242712480459794
0,0.06241307796080078
0,0.24637835219733328
0,0.13629595428807986
0,0.03761817206108191
0,0.3765010915687435
0,0.009598017571898968
0,0.4239100566729967
0,0.25186436152229147
0,0.24742931256040668
0,0.41550442401398774
0,0.8511624836746079
0,0.15266020112786718
0,0.0337621271267641
0,0.13544136053818687
1,0.8662818878375544
0,0.09574037880309916
0,0.6483907833212093
0,0.1826763281194009
0,0.030503176805380255
0,0.01739530481204769
0,0.6172722693729736
1,0.5801460567907731
0,0.010207574932563752
0,0.012358333542361582
1,0.8698864248666561
0,0.05081062254604542
1,0.8833487830103225
0,0.43886028596133314
0,0.16280888847643116
0,0.07998561846229806
0,0.05701024980415529
0,0.2660459444106491
0,0.4186042087743103
1,0.7821344953998546
0,0.020187417896593236
0,0.09539298953579144
0,0.7274177666581542
0,0.46489940296607674
0,0.019299105271178705
0,0.44564821523977594
0,0.10947831656699435
0,0.35422134590833565
0,0.012313535428575953
0,0.1877107413010465
0,0.2298932020991025
0,0.7122760367505049
0,0.6844819802781755
0,0.5492339495943788
1,0.8963978491718181
0,0.012384562246523054
1,0.2784404405763295
0,0.595308529450297
0,0.3478535882775072
0,0.14850722437918218
0,0.07948828429409541
0,0.06629935185921969
0,0.2165999731649518
0,0.01878681320208862
0,0.8240113501175286
0,0.008264184496463801
0,0.015685399192257643
0,0.19249141056346628
0,0.009775601198974608
0,0.9079027875552528
0,0.09498146924961835
0,0.18479004014207065
0,0.19271928567011432
0,0.4403893776231015
1,0.9228365662485727
0,0.13502769350531502
0,0.8789947868786749
0,0.07896291869345355
0,0.31243430314732606
0,0.00990352600433284
1,0.739126157036472
0,0.22812725627191485
0,0.09810829792917335
0,0.04958384078978515
0,0.06057954598674787
0,0.08000549259932446
0,0.3843669168214925
0,0.6169108080803415
0,0.09699622572807413
0,0.008546687133295571
0,0.053804054485244106
0,0.5825331007799099
0,0.016513912889242588
0,0.057266653975996853
0,0.5398275576486449
0,0.2744614806119464
0,0.6624706306289607
0,0.5235202368248816
1,0.896350256049993
0,0.38838063492318164
0,0.19763940296943197
0,0.09865863471106336
0,0.8967095144567627
0,0.3719252943317537
0,0.008205454549849618
0,0.7402701294715365
0,0.3176052320805132
0,0.7530757400693999
0,0.3052022616136145
0,0.22602674574394357
0,0.09644317596812864
0,0.07822450820845686
0,0.1883822742912638
0,0.25114717739062165
0,0.6176629629239684
0,0.01962767291972414
0,0.011675432491041507
1,0.7990702057033838
0,0.8257417654424228
0,0.64456519226237
0,0.03649210074022222
0,0.19255743655490928
0,0.13757062450389962
0,0.012793537498174
0,0.08702966884585837
0,0.7125473733521652
0,0.46665251046681766
0,0.4993600894057738
0,0.6992496509552923
0,0.14214516005463518
0,0.05224016117522973
1,0.9134541645433458
0,0.32967726496267025
0,0.009818735006449433
0,0.9275278520268531
0,0.17541015587888778
0,0.1707413248948838
0,0.0773196317746713
0,0.36960100093713727
0,0.1708179474950902
0,0.3398582642811866
0,0.7760099466145479
0,0.12668925425274977
0,0.01405432657325058
0,0.6373154330026837
0,0.14987116513776544
0,0.22251443988531863
0,0.024954498975266273
0,0.9092920724021024
0,0.08143544452222325
0,0.6420836223162745
1,0.808935498695906
0,0.28250219541453886
0,0.017512235258856382
0,0.1330719316929585
0,0.2914278474233449
0,0.055164915270871834
0,0.05059894988572936
0,0.0165857599413675
0,0.6914582582514562
0,0.3854265336151664
0,0.46707239977651643
0,0.07394863230292953
0,0.5063026168296603
0,0.8860420923911155
0,0.44414578607965244
0,0.11967415177482457
0,0.3572271403129838
0,0.5863358207081485
0,0.012020843718443764
1,0.8151389116374965
0,0.04764685105789719
0,0.1695224420626998
0,0.537192947686519
0,0.006781536668370336
0,0.41808061171706834
0,0.018027087578795765
0,0.12113433448816754
0,0.1509772693456067
0,0.5603114243428965
0,0.926202793244361
0,0.10970195462823712
0,0.013914641547513614
0,0.8006114693328887
0,0.7743032650476112
0,0.1192925262886943
0,0.03393859275062514
0,0.04513786531788716
0,0.29455575772862896
0,0.28067184613559837
1,0.901037043424787
0,0.5032949430506417
0,0.015242146009424841
0,0.510506005914338
0,0.16156526966023904
0,0.029667731478947447
0,0.6012025725349208
0,0.4140289715352584
0,0.6893064079809714
0,0.20891286196245626
1,0.716650234669047
0,0.3825697657662849
1,0.847665700324709
0,0.14615118811321096
0,0.7201089749143682
0,0.5412699876894158
0,0.8128318138412635
0,0.03282640569071738
0,0.195326759810437
0,0.17976557756469272
0,0.10024687856104629
0,0.25403840493578883
0,0.43448550004639896
0,0.07244398024356016
0,0.5536956525520711
0,0.21188261635833808
0,0.4969716293404889
0,0.13979037566998412
0,0.7908070560568307
0,0.03637985493897678
1,0.8408677524564995
0,0.0339001269380647
0,0.12135257784154378
0,0.16866197494113108
0,0.06814774289892137
0,0.19708098708978597
0,0.06141620113202985
0,0.23631007686432903
1,0.8958615645031124
0,0.04837128859446772
0,0.15535208164777625
0,0.026305592023380082
0,0.4784951574533034
0,0.07389938123413481
0,0.1807506950923643
0,0.08194112151965754
0,0.02876523463305913
0,0.12521183688539889
0,0.879293977344851
0,0.278358902275816
0,0.040815223873527956
0,0.14173228228749968
0,0.5482500958279292
0,0.08351319261759158
0,0.707451406871682
0,0.26525013781685153
1,0.20554082265946214
0,0.04086841528745861
0,0.7418597698860506
0,0.9119300885854957
1,0.6152924681446685
0,0.4156914648373769
1,0.3663317436145106
0,0.9038896321756746
0,0.8362547288936334
0,0.030776290302770383
0,0.4489353948096239
1,0.4915702334695547
0,0.015623354986695322
0,0.21594442947070322
0,0.061639051179378075
0,0.037140865457886627
1,0.8931889181104566
0,0.12113780928386197
1,0.9601516723809134
0,0.4437696132638706
0,0.3258741735972124
0,0.21399646323010754
0,0.39942008315789745
0,0.09514289021107934
0,0.08846271894589575
0,0.5715329924024573
0,0.029530609415310716
0,0.28835465680381067
1,0.9222677923310065
0,0.009403884429825758
0,0.3117804322968273
0,0.29025167367091065
0,0.16627165025125526
0,0.11117533950321794
0,0.14283812558986808
0,0.11695615032993234
1,0.8816006922375762
1,0.5231373377378554
0,0.03725636320465889
0,0.8109328324164332
1,0.8008253473560651
0,0.007298328363029825
0,0.8652768495557962
0,0.5456221573838154
0,0.43548344437266373
0,0.023158922398313807
0,0.4232809173160487
0,0.12664195261846536
0,0.8691060783338815
0,0.018351171591959196
0,0.37898876960405375
0,0.4555785116534335
0,0.05705007831550223
0,0.05337528936005463
0,0.06013033260323094
0,0.10970926575534956
0,0.6068934953941528
0,0.1755646382809569
0,0.1331498202854019
0,0.006758901466710767
0,0.006158490949676527
1,0.9621582975486869
0,0.017498762590798907
0,0.040336916796505286
0,0.2153061096900741
0,0.7478510309868496
0,0.8593257532416891
0,0.01148109554588696
0,0.5269648124092823
0,0.044183098813285845
0,0.45197091187273625
0,0.4278021992356404
0,0.02310043339185468
0,0.24298251775623816
0,0.6390641975304746
0,0.2777242057820922
0,0.012515433745008388
0,0.03980027888616259
1,0.8220858804593724
0,0.20293712290820762
0,0.8236424060651428
0,0.28387590283023095
0,0.013254576557605053
0,0.46939671994032417
0,0.2129726475675311
0,0.08137129012130076
0,0.3486699256891644
0,0.12870206554149863
0,0.6628892496625387
0,0.004505347707836661
0,0.16011418953290132
0,0.03678090909372006
0,0.8053901332174332
0,0.0581153356795424
0,0.6810121412303193
0,0.04856008258052011
0,0.707395787944206
0,0.2525498640360118
0,0.05715913094792941
0,0.6684939411220279
0,0.4274815687806198
0,0.7620684418713024
0,0.5308045497279517
0,0.023448214574732076
0,0.15900914528533305
0,0.39366146963298915
0,0.019591786840026534
0,0.45263188108949537
0,0.7233069723655615
0,0.6466205233957409
0,0.2209370682739084
0,0.3221437825571272
0,0.30525020023486504
0,0.20992801391776544
0,0.02807409778717664
0,0.1310187214848842
0,0.6939735649074286
0,0.5861798210251755
0,0.30396012379875337
0,0.08207109684870972
0,0.03143935327482502
0,0.12862383858489868
0,0.14540664513369359
0,0.4545951753422893
0,0.10224029464099635
0,0.033190838271211616
0,0.30289299406814346
0,0.36074667289303186
0,0.008168743984995341
0,0.08227596695821243
0,0.9162804099919984
0,0.8651348370167309
0,0.00664379174181934
0,0.028970054992672842
0,0.005563158991671258
0,0.014973905181015398
0,0.31508359107405676
0,0.8793406103141933
0,0.2668372593862096
0,0.01469191462371061
0,0.09179057227765049
0,0.7493104673865159
0,0.09865768015828001
0,0.4016224992837
0,0.36280125054763956
0,0.48988463195684334
1,0.885579529217014
0,0.034754089910775214
0,0.3155241772704474
0,0.05796271069356107
1,0.3014606170568995
0,0.03560263967410358
0,0.40709173005016425
0,0.3597321678022045
0,0.26395168107367545
0,0.01840684364661985
0,0.14099519557261767
1,0.7830732096180242
1,0.5028929499551008
0,0.03233638295962781
0,0.027710186212322664
0,0.7948163009835449
0,0.18060326485125475
0,0.4763130325643777
0,0.5213008729525671
0,0.020079732603119897
0,0.2156289466004154
0,0.1394898481435949
0,0.5977870265212276
0,0.006316912148118622
0,0.013874190981144001
0,0.12290805096290312
0,0.3167369175983708
0,0.12141112851199645
0,0.33135646703549615
0,0.08213500162128094
0,0.06031592349223575
0,0.04633925433396391
0,0.36899525005263556
0,0.003892380529798406
0,0.7199760329267004
0,0.16725183998776716
0,0.26892279131598096
0,0.17984146752543864
0,0.09084954411848534
0,0.12245246719965104
1,0.9199493159629772
0,0.00527664714737959
0,0.1222161003575922
0,0.019522412763282555
0,0.6217542385015332
0,0.07071376403224783
0,0.4865437192109272
0,0.28056567438124663
0,0.006130079732692979
0,0.2016902120976064
0,0.9205687153909928
0,0.04274654114664746
0,0.01758021462022947
0,0.007979494486269173
0,0.07459157887982075
0,0.014499168006473754
0,0.03479976021498226
0,0.7190495089794572
0,0.015225625224753106
0,0.14497742687405094
0,0.00692190582495164
0,0.048714943078484806
0,0.34799330665386435
0,0.2064935404281955
0,0.14809522196520467
0,0.009174915169911438
0,0.07328900092605097
0,0.3880991824962501
0,0.5240001810250434
0,0.7782686916361412
0,0.097378403580599
0,0.03203538134620731
0,0.24556053419007792
0,0.4376298140076649
0,0.08864937995338644
0,0.08557641398732888
0,0.03409974646650602
0,0.4299386604947893
0,0.11821536521616688
1,0.5718111047693768
0,0.37424416608293254
0,0.07032279537064973
0,0.798246385093586
1,0.733322653386312
0,0.7151560647586326
0,0.39668081082285633
0,0.7725756245605303
0,0.05883735881388051
0,0.017777224561486022
0,0.005406187953043597
0,0.7849932129801638
0,0.8056963018326662
0,0.48333726620815004
0,0.4954863270788726
0,0.21167696955683898
0,0.750604065915658
0,0.045825961812322784
0,0.29474708949249706
0,0.45770339419383693
1,0.9553438799691935
0,0.03698597400416741
1,0.726607961512731
0,0.33533687903948184
0,0.27718717588162495
0,0.20716373644778452
0,0.05999984008724117
1,0.8435077098231031
0,0.059002856999213905
0,0.06188704711960143
0,0.7698957443364057
0,0.15505657838993075
0,0.1929501698145136
0,0.24752038538445
0,0.32728964855525894
0,0.09295079911779476
0,0.9137500019003709
0,0.023055853367152927
0,0.0804295817078885
0,0.023793775696177837
0,0.7836938623988547
0,0.029736127849555722
0,0.01796651432112914
0,0.25509203458921953
0,0.25807628667494026
0,0.23265027873744862
0,0.6264434033136198
0,0.7725269699399986
0,0.48398198457830843
1,0.4764555588823978
0,0.5401766742416493
0,0.005913854746242759
0,0.018409887533111013
1,0.6061425199062147
0,0.005419586057494271
0,0.32497459732448314
1,0.911469612171274
0,0.03117583480996314
0,0.8730866882149606
0,0.27329940278076287
0,0.7147814225907454
0,0.925035830317454
0,0.5480670823262365
0,0.011431433622173158
0,0.4152322146321753
0,0.49494264643640407
0,0.4789646141885002
0,0.6901428137973139
0,0.13257569201895503
0,0.6083672887238002
1,0.14017835550068533
0,0.36592381439888755
0,0.035583393895156676
0,0.13834174638217825
0,0.8605411039209243
0,0.5904464016246382
0,0.5164625219342522
0,0.07821431744581556
0,0.10877099512758308
0,0.006710852442916757
0,0.11995407259658455
0,0.7429875720558896
0,0.3939406892721127
1,0.6226664669444643
0,0.23479153129961156
0,0.9098040910778342
1,0.5480955653724736
0,0.38922533924891856
0,0.6387837449764935
0,0.5873114341026121
0,0.17364253968258445
0,0.19350296748437967
0,0.11946864567766001
0,0.010580810538824384
0,0.1520595456704829
0,0.023318360805096076
0,0.034598380142405905
0,0.5067690549456179
1,0.7411503972310348
0,0.05211745115121126
1,0.7125085666132709
0,0.5836427320314309
0,0.5485614654998037
0,0.26623239288985473
0,0.6642134615777554
0,0.18432482794198657
0,0.0041153857428775035
0,0.01591573099784384
0,0.21273968546271585
0,0.16076876660364778
0,0.2850044385251576
0,0.48281394861791715
1,0.47304663910400785
0,0.1740377973811308
0,0.19195679065576865
1,0.5374119197263757
0,0.11667150600989186
0,0.8294643859492812
0,0.4240313229889583
0,0.7648011034613732
0,0.8655714870982456
1,0.1439862482749148
0,0.05513436551866812
0,0.28445940458569685
0,0.7434390040295271
1,0.8322757048638126
0,0.06902598254425169
0,0.17088037058799563
0,0.18313073540552968
0,0.28950006819221497
0,0.06236484909701441
0,0.7222890021971003
0,0.2832943871506241
0,0.6271178498595024
0,0.005010770270066263
0,0.48508928886405883
0,0.42961065242456237
0,0.4538542115934385
1,0.6259101767816292
0,0.5288571495886811
0,0.4289846288232766
1,0.6541384633439973
0,0.5753277532278115
0,0.7939310703511486
0,0.0078000425581969575
0,0.12289755679201331
0,0.720818381476928
0,0.38319269545750817
0,0.1406646752483355
0,0.14836316195319152
0,0.03249901832037158
0,0.018321490573911338
0,0.33712087401795515
0,0.5918096410318933
0,0.13915151713157656
0,0.4806277183992157
0,0.020905232407545188
0,0.1384564369558806
0,0.12114788025199334
0,0.34203171916282993
0,0.1451088398821907
0,0.7032023525305569
0,0.5234338322669017
0,0.10278694503978988
0,0.5428993315338398
0,0.09043406289547332
1,0.7215022284996898
0,0.6207637780323435
0,0.2304105630666786
0,0.0956296958941258
0,0.5367015018862364
0,0.9632833352498456
1,0.33044833047989985
0,0.14340392407781413
0,0.13544049160838756
0,0.15341993585661756
1,0.7643596658597579
0,0.5696482772930341
0,0.0536720770250407
0,0.4303206123073148
0,0.43874565134644883
0,0.521850004290358
0,0.3319882360376815
0,0.08491366248661376
1,0.9210257918489559
0,0.5730257577721227
0,0.04326828573906795
0,0.6277614523114008
0,0.10037163912157858
0,0.0287286568732585
0,0.0791833846843748
0,0.1765436931289526
0,0.12517697531658728
0,0.4159329975928231
0,0.019209123321243204
0,0.05681202373079235
0,0.5262995761923946
0,0.02935179268806583
0,0.14388971047564975
0,0.37159958846141955
0,0.16571925884410835
0,0.18095667095912474
0,0.14256503552226787
0,0.0055080575309324
0,0.6436711206944216
0,0.01381268863084419
0,0.46479535864150057
0,0.12026132292053184
0,0.06618778862369101
0,0.026707723791461843
0,0.7434482269901427
0,0.11145080650026568
0,0.0923414909092848
0,0.020802156137031014
0,0.33681387161858706
0,0.26991278313371586
0,0.7864681377173555
1,0.7088519941995138
0,0.1323588639855687
0,0.2433346633421476
0,0.3170819579467143
0,0.09552796234222112
0,0.2921447880126513
0,0.08081995226813295
0,0.05122879508379851
1,0.8322135233015188
0,0.013039937622769664
0,0.20467273754820262
0,0.0795206765633421
0,0.9358145254331466
0,0.10225097415618016
1,0.8244073072237522
0,0.7267202868250947
0,0.25150515441936616
0,0.6268229530403978
0,0.19915306774582714
0,0.014708496134503318
0,0.6447735265823948
0,0.7590972934492712
0,0.41546174450271145
0,0.016243466322539236
0,0.9369291405358828
0,0.02436708764916963
0,0.3408536037203289
0,0.07042353987847627
0,0.2421899168608034
0,0.040877126746904385
0,0.11002246958516883
0,0.006760336307978084
0,0.04315964459421302
0,0.1669211842534587
0,0.05520912986636804
0,0.05161072323327878
0,0.563510933532169
0,0.6882359824693913
0,0.8619075548817827
0,0.5078476425609391
0,0.3345328582458538
0,0.886178072500698
0,0.05217751922733132
0,0.6352975769525958
0,0.6550345520337416
1,0.8094253918791567
1,0.4966405662191705
0,0.3683741571893688
0,0.04556419646519489
0,0.2614213837882246
0,0.003270972772900982
1,0.504749899968135
0,0.39491544955241753
0,0.2725346992686016
1,0.9289203534635203
0,0.15179760187183647
0,0.1480644214849512
0,0.8184754582611189
0,0.7818770494562512
0,0.10735252284752786
0,0.29877405220050385
0,0.23962723216741774
0,0.1171465750167983
0,0.04168105793035553
0,0.24299609701030597
0,0.044776018760431927
0,0.025894590719659823
0,0.4973650693987466
0,0.03092277543118864
1,0.7903642926115064
0,0.6585957367135936
0,0.43330719959382824
0,0.03235772337667813
0,0.13247361506543964
0,0.023860943909053547
0,0.07004194675817305
0,0.004658750272191485
0,0.3041118678135895
0,0.16650732300885165
0,0.06896920908410613
0,0.09395411185996536
0,0.2736425417542854
0,0.4224192209760516
0,0.06004426227490905
0,0.01054221479892205
0,0.8095419421983593
1,0.39516208500535666
0,0.02149652811150724
0,0.0786851240686935
0,0.014222959247235564
0,0.1870624495233543
0,0.48330402622557317
0,0.2606561828608203
0,0.16413645223431741
0,0.13990733904232674
0,0.7653852060584234
1,0.6918833463937412
0,0.29453516578157163
1,0.9454637232496571
0,0.2643102181913351
0,0.01696493443201994
0,0.11212584930296211
0,0.025540765063892152
0,0.00875459470193235
0,0.0979929992726128
0,0.12764880861605357
1,0.744208956833334
0,0.5233585413599878
0,0.4285639606590519
0,0.046553763304412715
0,0.19747088820159156
0,0.9498659514191935
1,0.9137931329880763
0,0.05872249565216462
0,0.49561405757302535
0,0.4442921702267572
0,0.8039760958414279
0,0.00813670307712964
0,0.02078424740850584
0,0.058448190470453375
1,0.8789341293166458
0,0.06423522868183847
0,0.005629333108143787
0,0.25319123132974514
0,0.15632368864258017
0,0.23308503980272502
0,0.8946987677151761
1,0.7202566812368288
0,0.009412216755535935
0,0.04069288427326756
0,0.20206536897977365
0,0.20430395848448277
0,0.05355341509569259
0,0.13488781045702217
0,0.06083508554952637
0,0.22595361418456378
0,0.8795550472641124
0,0.017114618439264363
0,0.451505862862664
0,0.48382799097536466
1,0.5708629241365172
0,0.0035919678463842072
0,0.055785134998579684
0,0.09398808797493755
1,0.365704143792895
0,0.679387975025531
0,0.09047702419971605
0,0.19763939697045824
0,0.07803439201258769
0,0.012180317365374727
1,0.9490642551996743
0,0.08294426517215558
0,0.40602046367350253
0,0.5973184761695621
0,0.6701287993261261
0,0.018491729603135908
0,0.014214220540597509
0,0.06900276465389826
0,0.08677938442087993
0,0.4013944626064005
0,0.6025196284054107
0,0.5065242073582445
0,0.31433114090213654
0,0.17822549563653364
0,0.6838633398493132
0,0.14372440186278457
0,0.02407187787071252
0,0.18627424284803096
0,0.4406756273138036
1,0.6599578185259283
0,0.030769338942118737
0,0.04320898603361237
0,0.06810878330260375
0,0.4437560302902904
0,0.1233209992751105
0,0.005351505063126623
0,0.24689086037582667
0,0.07241976616971992
0,0.1504090783045689
0,0.021101282997474647
0,0.01482230705700809
0,0.11422872159941697
0,0.14038649556236638
0,0.2057005598387827
0,0.3453881795367707
0,0.30889128281571165
0,0.42449480900887004
0,0.7728625981343212
0,0.45761131153665624
0,0.021695868993576648
0,0.7258048023413732
0,0.09743447757161491
0,0.7194827183925421
0,0.12864428845903003
0,0.9031437635338215
1,0.8986561781937342
0,0.17003828215181288
0,0.0819532957913823
0,0.02146120055126279
0,0.7556738539013531
0,0.8306683775815843
0,0.24579415728738369
0,0.891012939754375
0,0.5283984201645964
0,0.13467621373986002
0,0.40462450445364917
0,0.49261649915149136
1,0.5380223384420114
0,0.04112651271897874
0,0.0430224139995418
1,0.5008144669634718
0,0.04444285373835491
0,0.5694281265370331
1,0.875870432464169
0,0.5901930907314851
0,0.7280022557864639
0,0.9169262041988311
0,0.4911867536502909
0,0.7870449733910114
0,0.15337666940977163
1,0.8383712550751372
0,0.11501022246707356
0,0.06527658197040576
0,0.05068849445429341
0,0.09899155780134038
0,0.8144228688109465
0,0.9236210842159194
0,0.10072277329388468
0,0.05231748000899861
1,0.6626423286912838
0,0.8867803733246795
0,0.44501939364889265
0,0.7702469731425128
0,0.07834485771835338
0,0.5269319996616384
0,0.13537120095655875
0,0.004244446438627931
0,0.7732813459985564
0,0.4513086681595423
0,0.044878968897081414
1,0.8594792724454748
1,0.7597097125269543
0,0.3647877093724932
0,0.1639690021070462
0,0.4081131963844509
0,0.19670997956454836
0,0.44141540663273154
0,0.47517818652934385
0,0.09809023134122787
0,0.11676242723120424
0,0.7779690646678358
0,0.2741885835315179
0,0.08088483673729564
0,0.5513338828804051
0,0.8176206255851742
0,0.09866305580817855
0,0.8433286159609947
0,0.18465355420779928
1,0.8638111540035119
0,0.004470841198637512
1,0.9027420365124776
0,0.015045501999840177
0,0.06864213927876066
0,0.3188762091928495
0,0.19869845915718495
0,0.2600584538632336
0,0.1504109187294857
0,0.5133369628423051
0,0.09918860314290312
0,0.18048094447457536
1,0.8850906534839809
0,0.1843378970628558
0,0.7073873873698887
0,0.07824173987495926
0,0.35669998934722286
0,0.33699879173909747
0,0.02751463891308436
0,0.05117631828149829
0,0.12458551900339901
0,0.8349395777380589
0,0.21599543629218454
0,0.042085641567311406
0,0.7080202875103344
0,0.09956402849599903
0,0.22376926199735006
0,0.14676609703638452
0,0.6268670261220878
0,0.3408105022918661
0,0.6683961507384101
0,0.5122920937605805
0,0.6649247838928828
0,0.042384253037549634
0,0.03808647633230396
0,0.23122170520471338
0,0.21731013974098992
1,0.9144489028510676
0,0.425434162880293
0,0.016394531098889675
0,0.880115196682014
0,0.14705351108431602
0,0.08544718052539158
0,0.09983081298441836
0,0.7242173052672893
0,0.3542538463964389
0,0.1965694847269087
1,0.16622082813850209
0,0.27499764582767744
0,0.6848536223995384
0,0.5984196725709565
1,0.804206984085411
1,0.8494159444800156
1,0.4976251230397831
0,0.8714491993734893
0,0.19191681700038055
0,0.16841304971281262
0,0.9173822493113643
0,0.01496247780502218
0,0.4393819414721258
0,0.027388848801966792
0,0.008545285191382352
1,0.6473818868685618
0,0.4356811097868243
0,0.09200131726130843
0,0.16558558664096024
0,0.3391005371119614
0,0.669030096543791
0,0.13646505722208113
0,0.616151283864316
0,0.31347132007921763
0,0.016297872712139172
0,0.6963878790507234
0,0.5279806007791737
0,0.038654879142321144
0,0.19225613727460422
0,0.26735094858778985
0,0.04538281221503688
0,0.4315371364826211
0,0.009567467931685421
0,0.32246270413831507
0,0.07852026984758134
0,0.3011466018799402
0,0.6424517721076052
1,0.9182577014271879
0,0.9374527384941673
0,0.139831088271485
0,0.5657630951193203
0,0.012856809490627851
1,0.8244743498453077
0,0.22573214436405692
0,0.0783072070644634
0,0.41714747108548045
0,0.027703677401701002
1,0.7918490931028122
0,0.005883553670657035
0,0.23928640270630633
0,0.5794805962091669
0,0.009079889902132016
0,0.02442373928681943
0,0.3267221226108333
1,0.24449214398403551
0,0.36168414470785515
0,0.09081108651064433
0,0.0244255512345425
0,0.02921686882270858
1,0.17269051375603178
0,0.1497134000218875
0,0.04547181154613045
0,0.6697398866293434
0,0.06658519616760566
0,0.7453022559862977
0,0.4832847226754782
0,0.32636317216081007
0,0.8120997516863928
0,0.07904160931794825
0,0.10658390483538085
0,0.1163984316327345
0,0.19681602771564005
0,0.4200588590185828
0,0.26808630097233677
0,0.8052171578124558
0,0.25682831592676053
0,0.6911265826342979
0,0.2503761554943623
0,0.14296490379146368
0,0.3293788550890605
0,0.3809631519690137
0,0.5770156983729976
0,0.03512197375780426
0,0.39027882556256643
0,0.10995507736328618
0,0.15041487169512754
1,0.8343836401302338
0,0.39648222095999125
1,0.8909377252438483
0,0.1755646382809569
0,0.8319360359269466
0,0.1159038602880526
0,0.39400621825020626
0,0.020887272005140626
1,0.26329750841399296
1,0.9320983583272354
0,0.38536913653531263
0,0.8782796586070601
0,0.49764084799470615
0,0.5476117754510189
0,0.01649500045424672
0,0.29508599270507235
0,0.21168770224163264
0,0.024820620378340964
0,0.007943385019420934
0,0.07131323111806447
0,0.3943245515365967
1,0.6265665017182311
0,0.830425392340247
0,0.7071856200844527
0,0.575835304037289
0,0.7618710697870535
0,0.2945754448087014
0,0.25316006487623155
0,0.8252611400567893
0,0.968160059966415
0,0.36408721739908967
0,0.06898406578782594
0,0.05423748058563339
0,0.012971964099552114
0,0.015676266777388086
0,0.036420151482507566
0,0.357880262777099
1,0.6660411004710128
0,0.25690470832940054
0,0.07610951229466724
0,0.09214544224539604
0,0.09372878502939104
0,0.008409229421497657
0,0.7340301451892886
0,0.5335884726817338
0,0.46301487773263394
1,0.5695964695082953
0,0.17044893665593
0,0.4954907655338915
0,0.31539491608073894
0,0.5933912995828349
1,0.936627522187449
0,0.3715214781028382
1,0.7503891415155076
0,0.17662466025588525
0,0.5842959111507378
0,0.09856805492297038
0,0.821041264330382
0,0.017125874672250914
0,0.033782483814548334
0,0.850135816375556
0,0.9097656790899471
0,0.2591609363172665
0,0.8421161427278361
0,0.035170964310848145
0,0.021592327207627687
0,0.7671445292514943
0,0.025109742119881324
0,0.008187620320208592
0,0.7816874368400285
1,0.48317717387183445
0,0.1846683791949672
0,0.5596581958084836
0,0.066575974764888
1,0.8601250282840824
0,0.33915667996208043
0,0.049120310497452656
0,0.8247424032253937
0,0.12279272672176597
0,0.2199382926863967
0,0.6279460912097661
0,0.8623440518829446
0,0.42992621114110285
0,0.25744132161337885
0,0.4505052410772471
0,0.24270014931850697
0,0.6214679672162097
0,0.7317041007374262
0,0.2690002486531091
0,0.013279086109466235
0,0.2103386881921496
0,0.858893723701416
0,0.020556290498974932
0,0.6963092481954515
0,0.010285562587739905
0,0.3478021664823513
0,0.09566383559845887
0,0.23134177299668385
0,0.030403274032690903
0,0.18831775599725722
0,0.11289696218443915
0,0.05589797929898864
0,0.17253702678372843
1,0.9102736565861039
0,0.5890681013339766
0,0.13070369266073634
0,0.027432287031086133
0,0.07022200154913834
0,0.5718680461925967
0,0.07078697375526649
0,0.7444630722906251
0,0.7408988458989514
0,0.12490897514064035
0,0.007622612223515803
1,0.6562201501141448
0,0.10258430072531813
0,0.3542373879016951
0,0.5706756670086711
1,0.5460061346898043
0,0.06162916355140861
1,0.8910547840444083
0,0.12548823107034301
0,0.5021055706227153
0,0.4066857960436541
0,0.028407661703086232
0,0.29305470118393506
0,0.009167847936583245
1,0.28676383036742137
0,0.5786899012411966
0,0.286661485830413
0,0.45269416815143115
0,0.043615223501097596
0,0.30379322406707576
0,0.7396293813504641
0,0.15954158700645407
0,0.12605762688724115
0,0.27117532215058804
0,0.6628928413426807
0,0.04689481811852848
0,0.12734789885673262
0,0.006993048084778943
0,0.8210688015438693
0,0.4219212490494037
0,0.6798683171009774
0,0.09033063073012043
0,0.008047007738981721
0,0.7571314227281063
0,0.3376742030771712
0,0.18238810968598926
0,0.2948840338707271
0,0.4196362936497127
0,0.15969488505305193
0,0.16307437586283785
0,0.19929868166345416
0,0.012530379263188993
0,0.8889785246332578
1,0.6515493480109892
0,0.004083294988874084
0,0.13240186371798854
0,0.16211985384786615
0,0.1112916387724978
0,0.07299536844736287
0,0.30109159905333155
0,0.00517298972313412
1,0.8630723226813289
0,0.14284818456586018
0,0.32246892387794335
0,0.1385468454182246
0,0.17466763717432374
0,0.012432284105085458
0,0.6539452198705692
1,0.8539407713066394
0,0.13149146042594673
0,0.10733629369481128
1,0.8390132882722573
0,0.5345022270837378
0,0.03859827112220674
0,0.09724392766654152
0,0.4429981668935134
0,0.02035040130863948
0,0.8325514189938747
0,0.06437386216365838
0,0.014303256764702905
0,0.7972971666826203
0,0.06989872590979021
0,0.025614900351673624
0,0.7424038865812996
0,0.5049659757313334
0,0.6048743482780236
0,0.17789362195874098
0,0.8350506694194331
0,0.11819746563161267
1,0.8707398989373624
0,0.6376162971783108
0,0.27831952041804003
0,0.9032504447638238
0,0.324073126266325
0,0.7114723692899798
0,0.019332667378596766
0,0.008071382697648845
0,0.4068053794637544
0,0.10105043511928051
0,0.1367615775236872
0,0.005266570301615449
0,0.33778669440489506
1,0.6457450786227541
0,0.013189040402943084
0,0.34904763785198206
1,0.6738112400442368
0,0.16115334061416745
0,0.013740846519874138
1,0.6134940831951866
0,0.08091884717341272
0,0.8965509970267243
1,0.4298650674962033
1,0.6784306363479385
0,0.039613937983836896
0,0.01420748039698487
0,0.12026272775956752
0,0.816730448955292
0,0.26218902495685686
0,0.03190063122668065
0,0.28022557131630454
0,0.25144276016601863
0,0.260116092241015
1,0.19775318153796273
0,0.2719963106845937
0,0.019289192786421244
0,0.014538780430781783
0,0.13634855416699437
0,0.16448689448984868
0,0.26780333290361
0,0.11386360022415533
0,0.16759664676292668
0,0.3720413879209507
0,0.4371762668698399
0,0.06805939726795028
0,0.7556931100385738
0,0.7047005599647497
0,0.5356502328323995
0,0.850041032902561
0,0.05752712962494971
0,0.06461363991942702
0,0.020869850382649498
0,0.5489114514651098
0,0.2812190431537232
0,0.04543589851930116
1,0.7221874490920805
0,0.3258104312468412
0,0.46268309004753494
0,0.8825183730429595
0,0.38196621807077286
0,0.034888907428723755
0,0.03987066064521564
0,0.25107533259670495
0,0.14476485763933525
0,0.4291164026870079
0,0.2820160720274988
0,0.1662303000738125
0,0.021096888291687318
1,0.896557345443104
0,0.6748947916710484
0,0.6015301537711962
0,0.6509754806200556
0,0.5649244787804307
0,0.8153200261872874
0,0.00765317612254542
1,0.8103006099396131
0,0.0467293630507598
0,0.13932635225354895
0,0.006855797500565556
0,0.010112421697087808
1,0.7696700742759974
0,0.5576081296248168
0,0.5009113996483845
0,0.20196810690456707
0,0.21931290695858394
0,0.6351184130044569
0,0.4330602978539941
0,0.22772419275691896
0,0.5244086631407575
0,0.08119750469784769
0,0.01918134004501476
1,0.4758750993716617
0,0.024054225450046245
0,0.6393430323663098
0,0.37888527019766605
0,0.8480128013254712
0,0.7422626879889129
0,0.11787602632493349
0,0.6975882605654813
0,0.773777875148717
0,0.25757535102850826
0,0.654891071825138
0,0.06411266831277636
0,0.18238268697615195
0,0.2005109988940289
0,0.40437357650954614
0,0.05131362387740315
0,0.025133820493418075
0,0.8613877246129779
1,0.2670156328185415
0,0.7881227380948099
0,0.2686109699807987
0,0.011000579981920557
0,0.8553568397796786
0,0.06174701380072729
1,0.9340311892077573
0,0.0822242521091128
0,0.18122464692937776
0,0.08546608235983051
0,0.051891842535625815
0,0.6065160845521609
0,0.004641447058244142
0,0.044174505467630444
0,0.1503558037924776
0,0.09043602984195777
0,0.023241507642944827
0,0.048609938658839856
0,0.020890716240410192
0,0.911797691368055
0,0.43519651829731315
0,0.04365506257813533
0,0.07554651205667809
0,0.020172194191308186
0,0.08273475795843645
0,0.4377083987783779
0,0.2725264433901253
1,0.8814606377902987
0,0.010458170187609795
0,0.0377194769973055
0,0.08787161379919267
0,0.6106673565547552
0,0.44028679976494156
0,0.10676638344408035
0,0.29967365034598625
0,0.0979444526986751
0,0.2862072184562683
1,0.8406925926676906
0,0.021252086633396196
0,0.3346067471507852
1,0.6538281089860654
0,0.14979509835850577
0,0.10045985979948928
0,0.002354569674498201
0,0.0293777845524995
0,0.7399914585751836
0,0.04837795477783823
0,0.8644203300621822
0,0.2324768988618588
0,0.6139312366683061
1,0.8619707396365878
0,0.01730093576078396
0,0.10275894007871984
0,0.7059923903974007
0,0.09782013804667476
0,0.4369092050351783
0,0.01791880900195457
0,0.2665038831158111
0,0.07767104048408593
1,0.674392518488429
0,0.3355678612495897
0,0.222159491527694
0,0.9394706286539892
0,0.8570505117842897
0,0.15560983594023373
0,0.6491394309618018
0,0.42372699030751154
1,0.7789816821099527
0,0.060329716979024915
0,0.7210590533271599
0,0.1116292516737191
0,0.5593620167239964
0,0.08773008282674698
0,0.46484467621685005
0,0.03878374240083301
0,0.1407237753034418
0,0.41139424286769616
0,0.003487745928511237
1,0.9133028980913286
0,0.02768503754644224
0,0.18157706667662846
0,0.018273348997299384
0,0.01669064375990834
0,0.05484358488073184
0,0.15997719388876425
1,0.3553615459633869
0,0.09070779707250985
0,0.006602944256184041
0,0.03320686147882884
0,0.09782013804667476
0,0.34084926080208783
0,0.30329708390819576
0,0.23048365309341134
0,0.07317856922727763
0,0.10956377806921018
0,0.21997947042699337
0,0.26217430394724195
0,0.9264169140538572
0,0.03183207658333149
0,0.01089067760594268
1,0.7906021650013432
0,0.37326590748547894
0,0.4777096311682736
0,0.656792052919786
0,0.09724014905450283
0,0.725758619138448
0,0.2979049876820383
0,0.17681993259117318
0,0.0509190701317892
0,0.6946659385919205
0,0.19263206331618196
0,0.5590981760242837
0,0.2975965119862575
0,0.06770159111691405
0,0.3934458742664232
0,0.9136474583565721
0,0.8126132551400183
0,0.6097402615686932
0,0.24053703039317464
0,0.016321395433171376
0,0.007834673794103658
0,0.0682501144746969
0,0.13174129194551631
0,0.018729720982720587
0,0.17597551005804365
0,0.37230963744553663
0,0.022319805917016173
0,0.07789148136930898
0,0.81932986360399
0,0.06324692267596559
0,0.05513140856331084
0,0.004725811471173888
0,0.015331285425666452
0,0.6656785252462921
0,0.5272227720648549
0,0.035919665483625664
0,0.44346392567093085
0,0.14975967790711164
0,0.15069030241121142
0,0.007912001681706377
1,0.4635418606565302
0,0.0633712750361563
0,0.049023631034528434
0,0.1148951393493287
0,0.26856281403922644
0,0.04871920505356381
0,0.14094418325185867
1,0.6904649894808869
1,0.546111121061346
0,0.5743034520599273
0,0.2943945467275898
0,0.020802156137031014
0,0.2715789158934647
0,0.45183848958509965
0,0.1908302273979088
0,0.3173209580257084
1,0.8769786116173705
1,0.6269657470585791
0,0.19017466093942453
0,0.536875097018962
0,0.511527007394667
0,0.6551499511643756
0,0.10015558647610388
0,0.6146445848523022
0,0.8971112229679414
0,0.026069458804831948
0,0.056894039781814065
0,0.5617795911449421
0,0.007727557537240538
0,0.32493660326244184
0,0.8947090209901977
0,0.09452737290696747
0,0.8130752619948124
0,0.5498282817438783
0,0.10175769108753048
0,0.06347977578236119
0,0.8697650494300708
0,0.17792041734840836
1,0.535012369528608
0,0.3043436770692647
0,0.3651628707460805
0,0.04520668508746766
0,0.9145349016028206
0,0.010544005670568738
1,0.6407691374365645
0,0.28825199051973927
0,0.37860749331625326
0,0.018126754667118647
0,0.05794732110484116
0,0.8969144421263164
0,0.7979797670071143
0,0.023832262076679902
0,0.006794801142723946
0,0.017886419425971047
0,0.33343854025585046
0,0.7146104898663892
0,0.926815783140576
0,0.0019247822348642417
1,0.8839891515277288
0,0.02109243686016692
0,0.18792726469346122
0,0.00447655004579257
0,0.07784924329074887
0,0.05883924161629475
0,0.4338410578401844
0,0.3377094454019905
0,0.2578882115230903
0,0.30470806314187643
0,0.07618453398515093
0,0.0540792226347718
0,0.81617587666353
0,0.022993052908417425
0,0.8466824489324122
0,0.2857399829383644
0,0.0965078605911307
0,0.8781071089505871
0,0.016511438116468807
0,0.24020510564875072
0,0.01726388643663414
0,0.06567576972831186
0,0.08728086626017999
0,0.7509491788175388
0,0.8699687531024468
1,0.819250967906778
0,0.2637442596246004
1,0.7095044183975523
0,0.04942522733485774
0,0.05487742455302879
0,0.15513018329106062
0,0.6922105991264177
0,0.4560826574537233
0,0.3806233311997298
1,0.883473637939169
0,0.004727337234705691
1,0.5834099459483753
0,0.5210953527997861
0,0.06103314362434632
0,0.5909239225487046
1,0.9354355625880018
0,0.8027394657755851
0,0.6683567036674667
0,0.8246730536105841
0,0.12881643371021384
0,0.037050203802885685
0,0.02223561958491486
0,0.331273527470338
0,0.03596123250779587
0,0.10147259052108254
0,0.9142905544709632
0,0.0221017798123915
0,0.22225196752979579
0,0.925305676362521
0,0.3520497089527426
0,0.8418263415409679
0,0.15301509443886355
0,0.2282908188028239
0,0.34547220843324394
0,0.4958844233736264
0,0.47506603606270853
0,0.3614284955567262
0,0.02226977811629609
0,0.569251286512638
0,0.2880484249963262
0,0.04227942924453272
1,0.6798802774346422
0,0.2831104193421612
0,0.527702588874658
0,0.09042070048290808
0,0.5073244384200003
0,0.8842070742159504
0,0.9636838662465025
0,0.6567467170661369
0,0.2907390529008928
0,0.12342187826274108
0,0.13835616499663814
0,0.08280527572334591
0,0.3296837495087266
0,0.2179474984920366
1,0.5165961984887187
0,0.10228492889076302
1,0.6600462035667892
0,0.6772837355676378
0,0.469736280334631
0,0.04016918512828991
0,0.5640447018736979
0,0.023848768157061325
0,0.050622806858375
0,0.136409507327242
0,0.08396213967162508
0,0.7757105763312906
0,0.6777640490176902
0,0.7259554181152593
0,0.0690917589031244
0,0.8400907909500925
0,0.6656110111187045
0,0.25970932093491916
0,0.103388803098255
0,0.01465661133046134
0,0.552574498971747
0,0.2766593260901362
0,0.02212821640387928
0,0.018893554374390133
0,0.23690384900098324
0,0.8209108111063403
0,0.4281516722209388
0,0.089546012837121
0,0.7349450405039818
0,0.5465072091160165
0,0.05885827930383644
1,0.666072373517268
0,0.05458212293562391
0,0.30471813963828076
0,0.9358637004375986
0,0.5319256021972694
0,0.01811370120478098
0,0.0778910996254058
0,0.6856015971929583
0,0.7638072489397266
0,0.12861250398821056
0,0.03834520531068424
0,0.16501559907527188
0,0.1552558411373268
0,0.024075126236274752
0,0.2577007552286493
0,0.0707009368703001
0,0.1315074796993766
1,0.7486507250017584
0,0.06845232497321342
0,0.3095979791096921
0,0.12375848132851029
0,0.3098603001597758
1,0.6665463192939812
0,0.489493250664898
0,0.8831582991889412
0,0.13119396958873303
0,0.16879982196805798
0,0.022264119813944626
0,0.7479591535689952
0,0.11899139514589309
0,0.816113189000481
1,0.9629722061837277
0,0.3688277691473107
0,0.015838577168818303
0,0.36781113299267343
0,0.046704462089913044
0,0.15367958013128136
0,0.042858271331744406
0,0.010242369268467836
0,0.18254511943388235
1,0.6844948657545542
0,0.1943091036831267
0,0.04196139217693544
0,0.25508751936421886
0,0.14384734339859445
0,0.18545323143561282
0,0.43337146203137383
0,0.07290711195176446
1,0.46533123225484646
0,0.6332949707058538
0,0.16000834665144242
0,0.45016185479775256
0,0.13170426823871442
1,0.5415474297182908
0,0.6513928200435943
0,0.002983823419282635
1,0.10944542399563993
0,0.023342132685909758
0,0.046679635736358964
0,0.032070657388514716
0,0.17271900644181243
1,0.7352760367718474
0,0.006491750239873833
0,0.17253107359818246
0,0.0285010745107059
1,0.15427654988086167
0,0.01797679787796135
0,0.028783603033267487
1,0.8339356599286517
0,0.020088603634457365
0,0.06282615398223337
0,0.8245258294991598
0,0.6198332925568089
0,0.02256717658898613
0,0.5107230104566062
0,0.7335108610713469
0,0.05664277706926806
0,0.23270726595585794
0,0.030156005583759537
1,0.3221121869832066
0,0.2711805451784447
0,0.5958700747988569
0,0.05777565427868266
0,0.7645579709831096
0,0.4006503956184115
0,0.2217577095312508
0,0.8505152398981188
0,0.22023153869764509
0,0.5243666345540376
1,0.8549092619517004
0,0.12450871320510651
0,0.3064138986431483
0,0.6897431106765209
0,0.21826257481825898
0,0.48132020303244505
0,0.8455968382331016
1,0.7824168236095305
0,0.39357255058958834
0,0.005147362912130746
0,0.7680042806437949
0,0.08224507991252242
0,0.0704101300220086
0,0.8549295852913107
0,0.7844464178445866
0,0.09389625290124232
0,0.05252646115984161
0,0.03944361390992071
0,0.13213223830847734
0,0.08919721414517073
0,0.19171409775659745
0,0.035549047053158644
0,0.11718246662812568
0,0.12858629604414804
0,0.010370991655374208
0,0.06470156420096504
0,0.08302816482683432
0,0.2752586081752102
0,0.25835987643125596
0,0.061577345269060065
0,0.11732384316789644
0,0.45595510550913043
0,0.043450630788819535
0,0.18394025016213444
0,0.5156143186505673
0,0.5391136803331177
0,0.03807088664374112
0,0.2619959916916473
0,0.5285584314342283
0,0.021701359186198102
0,0.018185659836471992
1,0.9469696172514362
1,0.5039148632968277
0,0.3618057386481051
0,0.01578942961821983
0,0.8053405315007773
0,0.3278488637154982
0,0.03603317206141348
1,0.5963962795669765
0,0.01566841984335168
0,0.7641585509262245
0,0.8174784287529299
0,0.005812702808174444
0,0.04966774033019418
0,0.21276573257659473
0,0.13537571504548265
0,0.4753804206843886
1,0.8772120181815333
0,0.5367337928564104
0,0.23374360873652614
0,0.31326549490945976
0,0.403699396024344
0,0.8376231592592274
0,0.03773911857526502
0,0.3405666404788115
0,0.2011423825483406
0,0.8809574729820252
0,0.4800096242075739
0,0.011513425610561593
1,0.6107716191277124
0,0.5343258137908532
0,0.49166353835529547
0,0.07911878669715557
0,0.12687485730799505
0,0.5343747188361463
0,0.42886271113920593
0,0.03609309551668869
0,0.7436027015910487
1,0.8294945199116978
0,0.01176880390626782
0,0.17581091875718755
0,0.16865457109964047
0,0.07460054454913287
0,0.25316006487623155
0,0.026167058869019235
0,0.35311244869765557
0,0.18823170205932702
0,0.6719144659603989
0,0.4277955647296802
1,0.9121333918520571
0,0.7643533303445545
0,0.6780043525282756
0,0.2814075686996868
0,0.7284523902778697
0,0.008668820049677969
0,0.3943386704021078
0,0.029152339082325764
0,0.37074061174460693
0,0.023928261305382892
0,0.6901008512502322
0,0.0470830570137399
0,0.6206610169983524
0,0.3131092722503452
0,0.16433418330898464
0,0.06617975148907657
0,0.13769330657298723
0,0.11198427361016977
0,0.20164755703193582
0,0.8558110053167286
0,0.44982237807289677
0,0.028805804397169194
0,0.5768191281577135
0,0.8943457727807855
0,0.023302828235185105
0,0.12770483699207055
0,0.0364543274438513
0,0.4190130269427855
0,0.5375285394348449
0,0.03255739606242898
0,0.08672216338205978
0,0.5247472459635509
0,0.11050091347021157
0,0.6405070687913714
0,0.007463276428710464
0,0.07136727030252485
0,0.5719734112998793
0,0.05108520912736152
0,0.565694422908387
0,0.0642197214137966
0,0.9217058295059358
0,0.05893678356585968
0,0.8421063395108377
0,0.02388155768942058
0,0.7394837443297437
0,0.2842371974616025
0,0.027072431411210143
0,0.825919904235041
0,0.05357806205528705
0,0.48429575214593157
1,0.7043783555497264
0,0.46944149522810047
0,0.26102820550856537
0,0.457884015845971
0,0.008231336067759583
0,0.01619609848919269
0,0.1505789043476761
0,0.8031771111494376
1,0.6054459939656687
0,0.003970431341346795
0,0.5978115863851047
0,0.22354544960511583
0,0.17094441707364297
0,0.014080294891182534
1,0.6066459681002704
0,0.15978407646410317
0,0.03477475595286362
0,0.2850038401807172
0,0.020075198769299
0,0.264234614171242
0,0.4005604421194277
1,0.4718735552947754
0,0.45089089118790454
0,0.4183185817705304
1,0.7162653918230683
0,0.5090311824472379
1,0.8792127621714467
0,0.8616294765738276
1,0.15425966634414265
0,0.05392947813873014
1,0.6283642699615906
0,0.8513624842685267
0,0.45404079362765526
0,0.10061635122775538
0,0.19596690720333385
0,0.4614678687085268
0,0.14640906214692853
0,0.10360245738874517
0,0.11435440514015491
0,0.9053736440052025
0,0.8426093977268141
0,0.009883894820093699
0,0.4892835391230135
0,0.7534276083601136
0,0.1071594898346032
0,0.13733375538873435
0,0.1607810123060818
0,0.13528396004165447
0,0.16491123886630965
1,0.9278547728920225
0,0.4707288762991764
0,0.1473288899333996
0,0.4234904332800013
0,0.13099671660074264
0,0.5058234969707341
0,0.1766058566101932
0,0.6072256735326386
0,0.04196139217693544
0,0.07709347921615373
0,0.06315380674724877
0,0.11140995045841795
0,0.13257569201895503
0,0.49533956804080875
0,0.002635626166443514
0,0.2682387118068035
0,0.04189748731937537
0,0.5282213115207511
0,0.2706243528952148
0,0.443034523420378
0,0.31337778538670946
0,0.0032912886446126483
0,0.3452423751798167
0,0.7693074547415889
0,0.6300926952438886
0,0.32862317899897964
0,0.011773928270855421
0,0.05330662645842875
0,0.7748951133320593
0,0.6829121132819448
0,0.020730866725800313
1,0.5501794615335236
0,0.079086949407129
0,0.7718009683967575
1,0.5153384233685373
1,0.9125025234765671
0,0.35965209952323673
0,0.02015520181775649
0,0.10017579385380555
0,0.3175847486646252
0,0.03677177191834779
1,0.8848972552161121
0,0.5012241053697348
0,0.08163536896625304
0,0.25497585931673283
0,0.32114454686371474
0,0.23867793711110194
0,0.7118497511132971
0,0.2631349207233696
0,0.03862025466235017
0,0.05268828805127224
0,0.8416993664503857
0,0.013071806184643415
0,0.0051373573255106865
0,0.2892825150173861
1,0.9752312239260809
0,0.563961492969059
0,0.1620815207272238
0,0.9074667013438066
0,0.250463024318242
0,0.7434913171262684
0,0.11377525878838997
0,0.10727472036338324
0,0.022391275242390235
0,0.7055248153726706
0,0.16184282379221038
0,0.8023946089483952
0,0.03529282642834493
0,0.4004527379548621
0,0.0731002040040158
0,0.07659998222314753
0,0.37645241171873617
0,0.15236585178561224
0,0.07591584669839706
0,0.008989765913351907
0,0.044165626097971845
0,0.22940641791674918
0,0.807235530077467
0,0.18920362162332746
0,0.31080607737493154
0,0.3301460116642129
0,0.6826096435464194
0,0.4704486030047315
0,0.14482041810630789
0,0.5754422852460791
0,0.36027758949686245
0,0.4926654424762016
0,0.5810258061635536
0,0.4416385660794264
0,0.22674088394437836
0,0.8557749054028716
0,0.6018952610274158
0,0.028488431781780465
0,0.2562366021395417
0,0.0317220541005872
0,0.03531207807705179
1,0.6852097801016098
0,0.15700622491750296
0,0.11376456922699997
0,0.4431837629342652
0,0.5392301492567289
0,0.2985831151490926
1,0.6645953626692833
0,0.05362942480231549
0,0.71090831633704
0,0.005166374299192958
1,0.9304848227789698
0,0.08694155203129912
0,0.2022609007616914
0,0.014106833965289776
0,0.03965640449227407
0,0.7216326297600166
0,0.37386990178993934
0,0.28782424159064696
0,0.6612682140990362
0,0.4602908082840338
0,0.6055340590729276
0,0.28164516553093605
0,0.20772165694633124
0,0.034652966038853504
0,0.012250696771509697
0,0.1202741308533015
0,0.5546536974293617
0,0.7842121899793003
0,0.10056315601676209
0,0.18837203708255873
1,0.9156775985655119
0,0.1798928671754355
0,0.6502451048376329
0,0.020282835667492238
0,0.33982499502344116
0,0.5281749849706091
0,0.2967118706604428
0,0.0065047167603247726
0,0.013247674381448344
0,0.4485968310405531
0,0.10456835825349628
0,0.10504735160668566
1,0.4579268431282964
0,0.5707254092330237
0,0.03476517500697275
0,0.5299741868811355
0,0.07639497081305834
0,0.06120201586596756
0,0.6612546029777054
0,0.526622994102449
0,0.010249494985504183
0,0.5413164609300498
0,0.03145655829204611
0,0.05487056310946217
0,0.0069561696519700395
0,0.0068299567048653795
0,0.11760624782791478
0,0.32586082820535334
0,0.24606183017135452
0,0.07733647820332586
0,0.03008524747057549
0,0.0408959049176633
0,0.14126442778387546
0,0.020244760942362237
0,0.35752957603369817
1,0.8617766550409519
0,0.2813653232850506
0,0.13723166613164697
0,0.7817416920132164
0,0.18451189974111845
0,0.5459430996378647
0,0.329715939519822
0,0.12226433561090913
1,0.9251846211064751
0,0.2284028978965062
1,0.8732051760548248
0,0.33969207543055857
0,0.6867694572358908
0,0.007661700188311034
0,0.025120840935954413
0,0.0019646471125664756
0,0.013673094458892825
0,0.22084806202915494
0,0.1292205563519685
0,0.11603156151590668
0,0.5620977019596761
0,0.150157473793558
0,0.02359529573034426
0,0.033224581470503334
0,0.719792293217716
0,0.2558531784937715
0,0.6951885587164907
0,0.2620237776371095
1,0.1499210110086466
0,0.004269595700655745
0,0.5586899030222314
0,0.5492840793854501
0,0.00960703663390247
0,0.14156867476466
0,0.24173806689090896
0,0.033784535288582704
0,0.772924194019054
0,0.39326397247574413
0,0.01566009004800162
0,0.09289102970395835
0,0.6054569549020208
0,0.017173373442228988
0,0.6173808472869529
0,0.011829029878772114
0,0.29172582682788945
0,0.3534417451215614
0,0.19297258289311953
0,0.40964148365698566
0,0.4198010134279678
0,0.412946434908982
0,0.24220166037955757
0,0.008546805991112842
0,0.29401373996558483
0,0.5996846985076181
1,0.9468902432972781
0,0.08446172472460013
0,0.2183199637036266
0,0.04677619733003068
0,0.8644932271029739
1,0.8997962673801251
1,0.796465082615905
0,0.06452554164594712
0,0.18893848389299497
0,0.06211053972592596
0,0.04326393694209999
0,0.7530768852783586
0,0.12445720080849665
0,0.4783075182068838
0,0.041148683604396136
1,0.8322973547868254
0,0.6963087797586933
0,0.14966389419368395
0,0.4958350635389958
0,0.022593519413702218
0,0.03367627097331657
0,0.2819245955022981
0,0.023876981576894604
0,0.939762317836717
0,0.5412498991934438
0,0.01723843153927512
0,0.45711693028236006
0,0.024695804697697037
0,0.3906160943007718
0,0.10444708641552536
0,0.8331635332779408
0,0.04895402733011977
0,0.2885521954272273
0,0.641886959299883
0,0.010622325957055891
0,0.05746519732003241
0,0.02783083499519135
0,0.0364075502183135
0,0.4889417768959798
0,0.5817694735383184
0,0.8178376383169902
0,0.007873227938700426
0,0.13124711517999618
0,0.046208148917944995
0,0.024958201212422957
0,0.925350494185446
0,0.590653278303039
0,0.36171449451923254
0,0.035825164751507724
0,0.1784068414570749
0,0.755926459844418
0,0.3652020274839058
1,0.9006205186147248
0,0.5406962698614117
0,0.10104999749687049
0,0.05288602251364277
0,0.4974244350255602
0,0.1670110576221163
0,0.0165857599413675
0,0.33533450912879026
0,0.0691349482772697
0,0.012029858653757056
0,0.06749925894983758
0,0.2583892169266021
0,0.368822700510022
1,0.8733895707935574
0,0.10683733468051744
0,0.5170968969826245
0,0.17478346208671217
0,0.02231293937268181
0,0.5546548614985674
0,0.39991628545270647
0,0.875715152940472
0,0.09116574566790453
0,0.9354134919803176
0,0.12612497935488834
0,0.14532839335073724
0,0.12196796444225261
0,0.034822669785542215
0,0.2731067220547755
0,0.9045171879799309
0,0.28052170890190575
0,0.022606539695301454
1,0.4323756150556055
0,0.2828644165412406
0,0.25067175409658754
0,0.05173794374996679
0,0.35455359165680606
0,0.04500624014318078
0,0.01943178348631785
0,0.6590084437903152
0,0.09379381391178021
0,0.26903069871622665
0,0.0928415602735636
0,0.4580066800278378
0,0.07778690278823738
0,0.7935109491652272
0,0.001854293869770597
0,0.016727949151736952
0,0.10289546818482415
0,0.8258970170688301
0,0.039423367781876134
0,0.05282579553006576
1,0.9040092222757291
0,0.5413527223801432
0,0.43287769945755816
1,0.7631169275297369
1,0.9240894806845592
0,0.2680935091737126
0,0.5814668155751709
0,0.0077384986635258045
0,0.06057176838643259
0,0.007567933188220094
0,0.002484399606424563
0,0.045740108078336235
0,0.019541568534066352
0,0.26283732445165275
0,0.485093559403805
0,0.20006121721930817
0,0.10300322121660971
0,0.012312833056772568
0,0.8451656351560846
1,0.12734789885673262
0,0.13494167929033285
0,0.3089086611776011
0,0.8055350535411089
0,0.9040202281552525
0,0.6007628316357593
0,0.06836952279128379
0,0.43677791946034616
0,0.49430281255929714
0,0.8277938176459457
0,0.027364540400982858
0,0.21031911706666062
0,0.05356344205694201
0,0.10816335693231255
0,0.5161758827644823
0,0.006437357576261303
0,0.6098269165758247
0,0.5914685673694375
0,0.04184910375748479
0,0.39987175630060773
0,0.7736069544999389
0,0.06579311033606329
0,0.019618400068336726
0,0.8094468120770086
0,0.23087428239740973
1,0.7473262816747068
0,0.011173207377787847
0,0.2508111504777024
0,0.03344998894964695
0,0.30085918706093007
0,0.21244009484724893
0,0.11749454462301688
0,0.0508244977199271
1,0.19179569321078588
0,0.9145371968502636
0,0.18135691836379741
0,0.07006369021002655
0,0.4165551632557702
0,0.03848859665283856
0,0.20482830477125735
1,0.6426373995508461
0,0.2529766798846623
1,0.747373306965555
0,0.01241611499411652
0,0.09957442438070825
0,0.7116751966473984
0,0.34954327855802997
0,0.5401441068186102
0,0.1789865464319835
0,0.2736477553876272
0,0.024589000087178126
0,0.883374804407006
0,0.01396955655801365
0,0.012518910907847763
0,0.8454766189328692
1,0.5387113015092628
0,0.09428536692417899
0,0.8859507966865249
0,0.1072957264106087
0,0.8125387279108199
1,0.6491107926950017
0,0.07577289980563619
0,0.3892438846805625
1,0.9195083341243289
0,0.27651787644876336
0,0.15312721547571873
0,0.022863857463713912
0,0.04961435089338792
0,0.10497979905842131
0,0.01244158451359208
0,0.06907631560445353
0,0.11347905189613977
0,0.24168126015554756
0,0.029927904453241082
0,0.3165881137931518
0,0.8828780434377442
0,0.07288572107301333
0,0.005781954322339927
0,0.4211099372187933
0,0.4839278579236648
0,0.30853041344511667
0,0.36238348885960975
0,0.32321418522013695
0,0.31364530888270004
0,0.7676622614345769
0,0.01776947725137817
0,0.23084546704655173
0,0.10901668179485337
0,0.04392241976261449
1,0.5133853712810481
0,0.13024457557761523
0,0.33263822959977557
0,0.32521763299866774
1,0.2499130991971427
0,0.20014722739283147
0,0.6788249472959159
0,0.6506405476960989
0,0.13987918461809568
0,0.026120245772597958
0,0.1476385494949088
1,0.46050748782868234
0,0.04288399739273051
0,0.2359320591124856
0,0.7136831856061567
0,0.8475206667570635
0,0.009591165316453298
0,0.29717326081876205
0,0.9210698918270555
0,0.23577198817959102
0,0.6872260864508142
0,0.6559027118960056
0,0.32360674497071373
0,0.19415693091896127
0,0.10461512634490479
0,0.6723502775522558
0,0.047795348433601274
0,0.6329397910863703
0,0.028674891361861656
0,0.23160412287107532
0,0.42500454354561645
0,0.04069778007418626
0,0.3547081457551002
1,0.9714869621177207
0,0.17223743361695143
0,0.3143744840136278
0,0.5765276671179049
0,0.20804861903485505
0,0.14533847657102186
0,0.7342780252411207
0,0.47698637386879567
1,0.8450959262267601
0,0.5224248809517184
0,0.05983659616648801
0,0.11797186450309231
0,0.12795196776512838
0,0.886796138499716
0,0.817747603362105
0,0.8327731032020556
0,0.8952867078328479
0,0.021046843374152004
0,0.6381930560983853
0,0.2912068680914284
0,0.28884202023384625
1,0.8632698215642352
0,0.7041055610083629
0,0.180242243417342
0,0.03187717549971813
0,0.23241751430994465
0,0.13113877111422606
0,0.6297061122725831
0,0.5383062831211068
0,0.03885946181084713
0,0.7854118999736385
0,0.0058265831423453315
0,0.9429256093672098
0,0.2962883161247143
0,0.00437891766194396
1,0.563835533767622
0,0.1781714256530932
0,0.07822218308799231
0,0.7013581749482012
0,0.03291603499411912
0,0.009597440516288738
0,0.03150948403822407
0,0.5839887930538257
0,0.30695803287177253
1,0.6128618575490036
0,0.17805988175928789
0,0.01566901489119537
0,0.11062076703286537
0,0.40421778736954317
0,0.6400127100991654
1,0.4317700443367141
0,0.9456702342655817
0,0.09900752201363146
0,0.15375418240678143
0,0.38451166219313637
0,0.5550891684118564
0,0.5666332366747262
0,0.7381352230936434
0,0.010354680334488213
1,0.4536602679076909
0,0.35737644790098705
1,0.7216326297600166
0,0.15934825013616866
0,0.06579383187531478
0,0.11027802703711773
0,0.06556487735284018
0,0.14870672757350148
0,0.4013462822082484
0,0.34344594684412055
0,0.4140247804587154
0,0.007850445494251491
0,0.17349848845325302
0,0.8070151578321476
0,0.11554491236595074
0,0.06558169930381079
0,0.19029250075076845
0,0.22486924459792385
0,0.029600056261608627
0,0.3129331659469552
0,0.03957899553109775
0,0.08999135139886737
0,0.8572379545646859
0,0.22614339683060802
0,0.0885542017708753
0,0.7844289641792147
1,0.34888898929906587
0,0.009434751641816057
0,0.22643778674551376
0,0.09624456702020695
0,0.19144291962251794
0,0.46550407063725396
0,0.9484979944885675
0,0.9284927491062046
0,0.019783824555942287
0,0.020811797013095948
0,0.6638985392072583
1,0.32958069949781515
0,0.6173086288259272
0,0.24324192528502997
0,0.7008884116767367
0,0.022626138906312723
0,0.19942436513309575
0,0.06022359579840888
0,0.13727601789685143
0,0.7813504217608723
0,0.5190980278141953
0,0.69316128342356
0,0.09787916147388545
0,0.47795053741649224
0,0.1585667314329171
0,0.521934985336452
0,0.4408298198825966
0,0.034376044100859884
1,0.8112401890565665
0,0.3641510970295298
0,0.1273478647941706
0,0.8203060622692597
0,0.3565824420042005
0,0.7589794841578705
0,0.2219262994030165
0,0.28278543764206127
0,0.03241788349797344
0,0.6051064282166139
0,0.021500954532871583
0,0.06777216018749134
0,0.5165379518996275
0,0.5685066468977646
0,0.06705823140420071
0,0.6768253179937436
0,0.30669850429115714
0,0.22081444041988663
0,0.01479341613749135
0,0.33797752663479325
0,0.6833991160423396
0,0.06808983400061641
0,0.32184232990320427
0,0.0464107444196971
0,0.5747506851351797
0,0.008926741264048884
0,0.07155610491695234
0,0.7871667785456963
0,0.820427896012943
0,0.03674708730227873
1,0.7726403890204773
0,0.6927422503894279
0,0.3073812674264073
0,0.40158985967172756
1,0.8931293545551006
0,0.27388384627606843
0,0.044031755698313454
0,0.0023938746928894084
0,0.9658553440548432
0,0.3829292676695351
0,0.0728802269942534
0,0.2726973175683296
0,0.414954030445815
0,0.14229605163262668
0,0.46270115156600433
0,0.004418805916487583
1,0.9547867269186935
0,0.5186150371564485
0,0.07656512326562832
1,0.8328929665882654
0,0.055170165332104296
0,0.05325828094946658
0,0.1853738984885658
0,0.07486417672032168
0,0.5413963029310624
1,0.6496284694154442
0,0.7816513625237936
0,0.4896881017312717
0,0.042103828371259124
0,0.822083859258052
0,0.012955201120203035
0,0.0049353181302249464
1,0.8804316883150217
0,0.024155458667898755
0,0.19420204699541666
0,0.7133486654633234
0,0.11811021064534367
0,0.05397352462875316
0,0.2598802880100321
0,0.19715755966495177
0,0.270023418293613
0,0.7357433959610747
0,0.10572971135185462
0,0.12161330227340457
0,0.028837295778149478
0,0.028917435644352268
0,0.008358055211203742
0,0.17450511830674725
0,0.37928921417045997
0,0.6737207979718025
0,0.7427932265597361
0,0.1802688478981824
0,0.08737335231010948
0,0.13683634413321688
0,0.411094576712332
0,0.04931682574918916
1,0.41195605116432454
0,0.2285779699720858
0,0.3955322668031226
1,0.5978433717968331
0,0.26779118741654356
0,0.6769523095737192
0,0.6061020674440469
0,0.16022579344177978
0,0.774934236134517
0,0.06387151758819344
0,0.21150963611489412
0,0.02827409726099217
0,0.04392294205816496
1,0.8987621342109252
0,0.48357290373457673
0,0.012404230218748223
0,0.16770442895670312
0,0.08631951726253496
0,0.11075856612526495
1,0.5806333052435462
0,0.9668282014131585
0,0.008263047199684587
0,0.6667616609961596
0,0.5725105093274944
0,0.0288887882050166
0,0.9702601538481604
0,0.010722073248117107
0,0.2500442957383606
0,0.5509169294539689
0,0.010705019261573582
0,0.0799549513463425
1,0.5467723014824695
0,0.19680753743207793
0,0.08541178202449204
0,0.06271231958357365
0,0.04298556551371248
0,0.8625007986666677
0,0.1735408895309251
0,0.012330434757537322
0,0.10719975123590411
0,0.026238841670221596
0,0.43866466655601005
1,0.6493031377216171
0,0.06324328802434184
1,0.8678033474163124
0,0.27758443421119633
0,0.5820120297175321
0,0.27968269095584364
0,0.13597183895319434
0,0.8119081433339701
1,0.7532255558406815
0,0.8837581441212187
0,0.009271279781285625
0,0.009888281785153195
0,0.10696376012980223
0,0.10640806928757585
0,0.9566456016313982
0,0.538092271535814
0,0.6503399975720906
0,0.020863332507154407
1,0.9508562809920106
0,0.02841086193391097
0,0.6739249527065795
0,0.23744660191338932
0,0.0737434694476971
0,0.23075617315642424
1,0.727246717637272
0,0.43422907910672737
0,0.8286743950783977
0,0.06388278133890876
0,0.3984319870467575
0,0.01020377743828968
0,0.11340487572255702
0,0.19794677911621703
0,0.8652947658048742
0,0.17861721983922252
0,0.5449440563912096
0,0.08714514544941365
0,0.43633734801876395
1,0.8912569597326321
0,0.018173184992351127
0,0.021141597435089577
0,0.09209084759423823
0,0.7385862000990335
0,0.002577852645240949
1,0.7432144602155509
0,0.5965265326581605
0,0.14715470091066113
0,0.18099014095196111
0,0.25504497339704363
0,0.22382410063584027
0,0.1579602264761849
0,0.4056358796181631
0,0.08402452558263603
0,0.5447355194742155
0,0.038160635060329955
1,0.9535280490833663
1,0.5647912798050214
0,0.3927470656900192
0,0.20784397315743633
0,0.44303819091207985
0,0.1716992149690537
0,0.2196821336939413
0,0.5878411602340982
0,0.4916477823315777
0,0.5621588996145259
0,0.00914097935755422
0,0.005227990969975579
0,0.6016015862431128
0,0.2157526703779288
0,0.05935570775891138
0,0.61437181287108
0,0.011849625668200761
0,0.31300359048040133
1,0.8452452735497875
1,0.2468778693958101
0,0.06052104611644177
0,0.062143711838707795
0,0.5057844255206905
0,0.011450688428212513
0,0.748294727043562
1,0.6510179594142496
0,0.5975606397248474
0,0.40058245169895756
0,0.7091001055334325
0,0.06552876432973023
0,0.01638596922208884
0,0.04067430607664645
0,0.03663022525574276
0,0.004073759315472234
0,0.6115278745536479
0,0.018475898191864314
0,0.5088830464741997
0,0.9454328090839129
0,0.01639321335644914
0,0.05666871239475443
0,0.05543585679044616
0,0.12352649730126575
0,0.06238673696793683
1,0.8926506411511618
0,0.6332581574918263
1,0.539780304625708
1,0.6561402443308479
0,0.09702605147413507
0,0.0071391349291820266
0,0.4623871402561806
0,0.1253160116453953
0,0.17372924390839103
0,0.15535208164777625
0,0.022362515372548127
0,0.1615716008072457
0,0.03519512103549187
0,0.07297077702794305
0,0.03224213703514458
0,0.13585220539710371
0,0.012214448846704262
0,0.41420312585005936
0,0.17093952304538995
0,0.47601517530233933
0,0.040281983238795956
0,0.0183926869206119
0,0.009219632255722015
0,0.09256052648516536
1,0.9211478602572778
0,0.7833228969111928
0,0.25756257800706595
0,0.8254742233126536
0,0.255303326286021
1,0.9293614173689578
1,0.9015219585219308
0,0.07635271549027413
0,0.7530947944678673
0,0.8916442324711598
0,0.43413744317200365
0,0.4160996891571818
0,0.15596473335986097
1,0.8070356325028835
0,0.23143699797256043
1,0.8934971225661439
0,0.7652610414785295
0,0.02707806101391631
0,0.8066213261233893
0,0.8703137960786415
0,0.8068347694706217
0,0.8255247572669211
0,0.6519471150655863
0,0.27810695273545594
0,0.10650106414000379
0,0.02949827945456545
0,0.4018673832507507
0,0.08438687736428514
1,0.9293778045508918
0,0.03592967482662715
0,0.04074829574083469
0,0.14336301966922996
1,0.41618601615942574
0,0.11028901088573419
1,0.9045446379557087
0,0.30812737618827013
0,0.2663654431540344
0,0.8206591085400616
0,0.4864741930007552
0,0.5256577137401132
0,0.5803625918251496
0,0.35621841497034323
0,0.74888198319675
0,0.4482088489459177
0,0.8943488392971463
0,0.035691193750417446
0,0.07236140789818678
0,0.4514587714157168
0,0.15750043483755063
0,0.4835074158598301
0,0.8622510133581234
0,0.14810156824863896
1,0.6410556020994617
0,0.06712138944408338
0,0.5276198362778636
0,0.39243794567403434
0,0.8001720011345579
0,0.39313023901421773
0,0.13868675942524225
0,0.04743365398667347
0,0.03116460193552671
0,0.8336843932047664
0,0.8325485383859862
0,0.019901838143782262
0,0.18295342617813384
0,0.036460132521185844
1,0.47501815518139834
1,0.6971400657310112
0,0.9429201653429038
0,0.029900080396041123
0,0.7009152232139647
1,0.918049755168024
0,0.04051405088304232
0,0.028723200063936055
0,0.8758599186569853
0,0.08919937722633353
0,0.5847026930221983
0,0.1520881454086492
0,0.5033709715885134
0,0.8046675769923513
0,0.20475844956968825
0,0.03283173121930446
0,0.048060097349360946
0,0.17424956195012284
0,0.03835503887598117
0,0.06533968874266123
0,0.1063980678780327
0,0.38507863354141714
0,0.023009504491317376
0,0.1399641620621685
0,0.29260262369326845
0,0.5125419160365695
0,0.060438079517454175
0,0.006860990080169944
1,0.398936854777929
0,0.2596801115955852
0,0.2578430556945489
0,0.40586407018029813
1,0.7007757483117774
0,0.15281715444051838
0,0.3921673541442448
0,0.30169061941645947
0,0.07890984142562496
0,0.9251370108762741
0,0.049580299206994874
0,0.2987317170138881
0,0.7713996087013836
0,0.20912414549065603
0,0.09902977140516235
0,0.24738869237429834
0,0.06401005565744139
0,0.34862294690963164
0,0.03405367936656485
0,0.08275320710442516
0,0.9289683268046307
0,0.941189392243668
0,0.028024394539721036
0,0.36728643798179783
0,0.8839265470991984
0,0.11569151923834323
0,0.15622823748622439
0,0.052357954196528375
0,0.6818165292521823
0,0.2599972091657072
0,0.49105209866627575
0,0.22378772479064363
0,0.0860773211735988
0,0.22508095845773546
0,0.8423105654595328
0,0.7570450322824829
0,0.27172347468971875
0,0.13119756743988287
0,0.4410842217254832
1,0.7971386489492386
0,0.027841945778581248
0,0.8227972253657158
0,0.09417221104667098
0,0.5323764134052137
0,0.0689225851868714
0,0.5000871900708292
0,0.04623366941218269
0,0.06613521401500953
1,0.8206569153311202
0,0.8087585126301667
0,0.6670096014820306
0,0.6425270721525277
0,0.03948385601845408
0,0.7485665596766864
0,0.5439608733140275
0,0.09057171652498701
0,0.6629420256812073
0,0.006064612157921226
0,0.12350137039209762
0,0.38789688750992174
0,0.0478089568357009
0,0.09897165661209607
0,0.050278598877685377
0,0.7536227941333965
0,0.48985887482244583
0,0.15209841646662495
1,0.7587488621434079
0,0.41533609723807846
0,0.7166453735351089
0,0.05431936907990037
0,0.3906895249484295
0,0.5172978373704167
0,0.04642343828135682
0,0.11961449834993701
0,0.3582623610007467
0,0.1766669660195346
1,0.8710965151907152
0,0.17023612759040369
0,0.18484680892264832
0,0.09275506245404529
0,0.004086326963568581
0,0.19389492540881872
0,0.10336283894813439
0,0.011375304920268609
1,0.8653843851082754
0,0.07719943368521845
0,0.3128164100703316
0,0.010671538885298962
0,0.08398673292510109
0,0.09982505155368114
0,0.04999355718635431
0,0.13227238968537058
0,0.7237088308349973
0,0.13534093079350495
0,0.08828579524170779
0,0.029926751641715637
0,0.7780627849717638
0,0.8016077227037082
0,0.9011899196276937
1,0.881897543378021
0,0.39464564957123177
0,0.24516801649878803
0,0.018552456692609947
0,0.19288233714862288
0,0.02559655446365637
0,0.28927089268790435
0,0.11912096044270334
0,0.27647649038380295
0,0.6154722789269104
0,0.004161159469567609
0,0.12901978215343654
0,0.5334335944295251
0,0.545679595785227
0,0.29407813809848216
0,0.09514982811567722
0,0.019778755186830563
1,0.8716886381986361
0,0.11175450746335513
0,0.20869070089899808
0,0.8885464279094653
1,0.8655954330063613
0,0.009439493608205826
0,0.23510032506513695
0,0.014567930232702588
1,0.6884663650936165
0,0.23084906730724675
0,0.06337823498724174
0,0.08952745086608688
0,0.8338175790565944
0,0.547606681090738
0,0.08543655650843218
0,0.12597846966765855
0,0.28542541388371
0,0.291859514183165
0,0.6290657921301432
0,0.009253012552241955
0,0.896506269247055
0,0.5062864888236803
0,0.7171547949420171
0,0.04415603273874219
0,0.045597264409924204
0,0.6726326603395072
0,0.2531670157629635
0,0.14470339241333743
0,0.41920074813247965
0,0.3217997273219831
0,0.02561320307117423
0,0.06593731389927425
1,0.679429658186342
0,0.1457303008729026
0,0.11533047499247116
0,0.33818049394551036
0,0.11836304408024743
0,0.44348217951897856
0,0.5035378316241771
0,0.5493782545410704
1,0.555348382601713
1,0.6117105027464607
0,0.7098158733922996
0,0.5299594917641001
0,0.3495110908957975
0,0.4060315951120629
0,0.15090568697301407
0,0.048649559044095195
0,0.033500324212118654
0,0.2709431721327899
1,0.6745464729593428
0,0.9099068913277523
0,0.2177585655164766
0,0.21030024552809293
0,0.15484051899596363
0,0.5472407052449392
0,0.4935452005286999
0,0.0610566136610454
0,0.10441343364700752
0,0.010398959102192703
0,0.15091342231992785
0,0.13021460569325982
0,0.06550744052049604
0,0.2740156629919456
1,0.8584611603686759
1,0.7795577915366767
0,0.14611997804253926
0,0.883922678640729
0,0.006586088233229527
0,0.8668096747380735
0,0.7528799802100465
0,0.34460914770350676
0,0.04375631370106844
1,0.7955666019111752
0,0.3028309904896863
0,0.5354339345687774
0,0.001509614992601197
1,0.6520820556777939
0,0.10531200847965204
0,0.33842402104126873
0,0.17204120193244204
0,0.6193865931744387
0,0.038639706206010475
1,0.8749760678468318
0,0.11945107593483688
0,0.21641748702315475
0,0.7558909343281477
0,0.5377348886135928
0,0.9249531768000195
1,0.9094400308688467
0,0.03225953947455314
1,0.41178734060253275
0,0.08608170693969637
0,0.2563663636398624
0,0.5464451785940128
0,0.5370541219915156
0,0.6856165236433428
0,0.6591888829157463
0,0.0596505484429675
1,0.4230375137130842
0,0.875377639110774
0,0.6940997006991109
0,0.5983526098554433
0,0.04189748731937537
0,0.006510179291628112
0,0.4181960644678629
0,0.35110053409351794
0,0.13079099098523042
0,0.17768202448263853
0,0.02081424053719166
0,0.5940325902669835
0,0.13909234189319644
0,0.06934410980496705
0,0.33938134934565195
0,0.44262752409661565
0,0.2058221079297232
0,0.032080448811816764
0,0.13488849425329688
0,0.02142766429741061
0,0.005232502224018839
0,0.044165626097971845
0,0.0605596386841763
0,0.2416087286163616
0,0.07897854594306303
0,0.02079007669580155
0,0.013874791136276519
0,0.05614489322588585
1,0.6356953420543583
0,0.6129085567982724
1,0.29753446565865316
0,0.012826512270737027
1,0.8790580438276819
0,0.3714732732595899
0,0.09290527858176455
0,0.23992549073648478
1,0.6687339734334924
0,0.010724072739216241
0,0.19613108031888596
0,0.010993487898388953
0,0.6830990557730507
0,0.20920615907781973
0,0.17457882925767362
0,0.0831842958540278
0,0.11468715252689246
0,0.8329021262768977
0,0.2557765299491198
0,0.26509777471611873
0,0.05223011706806053
0,0.41285336119091126
0,0.396571509134934
0,0.32124830125739284
0,0.006986489764456483
0,0.00400755549126103
0,0.44915529513156743
0,0.11416392555673846
0,0.8930226356242296
0,0.47102698608929916
0,0.116019606549919
0,0.05912486069143042
0,0.2736427426107107
0,0.6086349564567415
0,0.34734946310222614
0,0.7613669202831717
0,0.6024589587934189
0,0.5427329552024337
0,0.02114769848392132
0,0.8431612769145324
0,0.6529432945063485
0,0.3719891410434336
0,0.4656911082366448
0,0.002698727782013866
0,0.017500923367514628
0,0.85735607676299
0,0.04333581017640906
1,0.37156830612914327
0,0.3809490396236153
0,0.7430038557163833
0,0.352795380040358
0,0.6100276423913938
0,0.8171913208845311
0,0.6144518750170991
0,0.02429641904726501
0,0.027341282294427626
1,0.8001007506260585
0,0.41420312585005936
0,0.10466593677638993
0,0.0994660774384669
1,0.8874925001100143
0,0.19031440312591974
0,0.23001181349027544
0,0.6765774488940042
1,0.9275834000403027
0,0.5098751493944534
0,0.4526281849319281
1,0.6619197756702473
0,0.8853718481655923
0,0.4756600761437375
0,0.5361657786314112
0,0.1268739739791489
0,0.3053164114784858
0,0.29014026897265194
0,0.020658063918896408
0,0.9259597218955904
0,0.03996493154895814
0,0.009053889387899106
1,0.5592955536165732
1,0.8396914285162861
1,0.9399568863688664
0,0.005895835956167305
0,0.8696098828715374
0,0.18917820134343832
0,0.1176206790653609
0,0.3540610497771648
0,0.030155544461979367
0,0.05446070359947717
0,0.17003852983945358
0,0.4431235911788474
0,0.9172776149382105
0,0.08401326083846479
0,0.1641776409350248
0,0.29568691434894595
0,0.08955528715892268
0,0.12066798153819472
0,0.01674826515177272
0,0.1694489917779285
0,0.09890785796678933
0,0.8388174805782406
0,0.09884617846396275
0,0.044134758347756486
0,0.18193329072339484
0,0.09301764778544738
0,0.26774425353773385
0,0.9262019889296822
0,0.17220882677846375
0,0.01465452974986312
0,0.07143695827557267
0,0.4902121515643222
0,0.018091490414818945
1,0.8486786209214227
0,0.2882527305274004
0,0.9324430656700312
0,0.3019390945331409
0,0.6343573351688365
1,0.4687535603589615
0,0.3897523389816843
0,0.10827180669813065
1,0.7915192762860037
0,0.11163993130868978
1,0.8876092320343019
0,0.2228311244336733
0,0.4820412423890336
0,0.845553539426443
1,0.3787292626078935
0,0.009674548258211887
1,0.47148812886723523
0,0.041113361794839466
0,0.29577337386172853
1,0.8198734545530646
0,0.018586473583088733
0,0.25059502564911396
1,0.7129624007361072
0,0.06968742145383175
0,0.6159183391554883
0,0.03186689947439119
0,0.8071914994416286
0,0.026964853715154714
1,0.7195214094678605
0,0.06671952000062967
0,0.46623373420355957
1,0.8760695285285311
0,0.028487117575432677
0,0.020958012097790454
0,0.4633578533028926
0,0.3306445941300012
0,0.02650144009354333
0,0.24154504777035912
0,0.5606807236106683
1,0.7901022003858083
0,0.4044687497704043
0,0.056363458643663475
0,0.1354686485003845
0,0.15715457724399354
0,0.16261666685307147
0,0.5405935638280432
0,0.028085080169208108
0,0.028235432742795594
1,0.3452435483051723
0,0.14854235981021593
0,0.012580183780777547
0,0.6884886478790414
0,0.8592891357546543
0,0.046534555906578554
0,0.7139053948004651
0,0.6206766894507508
0,0.006200000176136753
0,0.8127733149372115
0,0.07868836909447645
0,0.4829315205716215
0,0.03175845119782529
0,0.029156764919456277
0,0.7278053861261725
1,0.8688297355598174
0,0.35843740067205543
0,0.32470193372872674
1,0.8330495175220768
0,0.1928509493300243
0,0.12202144232845093
1,0.7691663682836108
0,0.21050241146586451
0,0.3303037976806553
0,0.13720883783855764
0,0.9328191002163456
0,0.4021629449729873
0,0.8691373826308999
0,0.3027036516933539
0,0.41493858267316447
0,0.5873646332303353
0,0.014743927947763235
0,0.25360511293404575
0,0.03620052160410619
0,0.067310673898025
0,0.6155793335188839
0,0.5961620814387264
0,0.5587710163593836
0,0.13269969045082783
0,0.6215469447820728
0,0.1927484273910673
0,0.17179845459678889
0,0.08363345368004138
0,0.9011086686952151
0,0.18843686184643832
0,0.5680232946414788
0,0.33138873865607926
1,0.6418029161629407
0,0.46158424575981744
0,0.19944822278564364
0,0.044181202729538786
0,0.05260466012086127
1,0.9319459888555293
0,0.00938197522632567
0,0.08179009988583832
0,0.2632297063272652
1,0.302041980634445
1,0.8373336888630266
0,0.19094163743650977
0,0.2752780791574279
0,0.4848202718950646
0,0.004110919019837667
0,0.7536386894554418
0,0.8689984645726533
0,0.30941292663931885
0,0.01042927977384378
0,0.5653313916655854
0,0.017001769361907785
1,0.4110414412344794
0,0.43033872835976045
1,0.7683640316976679
0,0.03531496755345165
0,0.09945258178579286
0,0.24061735007533885
0,0.8066346301694425
1,0.5237585614795884
0,0.8864046332016605
0,0.58247898165876
0,0.2435058029082936
0,0.6255307611938447
0,0.535012369528608
0,0.9367871811504747
0,0.5775380849412513
1,0.6955116722558227
0,0.16658945553211502
0,0.44011014509401924
0,0.5459023777958191
0,0.8427144969603807
0,0.4724784880992188
0,0.31571351685107424
0,0.7832874916946204
1,0.4718853063541111
1,0.8678501066227453
0,0.23557768256329728
0,0.8470166265858405
0,0.09404318053747304
0,0.07011168301488585
0,0.894832613991186
0,0.23188980429630546
0,0.03621503572915943
0,0.7418375507909354
0,0.008676071818894251
0,0.075127146558077
0,0.35634874771004155
0,0.06323237814938183
0,0.005266057545317179
0,0.6040156010903681
0,0.10621733634476284
0,0.19788253075815904
0,0.02055765270523937
0,0.22550818825642624
0,0.5313311492706906
0,0.36491050183489054
0,0.011725017501357448
0,0.9262160971954958
0,0.008887102354774424
0,0.10539079799174876
0,0.05574539262178657
0,0.6823700471228988
1,0.1889617491131369
0,0.16773701476230465
0,0.5808330110177192
0,0.3545024268283342
0,0.5845313926616513
0,0.5631392242160504
0,0.42601578451925215
0,0.2207815738117611
0,0.038453036142594425
1,0.9021513882887862
0,0.7808779856599232
0,0.06558777874533926
0,0.4500602048058253
0,0.0473509188012051
0,0.009784893744676048
0,0.017681084912760103
0,0.07289517865758603
0,0.020205978692185673
0,0.6308034848150514
0,0.27531075668006766
0,0.038357374034944325
1,0.24956011019067867
0,0.265428741775088
0,0.565212630457345
0,0.1916236336929078
0,0.01533561493321638
1,0.9210363238168096
0,0.021323071573069265
0,0.8051377280799403
0,0.3344166799475748
0,0.3320280564567506
1,0.5519139985597797
0,0.47416033926112705
1,0.43214167913422374
0,0.18634071938465208
0,0.08275448091619154
0,0.01643946619994224
0,0.46159022707967867
0,0.5285239606888269
0,0.0868906665079066
0,0.7966569357278834
0,0.5334287825347286
0,0.5120065445115357
0,0.036694237467153154
0,0.9440672281129007
0,0.8315971186427028
1,0.24318560843317275
0,0.004753964240152141
0,0.19508840610630115
0,0.21006326789069632
1,0.743980801959624
0,0.34681960414977864
0,0.6431221866301656
0,0.04106965520799299
1,0.7363788444647716
0,0.048851396759991624
0,0.43208454645445
1,0.3200944369834614
0,0.05686010563844229
0,0.009089767121377509
0,0.23683580380292887
1,0.8760504242283355
0,0.5052488000221445
0,0.13895387064123008
0,0.9219875633771226
1,0.31189547813248025
0,0.4619938686118191
0,0.07354242878345739
0,0.1809616505540671
0,0.10757647134024723
0,0.8116424696813024
0,0.05133281842878961
0,0.5185966000939838
0,0.09745770891462789
1,0.876442825415641
1,0.5799774513845538
0,0.8636124323351148
0,0.5572694226679689
0,0.00993411440632761
0,0.36134684312626125
1,0.9497480642973644
0,0.7748707973694094
0,0.007435659331400534
0,0.22544722150289928
0,0.14029734419179832
0,0.23519406749693472
0,0.036361779186533244
0,0.3861707181351673
1,0.4732539871230732
0,0.12160762039123028
0,0.9240934165071667
0,0.31211708670206845
1,0.8744130335394206
0,0.049557908491311815
0,0.5011963417049717
0,0.19827625758893885
0,0.5550705033541934
0,0.9694417648772389
0,0.167897689407358
0,0.5296126629276177
0,0.5031016005466487
0,0.6261922151050386
0,0.2627540418208303
0,0.5261095512847145
0,0.12060659222623231
0,0.017933944033334644
0,0.02033643470941379
0,0.3932656147918659
0,0.8873877788810014
1,0.9664127894712891
0,0.03771088651107299
0,0.26987708846415887
0,0.1547555353657936
0,0.45880033148940175
0,0.04944365311598658
0,0.7559028063368857
0,0.4855585380678443
0,0.01170540637866011
0,0.010045776544511479
0,0.8234156201660565
0,0.06509781188428215
0,0.8065506223113138
0,0.18139318163715348
0,0.1681685320975574
0,0.35319874802473533
0,0.03992281431715235
0,0.35427082218933453
0,0.2569269647903389
0,0.009716391616679625
0,0.7464899304631925
0,0.9257261936795262
0,0.1267214997496647
1,0.848422999314572
0,0.17001609275762783
0,0.5991579325315984
0,0.03304862230019111
0,0.2050279314928725
0,0.028379908898639762
1,0.9430049102015312
0,0.06581794349732772
0,0.06530713811885816
0,0.2836418589869344
0,0.2587209235340592
0,0.7024052276722079
0,0.016565876564966615
0,0.3885254919587436
0,0.02968070339568692
1,0.8738900531846151
0,0.49654750997163827
0,0.41341873276442115
0,0.07924099675741243
0,0.4246133234539133
1,0.6544343337285533
0,0.41963201656434423
0,0.5738514944816793
0,0.07102228421823353
1,0.5822619904987117
0,0.5089145829496726
0,0.9100135579831158
0,0.4721134748346198
0,0.31355917524754945
0,0.019129887959479643
0,0.22236271096533222
0,0.07136727030252485
0,0.7436298830893818
0,0.24340186137620745
0,0.30222648587932394
0,0.06498824720190216
0,0.02811452296812145
0,0.31690659816355404
0,0.1689146951215424
0,0.22258590562482145
0,0.31493995037585154
0,0.21297191065435625
1,0.8224520898356666
0,0.5097806188768296
0,0.32930067326939766
0,0.185958930803518
0,0.7949877198972946
0,0.011363589774333951
0,0.67534135192993
0,0.544538715270611
0,0.1347327585169063
0,0.8309512036695206
0,0.7859656151174521
0,0.022585650910398877
0,0.22695290278766156
0,0.22668050908701898
0,0.6261587168572944
0,0.1251644982509835
0,0.8053262921028411
1,0.828874485987884
0,0.03694978987228268
0,0.11254202473137977
1,0.9082772039060872
1,0.1181513132726881
0,0.21330079630557858
0,0.15828768860850687
0,0.166537669602026
0,0.8963294659853639
1,0.935087606781496
0,0.05298802230120345
0,0.8651292046431842
0,0.13552953158296252
1,0.7938075873810864
0,0.18689859921206722
0,0.012615477720036815
0,0.2427149866010492
0,0.09985879058753645
0,0.03595948974230566
0,0.01968179606242748
0,0.14668383044617656
0,0.18395813804644498
0,0.11698907787914721
0,0.24732942600749977
0,0.1130041237411825
0,0.5533666374147445
0,0.2540219061107009
0,0.7125962035277703
0,0.04352699091949697
0,0.2696563081927539
0,0.603818293023244
0,0.0669018711830169
0,0.6045705350150767
0,0.8088809410061901
0,0.03341909736439499
0,0.03478791094500659
0,0.8025187524896431
0,0.594318174978888
0,0.5209547924095398
0,0.01803895627910437
0,0.3803218143565638
0,0.1507415658406458
0,0.015359439541991631
0,0.04485486434063471
0,0.04871953784844386
0,0.061479841308940936
0,0.05743665385562993
0,0.28369419812800223
0,0.2513788212395721
0,0.11956323035277586
1,0.6472555965452479
0,0.3355950865966575
0,0.5374543697074918
0,0.01683121723510198
0,0.4026690332926512
0,0.041012597978161904
0,0.08791565695474057
0,0.6461580845180763
0,0.4500106185145545
0,0.7358901124327579
0,0.009799947669650401
0,0.4529664060358954
0,0.029778583257619364
0,0.5685524312686959
0,0.04721766112289808
0,0.045895604902859335
1,0.41554189383734674
1,0.9182824547367646
0,0.1707682925993344
0,0.6426982287365403
0,0.22827933643276474
0,0.7459502968081196
0,0.010826234575197888
0,0.12277380439327854
0,0.9196655289973094
0,0.08714387260225702
0,0.6385543032215218
0,0.7249726947316715
0,0.025495468353848173
0,0.36990276104666364
0,0.5454253953305477
0,0.6729561824005516
0,0.7202593279917114
0,0.5205210533819354
0,0.1745517292048228
0,0.19672707973474812
1,0.5652708237182026
0,0.17072190526022407
0,0.061236080741199135
0,0.886228518842266
0,0.06560604581237146
0,0.6005583390571069
0,0.45465767115482775
0,0.8657493349379264
0,0.02082388310128088
1,0.8371700821300109
0,0.38758708292091687
0,0.5020628125574434
0,0.3857966167682637
0,0.39544026439688307
0,0.05388095991227903
0,0.6296227932039884
0,0.3763658615597967
0,0.3008604719774265
0,0.17692457625006658
0,0.7921936178831147
0,0.5968006437675131
0,0.025194667121341354
0,0.05357649584597491
0,0.08603857810430318
0,0.44738544503831784
0,0.1409103267932023
0,0.0870276362968003
0,0.04184446067666102
0,0.06938680515505571
0,0.76553023331277
1,0.4127634512905718
0,0.08743456835814079
0,0.11142402443461155
0,0.466780672410479
1,0.38505475041739495
1,0.6879364100241028
0,0.0639605480004071
0,0.234775793847529
0,0.08885985845531646
0,0.21560712424046838
0,0.04946647954520596
0,0.26673213242719623
0,0.5002813039811146
0,0.044000864639260485
0,0.8592924190772585
0,0.44018169559771847
1,0.6092251456997636
0,0.33649825295626445
0,0.6807056467179525
0,0.2499391227725389
0,0.2061129106001233
1,0.8649432387857324
0,0.10069848484580056
0,0.5472511701924047
0,0.12380084612195624
0,0.013322728916729708
0,0.07947514919678501
0,0.38205913316841134
0,0.5814335196549825
0,0.04510568570849742
0,0.38793929309472036
1,0.555614923596651
0,0.007022268211389932
0,0.865101873411246
0,0.20993150196360721
0,0.820692298260171
0,0.02079359776936475
0,0.798246385093586
0,0.013476435137066489
0,0.227263031914374
0,0.17781282744231505
0,0.7297371332840703
0,0.10544488141049563
0,0.5222406823796983
0,0.02615777899079186
0,0.04053106503840259
0,0.6485408949889095
0,0.004100355505456764
1,0.04720794609798034
1,0.4205604653814771
0,0.4029353233658777
0,0.15046193322133625
0,0.10294536158257304
0,0.007543304780332182
0,0.19000469126010738
0,0.09724620069311996
0,0.8939890034817478
0,0.02136636307784471
0,0.7292296632941738
0,0.010284897581659182
0,0.3714369329870722
0,0.04958776763309228
0,0.005144140009435496
0,0.24025812014930786
0,0.34458007261380363
0,0.5950659042779847
0,0.1094228907946796
0,0.24909584013705394
0,0.2829215537208596
0,0.09331743358934738
0,0.04649857941585315
0,0.10429663567247745
0,0.0814160152635214
0,0.5939707586842357
0,0.1709148451705851
0,0.30567848769486144
0,0.39609576810275815
0,0.8942309336395203
0,0.148223744161669
1,0.7018667889316879
0,0.04460202631113667
0,0.02333313057860433
0,0.637124290673817
0,0.01606726002584891
0,0.13895014412723833
0,0.11030992591823888
1,0.8798383295554868
1,0.6695662352706588
0,0.6732324676276427
0,0.06277862183913412
0,0.07414403529415928
1,0.43989896602551826
0,0.4209450334441234
0,0.7541389048120134
1,0.8067113097309322
0,0.07811244132941123
0,0.3361486657385684
0,0.11287406367305358
0,0.022609247687640104
0,0.0411702284866027
0,0.11392966035755003
1,0.6588369578028851
0,0.0034407075081658205
0,0.07042353987847627
0,0.07271515766080677
0,0.16905418244079604
0,0.09731217921011677
0,0.500600677454285
0,0.02328479450192156
0,0.06404881492907219
0,0.11638598776830737
0,0.8284931884592898
1,0.5400312691171004
0,0.9105690793420224
0,0.5042836239183286
0,0.025419432694118144
0,0.6889730190165503
0,0.25070741456542606
0,0.8237086719290226
0,0.7920960704291523
0,0.02963118505861636
0,0.045470552631192485
0,0.048307329162074135
0,0.08816263236007434
0,0.35790945544342084
0,0.09450222122374613
0,0.022930816657508745
0,0.1432895117070789
0,0.047219232217609756
0,0.5035779813876893
1,0.9425736844754374
0,0.3273573238046328
0,0.5887858117088043
0,0.28520270186076907
0,0.5809248327787954
0,0.15669799708519533
1,0.8265540989325756
0,0.09017679912007777
0,0.35676448151373036
1,0.8443086894708057
1,0.6920651722344354
0,0.2152906726122569
0,0.7467996694221527
0,0.016746278946565236
0,0.21233793853057562
0,0.16138675533702615
0,0.4576128703213493
0,0.7444704158002698
0,0.12292655737120112
0,0.05779644683326957
0,0.9314088563019106
0,0.3831052156751462
0,0.04940891742918609
0,0.17372676478229587
0,0.4162976432775085
0,0.880771262400398
0,0.9247352527592025
0,0.37110173770559207
0,0.4795014032860296
1,0.7818309060884296
0,0.8898300885521232
0,0.0067902413010057245
0,0.015041109297484331
0,0.19755433798010158
0,0.011815157860966877
0,0.6338475821677014
0,0.7023827453708757
0,0.03479955663545523
0,0.43775091010590306
1,0.6783008590023151
1,0.8133355892509234
0,0.6782156627768605
0,0.9519753356062535
0,0.17047159915741347
0,0.017376046575301257
0,0.018321648133239596
0,0.2546680048677535
1,0.7548031800514325
1,0.5307020530607371
0,0.11876075136069816
0,0.69337837626589
0,0.07267103865085225
1,0.8729192082802554
0,0.03987052138211564
1,0.6472251311247904
0,0.4186951726699402
0,0.12356373935935103
0,0.046073621155314284
0,0.024436445319646782
0,0.14752830303913678
0,0.03264389624282942
0,0.6018344659965305
0,0.6597625260548028
0,0.04536315899039915
0,0.2602787639403289
0,0.23276214659013525
1,0.9550712932196703
0,0.3185403501408402
0,0.6050391230766377
0,0.039084601061801304
0,0.2675590970495598
0,0.6653690521007013
0,0.1317291987403569
0,0.006864723234805058
0,0.057227504776273024
0,0.3684832245635441
0,0.008918904356674667
0,0.9232392666841036
0,0.13502769350531502
0,0.6434853543563772
0,0.14742234798796466
1,0.23865636101029633
0,0.014724779090130494
0,0.012452561955936699
1,0.892687983740901
0,0.37424015054963616
0,0.02686496981594255
0,0.12943803250594693
0,0.12590197173124223
0,0.5107881993958517
0,0.1258021800141087
0,0.8167449204228127
0,0.08692832240886302
0,0.2498572049116552
0,0.28840322702381216
0,0.13917723273408839
0,0.08747480551315563
0,0.12253063038720709
0,0.0052902616945306215
0,0.019745456714290188
0,0.03899452448544735
0,0.16866766704059402
0,0.14911546790029478
0,0.32589102507182016
0,0.031412564254830244
0,0.4378237264781506
0,0.059180405567588704
0,0.4432855752858136
0,0.01850804320043173
0,0.3894897489860637
0,0.1157547236516239
0,0.6243693206470189
1,0.9241695709930986
0,0.01886080300423225
0,0.461771162707957
0,0.46963018912163207
0,0.13212872378708726
0,0.6063299192161058
0,0.029242792584502235
1,0.5566362207864063
1,0.8888938553617722
0,0.3470950795927175
0,0.012162228478931617
0,0.6911617818479937
0,0.04293742484890053
0,0.4822038630887764
0,0.029457835258225047
0,0.018734719401500663
1,0.7749863441350607
0,0.35104538363256366
0,0.39829230459120596
0,0.008511208033466515
0,0.1966088780499898
0,0.09583037399475339
0,0.15041487169512754
0,0.050401277663999086
0,0.17163518845088419
0,0.3334451506948615
0,0.7999745738310713
1,0.7045597956015466
0,0.5736062655018518
1,0.7243454658285217
0,0.13218980019847718
0,0.04834369119713593
0,0.8363109644929057
0,0.030863796155468953
0,0.8477966095983103
0,0.10567152048205612
0,0.02696173753614917
0,0.21956510755262296
0,0.49292092132392523
0,0.0971516204520269
0,0.24004597637536304
0,0.8653662766265136
0,0.32454071540518975
0,0.47967808413124213
0,0.030354770288317345
0,0.2058630411732055
0,0.12219574203132302
0,0.6887614937368853
0,0.05993703575516426
0,0.02486159144259229
0,0.6284892776569867
0,0.18991113474355734
0,0.8918861008207312
0,0.5030502823218049
0,0.11673071363674638
0,0.6347971757873395
0,0.010373304056422797
0,0.021226913185390925
0,0.31756709792908655
0,0.06034484624794315
0,0.14247912793033443
0,0.24060893246141146
0,0.055320985736938895
0,0.10653986491655006
0,0.18554513301344436
0,0.0016461926163660015
0,0.4759808253854793
0,0.17384823500220856
0,0.12660004577435782
0,0.034823838201490105
0,0.24509388089355158
0,0.8060498751319966
0,0.19150421703978693
0,0.4437750242786205
0,0.0389275049143602
0,0.5056364403092909
1,0.7631931729765837
0,0.0034526577125870953
0,0.17411337196258994
0,0.5180265247162608
0,0.0103319309277854
0,0.3504421309658163
0,0.04643302754621594
0,0.15361239599418686
0,0.4047585814479871
1,0.775945481224084
0,0.006958108742321725
0,0.10395973488196636
0,0.016189298459079397
1,0.5961513576137877
0,0.5067491769219011
0,0.008510242966155115
0,0.764114653391223
0,0.0864964402266885
1,0.9308925041118286
0,0.2587563642642247
1,0.9506961239081705
0,0.7704279308479508
0,0.01853277268971995
0,0.2523956302363648
0,0.435540507069299
0,0.6726359119575723
0,0.1936462312148169
0,0.4009016350580015
0,0.5144560720457387
0,0.5988740238894802
0,0.020400523224108232
0,0.5327783594275822
0,0.06572685780418386
0,0.648393363319685
0,0.3420988662480484
0,0.7213409123124903
0,0.22446462894605262
0,0.6307448873652564
0,0.7575015227394131
0,0.038163937184800295
0,0.04018351753252841
0,0.20626386216052214
0,0.7593265913488586
0,0.8697427025881392
0,0.427182405163739
0,0.04153474101853456
0,0.30404659625018776
0,0.25606806739557314
0,0.07761488285300937
0,0.015269060956869541
0,0.07528424502797756
0,0.49434423550578693
0,0.16017687640863779
0,0.17557468222027658
0,0.264852351231028
0,0.5329432410170909
0,0.31968686995308615
0,0.41653655920439075
0,0.6575905211129703
0,0.8095090865582042
0,0.30545414978315427
0,0.5082396132929428
0,0.011337939509934447
0,0.0645698264368337
0,0.5663005147646477
0,0.5187587831103854
1,0.925293502900267
1,0.7605316357504643
0,0.04949311054023908
0,0.19353189241876678
0,0.22808945774943112
1,0.9384101457661619
0,0.10392940797911529
0,0.2715535710142002
0,0.04965943379929465
0,0.09108910449042436
0,0.13236160681540013
0,0.3010220293583393
1,0.9492826325585502
0,0.0375743502872251
0,0.15099529995565264
0,0.5374036341516619
0,0.7652563581316948
0,0.27519646438084716
0,0.5789021672186684
0,0.6028816610837624
0,0.32037392394579406
1,0.5427081002425714
0,0.2040643111001619
0,0.1873698621601109
0,0.2446329946817857
0,0.016017542379113542
0,0.19963555153509263
0,0.14608753167717006
0,0.010975405409140826
0,0.7118387669347608
0,0.5127591033819697
1,0.7176079374936394
0,0.00733695287286911
0,0.693194285893577
1,0.8873772723231417
0,0.33214622013666845
0,0.28067184613559837
1,0.8529394792584845
0,0.6585957367135936
0,0.6193463592436868
0,0.5443522952250331
0,0.3410092434881852
0,0.5219070630634423
0,0.10084564023246675
0,0.03573231759595748
0,0.4475363202267724
0,0.14973150623755394
1,0.9122203607761172
0,0.2115199388314634
0,0.071675059475009
0,0.17621499793686157
0,0.6741420679322065
1,0.692194628042423
0,0.029279128110079336
0,0.3171084678104023
0,0.012628444394699625
0,0.010728191464361523
0,0.0053384772759887894
1,0.4032074878622757
0,0.07423937547203982
0,0.05193121221029725
0,0.6451220638722691
0,0.626640087689197
0,0.077315545070685
1,0.9109885123517534
0,0.8547947722510166
0,0.11135427646476621
0,0.06576711394699263
0,0.8919879858538357
0,0.4914886208187886
0,0.6270388493753746
0,0.5201457189681378
0,0.019497715932342487
1,0.024089356803040907
1,0.738031171387177
0,0.5120272615742979
0,0.12726943617514147
1,0.9332193487316089
0,0.27407352090092113
0,0.041733612881192844
0,0.28724626782387863
0,0.06639824677513965
0,0.23143699797256043
0,0.3537458519484366
0,0.018286718657338247
0,0.61876759861409
0,0.294245974467349
0,0.08017391557514914
0,0.014341219182294092
0,0.03935047540203743
0,0.051759160082055895
0,0.08456078371398608
0,0.7165266362393015
0,0.06725998432642917
0,0.15453798989284895
0,0.8846260312955021
0,0.46176081928241114
0,0.2718739391981416
0,0.39074202759660187
0,0.38589884981087613
0,0.629466705927933
0,0.18582599621162005
0,0.1079943609794253
0,0.01698165355810192
0,0.36920009695355877
0,0.7965508801734441
0,0.5080099404405137
0,0.05309278965691096
0,0.29819060520509966
0,0.06492089978985516
1,0.3235813182605373
0,0.6161879541924379
0,0.723306081249169
0,0.05640377841710223
0,0.11799677774263378
0,0.23100443066142998
0,0.2855361416781842
0,0.23967695154231444
0,0.28102478409017884
0,0.04840154712995755
0,0.27153704335019313
0,0.2513735350822471
0,0.058658923357390286
0,0.35752336952573777
0,0.03685928387330477
0,0.012555079198879769
0,0.8649153264026606
0,0.5788375452105312
0,0.21223206802893252
0,0.0369800765052492
1,0.8877272726198413
0,0.007079015296138145
0,0.12552395287192222
0,0.03527383819290418
0,0.4545105577084588
0,0.02959322288612928
0,0.47905804858351414
0,0.38608266008536507
1,0.6505851995045278
0,0.13061680581039525
0,0.429049326435563
0,0.026092290214526873
0,0.0056790496178336005
0,0.1872854249587343
0,0.2774106021977053
0,0.05175027212138478
0,0.4308013864376813
0,0.44314444177864615
0,0.11752697428611944
0,0.033502542453945
1,0.1237530143639827
0,0.19043739228376952
0,0.07919860837395232
1,0.8264585615968568
0,0.39144190651762784
0,0.619679667438046
0,0.055987714315781346
0,0.026984122222235375
0,0.012933437962773417
0,0.3780567663761853
0,0.41548847830762436
0,0.795429935853606
0,0.5884903561907653
0,0.5288612383496818
0,0.1951619376784288
0,0.6446755353242806
1,0.4035203467399271
0,0.2354875664430313
0,0.05747496238139691
0,0.31045732127295955
0,0.897426166103914
0,0.058331334411310345
0,0.35738910858347733
0,0.013784693012422057
0,0.4256187823953207
1,0.33491416470153557
0,0.02142543436041689
0,0.7898137062688408
0,0.5469905853989081
0,0.04692666645802703
0,0.01497895231052325
0,0.10858025113460908
0,0.665450431073939
0,0.0027376846434749164
0,0.8545457569285966
0,0.8800304978745325
0,0.8823955774163641
0,0.21317096429612004
0,0.32613324535954613
0,0.40959912910631113
0,0.8331256225307194
0,0.10351753519375786
0,0.162263758135155
0,0.38693566286611836
0,0.11928338184648586
0,0.3061954467840729
0,0.22162121329212242
0,0.0071353241449868
0,0.055055066564194885
0,0.19797190392293612
0,0.11449099859552957
0,0.2571372674368877
0,0.26692970689087636
0,0.006317088943309991
0,0.7128794196906213
0,0.7694918886922674
0,0.268630644583489
1,0.9219608467104174
1,0.3767883645880636
0,0.9092489028423348
0,0.06344937929409582
0,0.3282214144177598
0,0.018016432602085054
0,0.3020295080582509
0,0.6788603281129328
0,0.42672157859644116
0,0.18233645537433713
0,0.026977258640067083
0,0.15395851996726037
1,0.5572937836973724
0,0.07652709327323835
0,0.6453446338830716
0,0.15551489104670924
1,0.3954589060757452
0,0.016487894370641343
0,0.026137078357294688
1,0.7835318337018646
1,0.9164297055735533
0,0.019650011419587627
0,0.6081658696696057
0,0.4180152699578886
1,0.8897738009300996
0,0.11450233399506676
0,0.752242081098081
0,0.332876443291939
0,0.24954476864688277
0,0.5784365601269406
0,0.6644673379752184
0,0.041170122633380574
0,0.8534363328583611
1,0.8663125937016785
0,0.05113837875874998
0,0.6150806638001998
0,0.7444887320212566
0,0.0656457568224005
0,0.12656457678915098
0,0.22831691215876934
0,0.44827104860444106
1,0.2713846967107341
0,0.5362498582642414
0,0.12815721321173373
0,0.6798470409423724
1,0.7221959299879847
0,0.2540770394830829
0,0.5652945404947479
0,0.014701140013597342
0,0.025116606910818164
0,0.009091129947098361
0,0.32010715215349095
0,0.8047167556020467
0,0.14439674524244625
0,0.7334704732970263
0,0.4285743533856272
0,0.653401741721702
0,0.5875220775956417
1,0.28001101006360296
0,0.04499408867152532
0,0.0834397917715162
0,0.134432874094259
0,0.01025819225531322
0,0.8682684212219376
0,0.07832916938681034
0,0.7625599853633086
0,0.392645262459128
0,0.8122439125904691
0,0.13308937611485314
0,0.5715472384472224
0,0.20871295786456606
0,0.12384292120519481
0,0.015387563772609986
0,0.07831174885343974
0,0.15952666733008838
0,0.33454274221554153
0,0.30463223472279777
1,0.24380877207273494
1,0.5439164722757661
0,0.16870662829968747
0,0.7519639950444107
0,0.050937826783225684
0,0.0525852860282367
0,0.34564122415944476
0,0.817499939245193
0,0.2550154430433188
0,0.3370216622069423
0,0.4247754801280943
0,0.03229129780099209
0,0.06877479583809519
0,0.868744925381072
0,0.7765156966294785
1,0.6132572792957962
0,0.43560486756770833
0,0.25978501764438783
0,0.25598383983290307
0,0.37361524592835765
0,0.028119054412710086
0,0.8025234877550182
0,0.5662774519161307
0,0.11543862335499494
1,0.927154191086141
0,0.21612942949783417
0,0.11133895067549852
0,0.584418163897698
0,0.06802523494791494
0,0.04052563975913882
0,0.19553347535654694
0,0.014814695599823895
0,0.07372887960119573
0,0.23565150784159147
0,0.06971552644215168
0,0.1579967990049627
0,0.1107468590467135
0,0.6549822108330343
0,0.03295218787632897
1,0.8019441097367189
0,0.6007278345595258
0,0.13315084281623177
0,0.013926763346566595
0,0.8086371428525847
0,0.07028828454657363
0,0.5993544650682372
0,0.35481765595722015
0,0.8577954908622867
0,0.024785741645894505
0,0.4483813695460213
1,0.9355546392564758
0,0.5522118422116914
0,0.028405459407550838
1,0.20722788856899005
0,0.1377893845152679
0,0.6465650101086755
0,0.7778733277272615
0,0.021046912839548695
0,0.39201846362950643
0,0.5877962404763671
0,0.4124397958634788
0,0.02851296546750895
0,0.05877621889417477
0,0.2230279304905825
0,0.4861969418106898
0,0.40334077585113587
0,0.09928842395974423
0,0.956949233846033
0,0.5334518601150475
0,0.2728772565092077
0,0.028812363068350756
0,0.13534418976782545
0,0.14321863645724253
0,0.2879675631354437
0,0.24889053289765142
0,0.02598060282637353
0,0.8947564629554724
0,0.024209979123725356
1,0.8842498220506414
0,0.054082935312572515
0,0.09934209275920211
0,0.15662745760062569
0,0.34408380697814095
0,0.6228731832254516
0,0.04759825980227664
0,0.38187648519672895
0,0.8412956423367095
0,0.018922918925744114
0,0.04546703554819193
0,0.48865519757730014
0,0.49321625950998127
0,0.3891583813640505
0,0.44010323710344645
0,0.07086359769875625
0,0.38364462948213107
0,0.027411882987004352
0,0.13931773438436995
0,0.3026391363902496
0,0.00818731387723409
0,0.05928194162518462
1,0.44499611630635777
0,0.5797727229519996
0,0.8186225724576514
0,0.458470943477323
0,0.6893675457727573
0,0.5870881292871885
1,0.9107013073285655
0,0.04397110447072826
0,0.19035536388698307
0,0.6642134615777554
1,0.10866108837940092
0,0.06370950496470758
0,0.1212360131872765
0,0.0213423540282122
0,0.3211646864653142
0,0.1253869228740689
0,0.4819512253591505
0,0.6238705062421095
0,0.21390075099447628
0,0.5498403334217046
0,0.14940382884958603
0,0.07325207971856798
0,0.013920971075558727
0,0.6421518888693151
0,0.8941364778039186
0,0.021697973659502635
0,0.5006291246536582
0,0.3684200881919281
0,0.030253558006651447
0,0.15535208164777625
0,0.3830419830987607
0,0.11359122682057508
0,0.7981240071571153
0,0.06193944882528417
0,0.2446329946817857
0,0.4457497726558303
1,0.8381050882172991
0,0.11073238346611577
