y_true,y_proba
0,0.5279714195775298
0,0.6583898214773585
0,0.15522207551400413
1,0.5557819156011096
0,0.3884186915261152
0,0.14980817048342115
0,0.16392336222591808
0,0.15965341237899328
0,0.25612675391172846
0,0.08874880292392055
0,0.04756432834193686
0,0.5600648927071211
0,0.489145619451363
0,0.749748743948259
1,0.40686074292301666
0,0.06551418642135094
1,0.9268842610972174
0,0.6347852758374598
0,0.2497397492337521
0,0.04106462889573387
0,0.8663546755511439
1,0.7582516014999433
0,0.3358917185559074
0,0.49641419719911195
1,0.8109230117514202
1,0.9008798061586659
0,0.05744226417713819
0,0.4041323514531041
0,0.6295170823611939
0,0.8967322390086526
0,0.1658863967195495
0,0.6694621006414129
0,0.47492356120283535
0,0.2562262484140048
1,0.8018994281444008
0,0.3147947254134596
0,0.6002443767878676
0,0.016810745172290368
0,0.2874025993686422
0,0.2219373682155094
0,0.05717887075745356
0,0.47152434443412927
0,0.028589494176571348
0,0.10076206879005413
0,0.6968608292878498
0,0.8813783194724397
1,0.6022206327931107
0,0.7959964265062539
0,0.801088319755067
1,0.33468994747579894
0,0.07608280628886277
0,0.3445117113319724
0,0.8738194667551338
0,0.28291959601051037
0,0.2340155736326333
0,0.44662554143028327
1,0.46837013308995884
0,0.48365978703632273
0,0.5715369157563155
0,0.41303776802710557
0,0.513715704116056
0,0.3772596135724375
0,0.6897438973477611
1,0.6459581694118379
1,0.5731940870887355
0,0.14135846231929192
0,0.5709773264545192
0,0.19139377876670322
0,0.06525880359635139
0,0.11414601501113714
1,0.7711703024781913
1,0.8630847482200734
1,0.6581871178770019
1,0.878508062007578
0,0.08440444214024789
0,0.2601401278199103
0,0.08969651335575919
0,0.21154833954759505
0,0.7217034676025839
0,0.06278567731158446
0,0.21437528868864805
1,0.43080184596476584
0,0.06480747495959066
0,0.30844171843624374
1,0.5511573965433331
1,0.5300395136805606
1,0.7987563165378517
1,0.440409063035085
1,0.7962733175045796
0,0.7015618311715104
0,0.6380317399538762
0,0.46892346550800595
0,0.08399476317135497
0,0.05441725148581399
0,0.4587667488960595
0,0.5080506353238541
0,0.930751700746405
0,0.18533886185707452
0,0.36274344412490545
0,0.03250518528388608
0,0.061597935757423415
0,0.14466837180074482
0,0.026668156622697066
1,0.6631004019467996
0,0.051553352831071486
0,0.1365484102083694
0,0.9093550174089159
0,0.48786244009096796
0,0.10597456787896686
1,0.4210279777427586
0,0.10695811854504655
0,0.017398244738115316
0,0.14570862180466568
0,0.5862423084466974
0,0.1635242157061929
1,0.7228747516265166
0,0.2520306253757131
1,0.2902123449877458
1,0.17823270175396144
0,0.6316059581435715
0,0.2831817163825162
0,0.19997106551649652
0,0.2934515007183923
0,0.03628397027472548
0,0.39406591082954795
0,0.6551485730566113
0,0.03296289361736977
0,0.20818913144650064
1,0.858079686544176
0,0.5629334565643147
1,0.6176201960403914
0,0.36227171820463727
0,0.5372546031651464
0,0.02849441345693428
0,0.8739269313619383
0,0.05001057803795317
1,0.4167173670432561
0,0.04194184490465775
0,0.6497298963838826
0,0.07783861646168419
0,0.1073177404323064
0,0.05970517837095186
0,0.10622417084765666
0,0.5722345428782628
1,0.4280263150406877
0,0.45030380161687966
1,0.6964534560850218
0,0.4594321982056528
0,0.1542665077683107
1,0.8503718457175954
0,0.5393025946558718
1,0.713726130154277
0,0.10829323122312899
0,0.30216372871380465
0,0.8304792127096247
1,0.712880458921314
0,0.11187660508878987
1,0.7509062208801586
0,0.8210680707922147
0,0.6993991035446592
0,0.5886012270408078
0,0.27669325586109855
1,0.6283297722333683
0,0.20185324588406878
0,0.35154741941743994
1,0.6485914770182399
0,0.2376887091854409
1,0.7501500296568198
0,0.8194370376244798
1,0.35957147127527855
1,0.47326131537398103
1,0.41006796278365315
0,0.1876798977475066
0,0.19362382549214385
1,0.5650834898032048
1,0.926633869023715
0,0.5410555552600633
0,0.4142713186325464
0,0.22975934543948137
1,0.7274326981265274
0,0.19330889599299023
0,0.5216529116661656
1,0.8291056781204185
0,0.728006432937411
0,0.4824001637324618
0,0.08646415438033031
0,0.06172957083447008
0,0.5430889280422869
0,0.5040503546154179
0,0.05516175625282843
1,0.77539213024337
0,0.0200429457929079
0,0.5949808678243017
1,0.754558620071547
0,0.030678247878361185
0,0.1482886126303827
0,0.06280390047343419
0,0.15084549070736578
0,0.7860231094820719
1,0.7893338311709653
0,0.5680488865700543
1,0.3543140698060026
0,0.33348743639832745
1,0.5563680089163461
1,0.6977721096273655
1,0.45525698404349424
0,0.3572299937352583
0,0.5371236376818288
0,0.3983894759243215
0,0.031276813145774005
0,0.061457928522715664
0,0.09820616040987894
0,0.5278190771756496
0,0.2870182757533318
0,0.7070981963024329
0,0.09088818035127261
1,0.9047398998372795
0,0.4843938642908503
1,0.9079038053545817
1,0.4783576126107527
1,0.8459109003384084
0,0.13529595486411278
1,0.7051752250864926
1,0.48789921963652666
0,0.11593476831327597
0,0.04093275751815039
0,0.0504309994404753
0,0.6274965922260168
1,0.34645213104383055
0,0.5743912081379896
0,0.03645166712928242
1,0.37141044957287006
0,0.7159970378726291
0,0.04675838828743689
0,0.7683127456507255
0,0.5819388670802954
0,0.3928715272404438
0,0.8660217984625451
1,0.7048855192677665
0,0.1902436977835471
1,0.6909654890857665
0,0.5057358149199956
0,0.7711898309114628
0,0.5697595280489962
1,0.45802487455123353
1,0.9012873101421855
1,0.3173293462710646
1,0.6366637290975955
1,0.353745750542673
0,0.26496133996548943
0,0.2641161933867071
0,0.2653609317370034
0,0.2323678608206299
1,0.2726196316351526
0,0.27636961655027387
1,0.83502809716676
1,0.5898698475058956
0,0.7287941528974766
0,0.16637552177009887
1,0.5485079756667662
0,0.15353285198762032
0,0.07540588114769955
1,0.8988322724433367
1,0.6568234800596238
0,0.1428427086827507
1,0.6207858876223333
0,0.4546483216377231
0,0.23859324881042557
0,0.31626469120412765
0,0.7213497571727395
0,0.04263312256348896
0,0.09283307553687632
0,0.023857111726404916
0,0.6491925537685684
0,0.06809308143349639
0,0.030220993391790223
0,0.2967824025080354
0,0.4476764327800696
0,0.029721289186545218
1,0.9311856106789527
0,0.6070146162674085
1,0.7169464864092999
0,0.5834409821272681
0,0.4690832686551086
0,0.3320410597963575
0,0.22561583445788827
0,0.596706044713652
0,0.11901156316490624
1,0.8828041288593572
0,0.5635668999987635
1,0.3539755474786472
0,0.12201110020409307
0,0.04328110679894716
0,0.6829059108856722
1,0.5425454757228623
0,0.35804378679425974
1,0.41525714901387184
0,0.5633763436254405
0,0.08935217583955227
0,0.9270771032240094
0,0.1948364815642182
1,0.5394060528327833
0,0.046946715723312896
0,0.35561442222756556
1,0.6670795263218653
0,0.15776673037982977
0,0.016228338166175287
0,0.3799112138676161
1,0.6041338923358055
0,0.031513282727315434
0,0.1058634534847545
1,0.9431340315516817
1,0.34648909765552754
1,0.8379288082344324
0,0.15741319102980317
1,0.6572637860776627
1,0.3538760608882057
0,0.6090341534622745
1,0.626723701077963
0,0.17329885525153427
0,0.14553203619211846
0,0.5215216230152262
0,0.7981618295026827
0,0.8757233432945699
1,0.9060985220338564
0,0.5752286296172698
0,0.43759884159466983
0,0.059555997571839235
1,0.678458401807616
0,0.06964218898089117
0,0.14211529313970667
0,0.3229557686283048
0,0.10555864199520566
0,0.6007843679705386
0,0.28258112367556676
1,0.1790498824172982
0,0.21657580591537462
1,0.3611966293388261
0,0.3538368955136024
1,0.4519585631848305
1,0.8821880140268633
1,0.8804373013194641
0,0.5999393919406458
1,0.23519609855832585
0,0.0424211804016682
0,0.12200227089373543
1,0.14905619880053705
0,0.016542963489789852
0,0.6492416521238507
0,0.6491870663532813
0,0.6302142319361863
0,0.08331496966231096
1,0.7507950209334349
0,0.6111747912920169
0,0.1759177161012641
1,0.9372507179669134
0,0.800028636904602
0,0.4003883499926268
0,0.19084200399922388
0,0.43096327780194194
1,0.7578285747625692
0,0.07385228668157169
0,0.3756731296914245
0,0.047522695018914846
0,0.2485747785421381
0,0.39453613401860416
0,0.44491220349062327
1,0.7609100910303845
0,0.09670162659340023
0,0.8926373879631331
1,0.7893971908282171
0,0.06498803518820598
0,0.24154727767654072
1,0.4895081041869765
1,0.8192845943478119
1,0.4702610871291179
0,0.33932423405302264
0,0.5363004366380905
0,0.5049134618132061
0,0.08989659085298338
1,0.8389214702837322
0,0.6984807312726989
0,0.03251503279929968
0,0.08827953971209385
0,0.12312435339883783
0,0.0908209542412109
0,0.18873888221075358
0,0.6496626233627848
0,0.8880915573402934
0,0.6974575990923063
0,0.09173805803278136
0,0.6387880103929228
1,0.71494255841374
0,0.2330310024475194
0,0.5442482053733608
0,0.26321000987605037
0,0.19643272556493022
1,0.8113347620536514
0,0.24191416775777339
0,0.02819014335323168
0,0.029093387575001416
0,0.5889949213395406
1,0.4460581662674946
0,0.24940727759516745
0,0.1451170637693101
0,0.05210460072028759
0,0.46315299142530564
1,0.6310087330874707
1,0.8363151541087193
0,0.10403728357647907
0,0.18218878723511236
0,0.05997946347105262
0,0.8116453922155505
0,0.45795790141584836
1,0.7209087097341929
1,0.627153482002406
1,0.6747729535260394
0,0.8784212528055318
0,0.27234651125679915
1,0.6088106140931665
0,0.02414708014309558
0,0.7570804655828548
0,0.3644403762806785
0,0.7659728844077046
0,0.09054703265050858
1,0.6872647695936723
0,0.8799744990239551
1,0.6574828397943691
0,0.5974294164023043
0,0.45771875751835994
1,0.5823562033241587
0,0.2840795070565371
0,0.037381416684369104
1,0.7915935742695119
0,0.5657490041662921
0,0.11672235540719285
0,0.26393525920076416
1,0.7348511803963499
0,0.042568228901084394
1,0.9144425008987828
0,0.358479307154868
0,0.8095886813315916
1,0.4568868572763293
0,0.3440836635801809
0,0.13653503822913887
0,0.7451049147788119
0,0.7202089354862038
0,0.35232308143400365
1,0.6838888631988446
1,0.5580850550914959
0,0.03907888392118761
1,0.16990741677381638
0,0.23525937057996882
0,0.5178287384162252
1,0.6872393654831457
0,0.35779070674040514
1,0.6315834159545581
0,0.782888463991673
0,0.3186100843815167
1,0.6773681716168612
1,0.6295653192576209
0,0.05902990006775246
0,0.2692589633904952
1,0.9121295647622367
0,0.08964700594762395
1,0.3450235952295558
0,0.043556984210143306
1,0.5266653326653655
1,0.30213454174325277
0,0.49659836428500415
0,0.23652440346601714
0,0.022170487198851674
0,0.5188732639236776
1,0.8363625528852231
1,0.6194465515280165
0,0.08001965360835957
0,0.1216893277351501
0,0.8745652502919743
0,0.686402725225618
0,0.5280329009277619
0,0.2656975211702624
0,0.2574913438176974
0,0.39242732620508963
0,0.17656191277694144
0,0.1865247052400301
1,0.3734460881817317
0,0.03852504433374235
0,0.2863908325332773
1,0.8371301100961179
0,0.36219900970467034
0,0.048488064503617145
1,0.16945283767424008
1,0.8546992777330545
0,0.4751699839084368
0,0.18420168519915323
1,0.8278377639352924
0,0.361896911259385
0,0.4151684706143876
0,0.658909323802473
0,0.024910272659181838
0,0.07397190688281867
1,0.78869035990271
0,0.05406495303599273
0,0.42344848352415343
0,0.036436478414605705
0,0.7154564753892965
0,0.4365431921868253
0,0.3908436931017154
0,0.6728074408974861
0,0.23088455372597966
0,0.26022680808861176
0,0.36431331541966666
0,0.36365981569630146
0,0.47719129717157577
0,0.5145839640242058
0,0.672449311702128
0,0.509013488250136
0,0.3917860002974579
0,0.12675489552770636
0,0.6081578858661865
0,0.6398155285094302
0,0.08266211780356936
0,0.4422442978543584
1,0.8217155318044479
0,0.6355038876843443
0,0.43774639110929314
0,0.21597002140688779
0,0.7488725241223596
0,0.7096762898873793
0,0.04210436098141152
1,0.17993532666492126
1,0.7272209621744409
0,0.04943995588754454
0,0.6153324722841608
0,0.5432096980070922
1,0.6395579544234113
1,0.8491969804184566
0,0.27023074792632557
1,0.8329987938105898
0,0.07375721331354716
0,0.4378881043685901
1,0.14470007272586988
0,0.6064445533773306
0,0.14651214415768854
0,0.08783184495982654
0,0.5857845211593236
0,0.7352425498510033
1,0.832360669685631
0,0.37824116813467745
0,0.11674186194237754
0,0.8194139842764495
0,0.2558925428823531
0,0.2858887844161812
0,0.1943954145321101
0,0.24281457822847177
1,0.719698042189075
1,0.7542961649156436
0,0.31829883346051013
0,0.12116649655689722
0,0.07003612194396525
0,0.09733364349307869
0,0.6266163305296959
0,0.6167359542914358
1,0.9390137240711313
0,0.0465226520960582
0,0.10600004491977348
0,0.07717263792425602
0,0.7919224270778089
0,0.47307322707902877
0,0.8469583023889214
0,0.22559737359526472
0,0.19452380613746642
0,0.1481893751334845
1,0.6556297542502563
0,0.3524962893354688
1,0.4479068718032869
0,0.16173038318551866
0,0.023910641936018925
0,0.5915496478403038
1,0.6229390287300774
1,0.80233345455971
1,0.7236351410233083
1,0.4167915252788964
1,0.6688741914064011
0,0.04722593021266257
1,0.2251541474694895
0,0.25278529332958066
0,0.16835595905826128
0,0.3075164208021243
1,0.8781988314384847
1,0.8270403303560122
0,0.19988072551584118
0,0.7847535886617752
0,0.5698587073070277
1,0.3796795990378006
0,0.4986736625332636
0,0.8225236936948223
0,0.35154584995154703
0,0.6104535560033452
0,0.07503253167219319
1,0.6088597289637129
1,0.7714028925524343
0,0.057451702145847654
0,0.04949952013546824
1,0.6422503145593871
0,0.26166633700030467
1,0.6656430845758106
0,0.2713307395759705
0,0.6713666864489265
1,0.3556148130935314
0,0.29460358898435773
1,0.30730020889229026
0,0.8543983459612657
0,0.7303998697133844
1,0.8549049155876083
0,0.8783061141772356
1,0.8078173058161654
1,0.7394177329191262
1,0.9286971276202083
0,0.8471941670241901
0,0.7699732659531888
0,0.06306086932175853
1,0.861601338322834
0,0.2552337083762549
0,0.3936772505013663
1,0.8945729460829677
1,0.4063793091681286
0,0.47243838476643435
0,0.04113902341218905
1,0.3523961551954707
1,0.7472527582814471
1,0.7897248342776714
0,0.03571884320123976
0,0.044215339761211676
0,0.1653423780939624
0,0.7161221719960099
0,0.6663110530924001
0,0.13585525197189302
0,0.7509624854197066
1,0.639705579673076
0,0.3798641182490547
0,0.4168790964553082
1,0.776892452244785
0,0.4605925452435851
0,0.1878201579571485
0,0.4049738456005964
1,0.7049827458869602
0,0.11768102651552745
0,0.5071086821940886
1,0.6751215756506225
0,0.8268633412310336
1,0.6909377096220078
0,0.6971904923480603
0,0.06651869690016161
0,0.23106960874198026
0,0.034137252113998644
0,0.4145872036164059
0,0.2772780925158435
0,0.05339353945216251
0,0.1090323265512148
0,0.11915960434240516
0,0.8537271329381126
0,0.22325295795568165
0,0.04440452349016663
1,0.8429673672593972
0,0.41786053876596885
1,0.5257692133634376
0,0.5461622565144185
0,0.11062005250097677
0,0.3092651129988824
0,0.7517188278774601
0,0.2254539014063786
0,0.12114337818822696
0,0.33406293078030763
0,0.09532845930902005
0,0.045185500427973556
0,0.31261703337193614
0,0.10618973377601977
1,0.8828636900580229
0,0.2195097107574795
1,0.5280386235112126
0,0.2977987304264474
1,0.27593714937049796
0,0.05769185684687226
0,0.7124951319182585
0,0.5886855091292598
0,0.3424349840308785
1,0.6939551858612504
0,0.10895923622732887
0,0.10898262620740348
1,0.7861454921664659
0,0.12524596828264453
1,0.654842509402939
1,0.7115720984146099
0,0.03840015390336356
0,0.11317587790009048
0,0.2546437472295479
0,0.6903625072518087
0,0.026417615243405686
0,0.8532652235341394
0,0.4137999219305265
0,0.03623718657270205
0,0.5226268922852061
0,0.19157413059862194
0,0.24977806606290365
0,0.07957708249035843
0,0.8332270651441824
0,0.6452823782852749
1,0.35086212295380187
0,0.852682336764518
1,0.5053483158513498
0,0.3240026511915622
0,0.030955438861204512
0,0.40213754909392696
0,0.5429649189980784
0,0.04450866347127774
0,0.5283026026848354
0,0.03789636785828676
0,0.7045827243851198
0,0.48823810105803234
0,0.12519950539539001
0,0.3496202641217324
0,0.616066304240236
1,0.23405667154893933
0,0.4106034180950718
1,0.8164401357528166
0,0.6136283799119064
1,0.5776914310150575
0,0.8390055908145815
0,0.6744690150248063
1,0.8717874201840273
0,0.43825245442426697
0,0.05392243670050929
1,0.4024418748133478
0,0.12458401537079214
0,0.469744809580406
0,0.6973427900860121
0,0.056614797634502036
1,0.8605402752856812
0,0.21419651360596087
0,0.2193527464341123
0,0.12483762596734363
0,0.04301730841093308
0,0.7481266666955901
1,0.5667353591056539
0,0.1358042981797975
0,0.6275203830580088
0,0.8433717713790074
0,0.7736664700937304
1,0.20538248623889585
1,0.382293640360924
0,0.36129584735284614
1,0.5657406702831643
1,0.6304685413115321
1,0.8489744742038073
0,0.34225922000750925
0,0.10881005338091125
0,0.7386709079754371
0,0.05995659413047114
0,0.5875350546164814
1,0.7614073284807321
0,0.09239757424898055
0,0.10763079687387923
1,0.24581471056715917
0,0.3365574756866007
0,0.3189523841617001
0,0.2863237564284525
0,0.3006825440596274
0,0.22155103242759255
1,0.8459260944878216
0,0.21113902857203012
0,0.027636217454741648
0,0.6845454635314445
0,0.7128663839445829
0,0.10517900051177954
0,0.09360492371643765
0,0.3186100843815167
0,0.07232232892591559
0,0.5729318116558728
1,0.7708677431507863
0,0.22624778939948478
0,0.08037953923374151
1,0.5161960873764975
0,0.2392666726811983
0,0.03647873951664047
0,0.6658697057944468
1,0.5473727305053202
0,0.5657406702831643
0,0.4765224669026045
0,0.22624778939948478
0,0.15261605127088493
0,0.02608439091992061
0,0.08006055245634348
1,0.7375854989412856
1,0.8245419871969517
0,0.4301035466663782
1,0.6603629232296827
0,0.6483893460729913
0,0.24034848297360548
1,0.3250217258432998
0,0.07791256763729897
0,0.7487360626391572
1,0.6957459420173041
0,0.7577306019110422
0,0.04617316609253973
1,0.9143611657304402
0,0.8224450291188447
1,0.5912055362224733
1,0.5459526000501389
1,0.43430914564676004
0,0.06435007043373236
0,0.6250306558065127
0,0.1311533768619037
0,0.7046190910131844
0,0.4446423468545892
1,0.5804360485468781
0,0.2299823958222916
0,0.18885798857372668
1,0.1779351710459373
0,0.1626726190621209
1,0.8011905223507791
0,0.5276793663136141
0,0.022474353080258174
1,0.8318430979857094
0,0.03825984958952314
0,0.2897056728610542
0,0.606278522097854
0,0.05060403395700489
0,0.3710012794086441
0,0.8839833704300272
1,0.5546693901187443
0,0.04897929608390705
0,0.21540824557662985
0,0.5538070653708764
0,0.046367168956696965
0,0.4434385494705668
0,0.4968501779520767
0,0.16948470984656122
0,0.048604958512223094
0,0.16905548739243337
1,0.7266813001054494
1,0.0988668863050297
1,0.5575492575070213
0,0.039249608851395355
1,0.25105377564015935
1,0.4396711952451687
0,0.025491074405449017
1,0.46154307560924157
0,0.6455189458673608
1,0.8251520919516145
0,0.18779178844734354
1,0.6216097536282384
0,0.020491033189092057
0,0.5581961671816668
0,0.18098969786027225
0,0.026670693770070582
0,0.035093332033702754
0,0.1737098309481443
0,0.5503253441987945
1,0.6641906920031901
1,0.8343729094639413
0,0.09873638609987082
0,0.18372609283747526
1,0.6868740429427743
0,0.153878574048273
0,0.06565573627955351
1,0.9246677268970976
0,0.8077989505834088
0,0.5245311028256713
0,0.08797404224924374
0,0.05999620856030005
1,0.6236965523898673
0,0.8124846399674043
0,0.6482027943403473
1,0.7501447377724412
1,0.9388031788750971
0,0.04135339889976396
0,0.24723719113041542
0,0.7664879851022776
0,0.18825814740594485
1,0.8828577689572195
1,0.28442974721353886
1,0.8858282336618069
0,0.4959848627694897
1,0.7743937577377238
0,0.4892039235006781
0,0.24370818935737598
0,0.34756150826401516
0,0.25138481728350787
0,0.04958642637137092
0,0.2595774972475579
0,0.17486894282150858
0,0.5106175839284831
0,0.7870682786917726
0,0.048500303687667695
0,0.02333737083463528
0,0.3945653397215732
0,0.8366708814022522
0,0.7654073810848357
1,0.5514537470347747
0,0.15098816057810097
0,0.866235930021312
0,0.11479809258915284
0,0.04003278755220636
0,0.6572033895451034
0,0.3424849425197265
0,0.1379694933524618
1,0.8239063429704565
0,0.4465148625982331
1,0.1606581701401435
1,0.8914267445309416
0,0.8881679632783691
0,0.16331740907730843
0,0.10869327169465705
0,0.5714002750109182
0,0.037637427064659106
1,0.4476046037277457
0,0.648359244427305
0,0.3838099755465647
0,0.4007655623309604
0,0.623495140416871
0,0.6459927815764841
0,0.6844403426723122
1,0.5085446390332731
0,0.23768288749229924
0,0.7064783834321112
1,0.5144551225271189
1,0.7521627060993173
0,0.4483097856822867
1,0.545838485590812
1,0.5203416874111004
0,0.6771022867261625
1,0.7103388057631392
0,0.09909959111901871
0,0.6304486260939675
0,0.8405350663834371
0,0.04534483223562211
1,0.893858669111827
1,0.22443949285529788
0,0.04192884232192159
0,0.1924171974942319
0,0.7024581868380405
0,0.4135001526549138
0,0.1343639194036101
0,0.029529996296664446
0,0.09409495796486296
1,0.7885254563525441
0,0.20907795927982153
1,0.36153679337338557
0,0.0695984217635244
0,0.5059982247728988
1,0.7789295589798391
0,0.5095767899724756
0,0.6631811830026049
0,0.05671502640087384
0,0.552751840311451
0,0.11240224845300072
0,0.6082445705090321
0,0.4123746149904259
0,0.3221252823736104
1,0.9089695871177977
0,0.7623537516638137
0,0.11503399069384725
1,0.657490408702576
0,0.07239374384355632
0,0.036162218496162135
0,0.559305468560662
0,0.23192949752927414
0,0.6251037922035022
1,0.5821226426453114
0,0.5117569420037495
1,0.5787442378771392
1,0.22568868570800737
0,0.5245639550352235
0,0.04157324755547473
0,0.9258181728434024
0,0.2848321907833253
0,0.20577571801104383
1,0.2868827156125696
0,0.41215947912999645
0,0.5930664276992837
0,0.3221478411541545
1,0.8304270186013478
0,0.23060101991645363
1,0.8614628908409987
0,0.12002608828015665
0,0.19499721293389688
0,0.014590393314065348
0,0.014051419315885888
0,0.04893333288592507
0,0.3027411257067633
0,0.06470997452627462
1,0.7090735443650502
1,0.8198317811451261
0,0.05591653824497457
1,0.1936203453510985
1,0.933992248830753
0,0.6061533871791986
0,0.7659715006626164
0,0.16246716166112407
1,0.5973284689405828
0,0.8211947212790347
0,0.24716590788795048
0,0.01806530406980681
1,0.2502323520818002
0,0.1598971970442115
0,0.04784737186137326
0,0.22788627607042922
0,0.8585595550825285
0,0.6679823521066499
1,0.774324122619937
0,0.528038749397788
0,0.20612663757012695
0,0.7391174906599158
0,0.638910507280128
0,0.2918160576117551
0,0.8748274233973451
0,0.4018977739567934
0,0.6562893753285233
0,0.41406245360826505
0,0.5263710940615427
1,0.7375013441502862
0,0.10145961082745683
1,0.8344745669009394
1,0.5646978575352389
0,0.27592879132846054
1,0.5550373046723954
0,0.44176384230491866
1,0.892675519077426
1,0.5066227548269183
1,0.5848590032633346
0,0.550325751640712
0,0.18586970768083946
0,0.1626536461839327
0,0.4689095858789362
0,0.6169476346316146
1,0.7025970276418492
0,0.05869541347750814
0,0.18079162389194334
0,0.4903121018948044
1,0.8109520324768471
0,0.023124518577569177
1,0.5083443431258734
1,0.7631519708974539
0,0.4037525460608341
1,0.7893253567902775
0,0.11581936844444467
0,0.13880781097987838
0,0.8049602469985656
0,0.8177128586902707
0,0.49398677807100816
1,0.7435568395999222
0,0.7007173669252534
0,0.7485872772890861
0,0.4545927819810296
1,0.7074124834388714
1,0.7610431812216061
0,0.5026564098601047
0,0.07851207047637035
0,0.6820508607863992
1,0.47727086505386146
1,0.8849197964728437
0,0.5202399257713928
1,0.8891666698368053
0,0.06992456907216964
0,0.058610834296187984
0,0.22212263945592814
0,0.14147332246688193
0,0.8293971837084901
1,0.7465346507680228
1,0.16734785955495762
0,0.07135267839357291
1,0.6741321335673187
0,0.13524897617017745
0,0.3974522644296722
0,0.06922861785913755
0,0.7633247474194228
0,0.10257996161277048
0,0.031080742325293273
1,0.08990626091861383
0,0.03199918831933164
0,0.6948301397261523
1,0.6475675247315178
1,0.4730479492943332
0,0.10597456787896686
1,0.8585761046708485
0,0.208393976899327
0,0.7296670444023533
0,0.44103121844992965
0,0.8131701371577197
0,0.020585646850664774
0,0.16734785955495762
0,0.20302357292792486
0,0.024677039975697812
0,0.8506003534665674
0,0.18597794917537716
0,0.6177165355504999
0,0.20923967399956417
0,0.019487068856583353
0,0.234355954135393
1,0.44902395094815417
0,0.49611754723587104
0,0.305780081197217
0,0.40892549657642163
1,0.8494054099993644
0,0.6675004162517064
1,0.6558338814433847
0,0.3030420609976774
1,0.5484949714630892
0,0.01959979567052202
0,0.08625233418768477
0,0.09705235551227481
0,0.8718244391228264
0,0.21130969582380835
0,0.2049423670742486
0,0.4910870118848282
0,0.07117473211132874
1,0.9030159499990685
1,0.8910464150421165
1,0.396370748356546
0,0.6797452854929396
0,0.650888046764836
0,0.44892820459354044
0,0.2926347198812182
1,0.9024953982625965
1,0.8315222903086263
1,0.8811719695380863
1,0.7122845919967419
1,0.6963166692207658
1,0.7346641164099625
0,0.6166354958127199
0,0.04051861348311906
0,0.617805051785096
0,0.40099044484144625
1,0.6837067702395768
0,0.027010732958872973
0,0.44998983694846334
0,0.11432559690117552
0,0.35837109471279355
0,0.10504953066795306
1,0.8337878028796522
0,0.058955117639209596
0,0.41300545744555545
1,0.8041674485977494
1,0.7728591200946291
0,0.5563937423258773
0,0.6334700072524079
0,0.3484107630173051
0,0.8210918865761643
0,0.06825923001375986
0,0.05142328659602215
0,0.03522934058559008
0,0.549745432927293
0,0.09789339178632364
1,0.9039819915002694
0,0.42074198013614766
1,0.7269721503024836
0,0.5256729112439247
1,0.32696212680347075
1,0.877331432851736
0,0.04237131586914662
0,0.5305124802825953
0,0.706315832995332
0,0.2281715411961908
0,0.273488709483353
0,0.05243528654936356
1,0.9059664978252058
0,0.15371811369315952
0,0.8586768857249102
0,0.6196702580238473
0,0.5165710777984218
0,0.4452250748752322
0,0.16380634789795603
0,0.041608494371432915
0,0.8358280458759829
0,0.12067546455686354
0,0.44847969950260175
0,0.4839412873555156
0,0.2027008659167556
0,0.7545096810518711
0,0.2445455159675524
0,0.5755055400273016
0,0.38398160580251656
0,0.02116267816257935
1,0.44956994800797667
0,0.6904997428867057
0,0.29513278572043794
0,0.7585910787510257
0,0.11452268966661436
1,0.6409593658691285
1,0.9449897648269143
0,0.4347764245979409
0,0.048153715351577836
0,0.03760628441020619
0,0.15742789189999964
0,0.5282235215604495
0,0.1080316382902764
0,0.08567837218645094
1,0.7812719430908415
0,0.23996035637939817
0,0.04709514123392662
0,0.646061566049096
0,0.12546785745860586
1,0.36205976595750977
0,0.6957057356480518
1,0.10600924968632656
0,0.03776652223262579
0,0.020800241720537342
0,0.23095213840978684
1,0.8245356831508346
0,0.0445925470710695
0,0.84829396448306
0,0.5914942602137607
0,0.6542392960465665
0,0.4831632161375579
0,0.4869868094000334
0,0.37992003401872376
1,0.47015506686505354
0,0.9295808234505701
1,0.694328435024993
1,0.5922512762722315
0,0.30481793434098853
0,0.16750909711492737
1,0.2614534582378253
1,0.8244604846903223
0,0.03953472371352767
1,0.9078511783327524
0,0.6568110363837762
1,0.4387066012285539
1,0.5340205877932916
1,0.6480824276525756
0,0.38820908158501566
0,0.038851316784058565
0,0.46328981295020394
0,0.118831575407138
1,0.8476585581175551
0,0.5726236065347728
0,0.21929123703428582
0,0.44764845763009403
0,0.899386164318312
1,0.3174074326452864
0,0.6858285583612101
0,0.1894970560734151
0,0.4815853622711786
1,0.7245781949247078
0,0.2631749270349208
0,0.26306140999860717
0,0.026029193527767305
0,0.34849847373343745
0,0.04859298168302924
0,0.4255466912587986
0,0.8023693129939595
0,0.43648086430618854
1,0.6501648872395493
1,0.4666124148745582
1,0.7348178362529586
1,0.8076417055020088
0,0.47322583950378205
0,0.2987793765563434
1,0.8867275988533878
0,0.34763233061894644
0,0.3202668159336653
0,0.15647766763810092
0,0.525843981511146
0,0.06932981165727385
1,0.7651265186981686
0,0.7316023660757366
0,0.625733112421402
0,0.05191724103955321
1,0.8548355601991812
0,0.4593570611311357
0,0.4763273416973363
0,0.07229802357205535
1,0.3122449947876088
1,0.8284220658725909
1,0.6150699860605588
1,0.8099134806632309
0,0.5834802835269179
0,0.36551359049456195
0,0.09602593607035215
0,0.5450721101921492
0,0.38122616912243906
0,0.16456829830922348
0,0.08169858242839931
0,0.5860818119498361
0,0.5246504281868284
1,0.41679279605903735
1,0.7975736308027906
0,0.061073616058128
0,0.06382732411294303
0,0.7406533316654017
0,0.5662571929421757
1,0.7894148556780481
0,0.7224741015449961
1,0.9175916491595972
0,0.24942921941689256
0,0.6302181967982227
0,0.2995331455646784
1,0.8626307536592736
0,0.33849690245634667
0,0.35545570651085295
0,0.7713159979975102
0,0.14990220684060684
0,0.8582379225972904
0,0.07757297733360237
1,0.6472284616766222
0,0.09056459518645354
1,0.7045948654184371
1,0.8026967841973996
1,0.7467932200580313
0,0.5469589622322442
1,0.6722654273124531
0,0.3882645764192961
0,0.041659173387961414
1,0.8870343964387415
1,0.9284064511748509
0,0.020740552066626797
0,0.3374129351143221
1,0.712646594053175
1,0.6215065392742253
0,0.3912778659439624
1,0.5836437028459076
0,0.6898745164374221
1,0.8774293934211191
1,0.4445689400130479
1,0.8151956338596634
0,0.07721770805104874
1,0.6930671970530504
0,0.4796532051209708
0,0.8023346702786551
0,0.05864582298010126
1,0.6807217960484518
0,0.8111677353885187
0,0.3672106387658883
0,0.21552783731049555
0,0.3281942779683913
0,0.3215684024771481
1,0.6302142319361863
0,0.3217509856981209
1,0.19228870654867594
0,0.40906159087763827
0,0.17941498568597797
1,0.334032740179305
0,0.5659785095390352
0,0.7052446730209714
0,0.28297165806965763
0,0.04760315014023288
0,0.4177013436125395
0,0.34612496957595656
0,0.1970630043716714
0,0.8981965125283365
0,0.04573727429478919
0,0.48197526251464406
0,0.4025521831701508
0,0.22741985226815783
0,0.04588159016817048
1,0.7147527969452445
0,0.26359412051272196
0,0.37614631254261466
1,0.582572459874121
0,0.2308550380050638
0,0.20495485588397805
0,0.445981110890307
1,0.7297459011487756
0,0.10020447000002265
0,0.299405369211241
0,0.44692059898329556
0,0.3613240230317658
0,0.5037968294539941
1,0.8281397313673559
0,0.5135651593870534
0,0.7166297126437944
0,0.44163845772598287
1,0.8917204697218105
1,0.1881637158676427
0,0.6086370761886858
0,0.10609434612001688
0,0.13818569997681365
0,0.6092111159623131
0,0.644102461569625
0,0.40104926355358467
0,0.4663507671487359
0,0.3723051796683281
0,0.237682298291228
1,0.6792563144028191
0,0.3860285628084481
0,0.5522344173401662
1,0.6059081927490578
1,0.7818958713396686
0,0.22897998456611426
1,0.7434779165644729
0,0.3991097022277871
1,0.4266010228993357
0,0.19493253414592251
0,0.6844030926472098
0,0.14291118388544763
1,0.8546494712140497
0,0.220136597966867
0,0.09497723359346362
0,0.3831789552346024
0,0.3211842408718855
0,0.5361526013343195
0,0.6996795472907448
0,0.5099069568249479
0,0.4066600464873509
1,0.41659916888426235
1,0.9265319007029996
0,0.8166521159075534
1,0.8830980145848375
0,0.3368908895941712
1,0.2755887644565505
0,0.18274776393491365
0,0.20594581897772848
0,0.1933353802808137
0,0.7631618052679917
0,0.15549519761454358
1,0.9345212698977579
0,0.44606368233551685
0,0.13137734935189613
0,0.08035914234456853
1,0.8115523956904823
0,0.1827863190814985
0,0.19018348250691297
0,0.5355920426789652
0,0.41013007319286743
1,0.5146198758226421
1,0.7916091297960014
0,0.11503948469466889
0,0.34384110129311096
1,0.7460450550440813
0,0.1806713707592631
0,0.3779414486557593
1,0.8303549094432583
1,0.8105341440140955
0,0.44655957058150386
1,0.6153919482359511
0,0.13265969541237474
1,0.7607836388988625
0,0.5455091095425635
1,0.437556222296239
0,0.8610995928761938
0,0.19402415489994787
0,0.7516362446004808
0,0.04084365989363416
0,0.26012438824492845
0,0.030075885095018625
0,0.6523562579500214
0,0.4550741641282851
0,0.5211131003778395
1,0.8265770342793582
0,0.07520287730138044
0,0.4668641184060715
0,0.6728363267605042
1,0.556148781174291
0,0.2024805411324524
0,0.13354516771886235
0,0.5473727305053202
0,0.05946971766291485
1,0.8293518855681234
0,0.2160229855252995
0,0.4410466927932609
1,0.9082529472987082
0,0.2514106146655319
0,0.1376711551869476
0,0.2529186811334936
0,0.6958243206703247
0,0.6017177421488039
0,0.038840975148115436
0,0.023234497083446232
0,0.27119114395005334
1,0.47973459031718824
0,0.057349521983176055
1,0.32595511868689153
1,0.8652533310684607
1,0.4478376893992367
0,0.3406896301844504
0,0.5842000253606839
0,0.39444371723306426
0,0.10537527062506145
0,0.5900768590710798
0,0.5023301271650057
0,0.1173406785330583
0,0.6328503013565414
0,0.28694691934581973
0,0.0377713543269431
1,0.695188180907884
0,0.6043599559137365
0,0.4753657812650397
0,0.7093103929278914
0,0.6280018665558892
0,0.14743880371868875
0,0.04360258775347727
0,0.46956408031403146
0,0.367852281563102
0,0.3147513340851817
0,0.09868584247023712
0,0.6975159816172996
0,0.05169415334112077
0,0.12824243483902598
0,0.5002627269773695
0,0.2744041738047965
1,0.8272383459175894
1,0.7515726404663545
1,0.9265455352137899
0,0.7615680311464184
1,0.3228926729608213
0,0.10133072615718362
0,0.5776688319674554
1,0.3879743647323792
0,0.25599082950776036
1,0.9239217556400123
0,0.0762374687677939
1,0.7066416532443829
1,0.8176904624049538
0,0.26369111239696646
0,0.23118992188307583
0,0.2039297899459336
0,0.03623718657270205
1,0.8787750322286441
1,0.7935026792207296
1,0.5882625954169058
0,0.18995958745603553
0,0.4323525987036169
0,0.8561938628287343
0,0.6238642748526055
0,0.22208195982771037
1,0.7435756006634748
1,0.8640591189899296
1,0.8762434677309958
1,0.4571605034394509
0,0.6843429898418091
1,0.4173634070345421
0,0.052369793717623694
1,0.8516657816332682
0,0.11446095034284062
0,0.5375223503118453
0,0.5254490871259685
1,0.6229329629417814
1,0.5310478564614122
0,0.07104062695920842
1,0.401823312690547
0,0.8389202330998655
0,0.1127904000342931
0,0.02458713784257651
0,0.28867979555440587
0,0.24623464219709676
0,0.1735614504139819
1,0.6681090966503543
0,0.3615194642359345
1,0.36207105636604753
0,0.5905329279443463
0,0.897599465558491
1,0.7883229828033094
0,0.45092431997451415
0,0.7904094572296773
0,0.5186208633012321
0,0.4684830793630811
1,0.23523826172385467
0,0.6418468663433525
0,0.3488801579279668
0,0.08530722897660561
0,0.19144150749809322
0,0.24380792439156238
0,0.04173056080872307
0,0.6559044875370329
0,0.055133841346184
0,0.12388350504242157
0,0.35501258951633646
1,0.8046053695902882
0,0.11224674873797241
1,0.4044228652131215
0,0.12369942800432061
0,0.55065421427198
1,0.5750439646541069
0,0.7058170416431705
0,0.689244275083505
0,0.7577091192038705
0,0.7507201807099033
1,0.4448057586469976
0,0.7670405345562807
1,0.8890402934651317
0,0.40721004855175974
1,0.8999758429742876
0,0.23309195003941804
1,0.6880999401706186
0,0.7284962052152363
0,0.11251236617422905
1,0.7275925815286763
0,0.7242849599525577
1,0.6019163376068632
1,0.6353928280925061
0,0.7472342177621385
0,0.06406609442448655
1,0.5128510617014966
0,0.037912917038111005
0,0.37432681856105493
1,0.6585104259717627
1,0.6818187478534863
0,0.050063013028639136
0,0.07783531846895196
0,0.16089125196119036
0,0.34679633807672405
1,0.2852984548468973
0,0.04045342782133723
0,0.22543088326943633
1,0.11721331421993518
0,0.726015801133211
0,0.05212887450064426
1,0.6491098334288348
0,0.2881355934917766
1,0.7191975347295559
1,0.6488417273810103
0,0.20800578038132672
1,0.7986766677536964
0,0.3021456955847252
1,0.9084228809134427
0,0.9379338757982933
0,0.031986152010328714
0,0.08256895706419909
0,0.27505861580856505
0,0.24803389806756435
1,0.5694052547162344
0,0.7548632197371268
0,0.6484119919009084
0,0.8194775005224298
0,0.7273314063689084
1,0.909467688259236
0,0.7488609361092748
0,0.21348737534112214
1,0.5591031534367089
0,0.7523145507374691
1,0.5870172744134318
0,0.7455714482542323
0,0.21500931717532157
0,0.8293719384820125
0,0.060171964647861675
0,0.10969498780741893
0,0.1936136197977698
1,0.8279897987909799
1,0.5691679476914865
0,0.2903650066034545
0,0.11733439629345863
0,0.5155518679548495
0,0.026523293176248082
0,0.10521037214462184
1,0.2836450256356853
0,0.02283085530668153
1,0.6797090784627945
1,0.9018744541232313
0,0.11286197487477838
1,0.5451620867439758
1,0.9206494548259383
0,0.21577430973120118
0,0.06225731254795845
0,0.27646959410815625
1,0.7394046806348863
0,0.12367383253534667
0,0.3544008935788865
0,0.4940878931645406
0,0.45273322014426054
0,0.22980272408518831
0,0.5498484978161294
0,0.3030340888117804
0,0.09041264575488338
0,0.6322268590371607
0,0.30842040010399235
0,0.7217595375889875
0,0.7199349842114944
0,0.3151689658321624
0,0.03630031606277549
0,0.6293710292169727
0,0.04107880271675816
1,0.31412830156537763
0,0.09574035218146451
0,0.6462099144272824
0,0.2150808052249052
0,0.2713123199734372
0,0.5179704560967003
0,0.040422723352879296
1,0.8122438423178865
0,0.5859083571637503
1,0.8949474073812
1,0.5869124202560015
0,0.13561801207876806
0,0.7192586943979083
0,0.7235287159819614
0,0.09597069214965973
0,0.32971698953018436
1,0.8376148949995329
1,0.8326288047340215
1,0.8126486622311828
0,0.521171203260204
0,0.22360987176285
0,0.14874082069671235
0,0.2676135606614451
0,0.19563721371851847
0,0.37738431418909396
0,0.32900780321779954
0,0.058092855643620066
0,0.313215722132801
1,0.6790624281321533
1,0.6556590872235093
1,0.6933548984737006
0,0.404630944888916
1,0.8016292585045629
0,0.8672055216044565
0,0.4510081678829909
0,0.24260971670368373
1,0.6531817591198751
0,0.19392139472512035
0,0.040121155285275725
0,0.5304945823790115
0,0.8283420643339867
1,0.4054240003387566
1,0.5571660383455567
1,0.8007266312422753
0,0.1769531921221508
0,0.5822161062433054
0,0.0659391597757664
0,0.3138292489902846
0,0.2595388160273868
1,0.5244378668845117
0,0.5464079996916962
0,0.7579840859373916
0,0.1994732052403041
0,0.21728719279059266
1,0.8521862030160227
1,0.9136029650761118
1,0.5075309615173301
0,0.7258852775184212
0,0.18943617659800913
0,0.39732462861485746
0,0.4690676853357653
0,0.46051583969953513
1,0.6543603633961107
0,0.3166662642836079
0,0.08806928817219496
0,0.6768852408916067
1,0.48896224608288164
0,0.48739664185251486
0,0.05219489548993861
0,0.04570730006123291
0,0.04603266600159933
1,0.43238176763804237
1,0.7244432155628172
0,0.7593448390221975
0,0.7878926229143998
1,0.8915060540756733
0,0.11428152874439837
0,0.3569060611175068
0,0.3506586952265966
0,0.04377437820095177
1,0.5386656829133531
0,0.7343660165044202
1,0.6138903023524716
0,0.732986658311795
0,0.21163359377271992
1,0.8289345054927802
0,0.6811853062859559
1,0.8266662514352224
0,0.8248328059103579
1,0.8402765827904942
0,0.6793133451977555
0,0.22432132300492574
0,0.4320087080111861
0,0.04709463725832587
1,0.5140717905502351
0,0.11706486681611819
1,0.7519386781423381
0,0.3953037088125806
0,0.5413011897570928
0,0.30637107494402377
0,0.5517371666671792
0,0.24188633701827758
0,0.7089384502956529
1,0.11857099434765399
0,0.06113386559485333
0,0.09434049624462415
0,0.39121357724862477
0,0.5590051046592006
1,0.8372835650951702
0,0.6001774870109287
0,0.09355464560120343
0,0.30731355253613285
0,0.11608895901470032
1,0.8805849145239178
0,0.6689318268288138
0,0.8494386025156511
1,0.7380808634239812
0,0.4310875087778571
1,0.49635001669571344
1,0.8748986914130384
0,0.4430661543429608
1,0.813006562376777
0,0.5536602410502139
0,0.5692365071817053
0,0.5845816159141181
0,0.806199189954036
1,0.8076647914012481
0,0.42029459774859657
1,0.7678817344554073
0,0.2646246049147859
0,0.12314636963737892
0,0.0671633851636887
1,0.7926091628090257
0,0.41338525889475436
0,0.37489339363532936
1,0.5403157280622123
0,0.3029700702157789
1,0.48013007364661014
0,0.11441628568582571
0,0.10986215120128244
0,0.29016549256977225
1,0.7320129183692115
0,0.41549986213909534
0,0.04607763080548183
1,0.3634880257248034
0,0.039506686466873255
0,0.24908212109024827
0,0.8047713703761179
0,0.28656927567503715
0,0.19988214150054062
0,0.04316523565472062
0,0.8455236575613452
1,0.8446724195378241
1,0.3401200931869557
0,0.0657711949174351
0,0.17015549061864557
0,0.041945367471216105
0,0.40445955010138634
1,0.9411201528446873
0,0.6863324115982454
1,0.7145985565807884
0,0.6753457460706848
0,0.01806530406980681
0,0.6674008665599399
0,0.06012220597252132
1,0.8207707854247145
1,0.3309013164573697
0,0.345222915644326
0,0.8174882836571843
0,0.5375947520536952
1,0.8770231584325427
1,0.5300027403491534
1,0.8137710489169726
0,0.03427317386728978
0,0.4363690039137758
0,0.05842077129840611
0,0.7721128216775751
0,0.07403838034201425
1,0.8477692866963236
0,0.7231977301495572
0,0.26117848397187154
1,0.3660447876617173
1,0.6518913974715864
0,0.5433036457319598
1,0.5318950208441764
0,0.027531693913433904
0,0.21661832372299047
1,0.8118149882126958
0,0.4767098641514488
1,0.5163530150618216
0,0.8924127790576238
0,0.05828380520261412
1,0.7752967469600834
0,0.36618241345571617
1,0.4483826782646683
1,0.5955507784530587
0,0.45098407460287654
0,0.03518919591800206
0,0.21327405804954816
0,0.8273179852542362
0,0.25370064237539747
1,0.3466739270139507
0,0.7339989475806297
1,0.7344382347131365
0,0.638658607429033
0,0.7118616809461696
1,0.8128724126609972
1,0.4188326630376856
0,0.6357489670243136
1,0.7601121253343759
1,0.12172712466488901
0,0.5105431892421758
0,0.9064101146396134
1,0.7491526343779764
0,0.56448144273549
0,0.10205880654354862
0,0.06161051203993704
1,0.6995019913886744
0,0.8767678420296523
1,0.5037672472217081
0,0.5873118557071155
0,0.5334390841840165
1,0.25873097861944433
0,0.1484857039478228
0,0.09512531271255228
0,0.04577055352831029
0,0.12801738682791136
1,0.5415940435924614
1,0.6366118188541692
0,0.06156442950724174
0,0.2886020950484173
0,0.4321046495484689
0,0.027752141527248184
0,0.5242608932368992
0,0.7920912893766785
0,0.8454776780013615
1,0.5323745603993373
0,0.14703105157884117
0,0.47462289350515213
1,0.46040111189306954
0,0.8201969024266546
1,0.692436817278732
0,0.0403864087799424
1,0.6380207834446646
1,0.56316859872901
1,0.6515547981751993
0,0.4041782318697252
0,0.5147615030815584
1,0.7788345420522338
0,0.7243513312226288
0,0.5615433774514754
0,0.2758149025067899
0,0.17686648421770987
0,0.02959170767254771
0,0.22908020090524162
1,0.456199848884068
1,0.5408705492482193
0,0.3091211667154385
0,0.1999648957524649
0,0.44390899813507845
1,0.5076754591477739
1,0.8913353882666042
0,0.5187778223498081
0,0.021595881436788922
0,0.3568316587665576
0,0.704501373422186
0,0.6056442176699304
1,0.8931486645073599
0,0.11608919018575126
0,0.058050302057149776
0,0.607323264775484
0,0.3631876577580914
0,0.3328513838443428
0,0.15854075654361324
0,0.13000995436486393
0,0.6061519182531052
1,0.1100220560315329
1,0.5031144317613012
1,0.12795611116038597
1,0.7545618719364174
1,0.5990588576975922
1,0.8930084970015275
0,0.5436436319028314
0,0.49681022505571093
0,0.2894283665822731
0,0.2452372590478215
1,0.541432387511014
1,0.6206395412678625
1,0.630166883534404
1,0.5527873264605921
1,0.46074257216402986
0,0.211535857263292
0,0.6807273648483109
0,0.39827376428120226
1,0.8605002117910073
0,0.19196805340961384
1,0.7879386134072625
1,0.8807716070802714
0,0.18382915829814456
1,0.49816068596052876
0,0.38941447415454894
0,0.0480163364581035
1,0.6743884362412829
0,0.0738723830311445
0,0.5129503356227425
1,0.5989999449616464
1,0.7734513349863208
0,0.3110267788675737
0,0.6983801882827456
1,0.44781069830993037
0,0.6118265557629566
0,0.7883469070645469
0,0.05828380520261412
1,0.8506536549693268
1,0.927621716468353
0,0.47618242788121756
0,0.7624945253869982
0,0.11712996205917935
0,0.7818561474429526
0,0.24040984459923323
0,0.07705603961340145
1,0.8492379253316263
0,0.799344159411515
0,0.09450035740884806
1,0.5348639428498073
0,0.05207165609438108
1,0.6563428992859881
0,0.7382319972196958
1,0.4496082377055403
0,0.4321844327194248
0,0.2653854691496773
0,0.07127348771182454
0,0.10821927833118
0,0.5444974923211486
0,0.3936505699818023
0,0.6887758001270472
0,0.02962873406972374
0,0.5666909543135414
1,0.6218518341925293
1,0.6633200389398162
0,0.03776744348282593
1,0.5707981917694324
0,0.4131233432213074
1,0.27946539931281617
0,0.048651702906130447
0,0.8761935496857314
0,0.05975488613183436
1,0.7951514975724151
0,0.05594988737054322
0,0.40252452521656334
0,0.2425054562912509
0,0.4660640761158199
0,0.21329417166894526
0,0.08031705483700076
1,0.8579872099602157
0,0.06929811143709791
0,0.017886780668026302
0,0.6856553913477442
1,0.8435011735844621
0,0.22487152130263333
0,0.40546864735505755
0,0.32895996705203184
1,0.08744719355561535
0,0.04084191778774101
1,0.840300643823553
0,0.5085025326110916
0,0.5736445245751486
0,0.6467764914239911
1,0.5442164621039136
0,0.30307752272166166
0,0.673538995921983
1,0.9095065072419337
0,0.12428052739529348
0,0.8491384911447154
1,0.40993990322916646
0,0.05957776629351082
0,0.42866045249862295
0,0.41558466716397635
0,0.5261361303474633
0,0.13396208343384075
0,0.578267602868835
0,0.771976597308654
1,0.7899813178496489
1,0.5010653888843988
1,0.6734942546997835
0,0.03780412827800633
0,0.5360766934997353
0,0.3341074773548393
0,0.4669779657744661
0,0.03251503279929968
0,0.6946967155819224
0,0.6913517318856219
0,0.2592571301510982
0,0.45559055293395606
1,0.5982511905524022
1,0.48880885664690205
0,0.6548283587676536
1,0.7015011907080965
1,0.8055280598787371
0,0.38205236050891656
0,0.24521468490152754
1,0.6558965361226835
0,0.5566666042780491
0,0.6752867676361419
1,0.48981814763387466
1,0.5847023948865858
0,0.042596576670086136
0,0.01564407683184065
1,0.1745849450742144
0,0.05822036730915924
0,0.6256374132582463
1,0.6403923231448323
1,0.8050758294115969
0,0.3362432821225278
1,0.7700791703640236
0,0.5335507582275976
0,0.019623088406597194
0,0.22655156282925867
0,0.07595767470164878
1,0.9038443123694843
1,0.9346657045353346
1,0.666145368107234
0,0.08234821083245153
0,0.21793724154604452
0,0.11453003337058555
0,0.21628769903622538
1,0.30902779694725346
1,0.9181001260758109
0,0.49201682874643315
0,0.37802352168989656
0,0.3415949002032479
0,0.2369568807335598
0,0.11358235400724226
0,0.7430556207838789
1,0.6181513058851088
0,0.28742337968608167
1,0.9043102448266328
0,0.12813906928233493
0,0.8273637888123729
1,0.41156388081548984
1,0.7388266654457535
1,0.9145254248337618
0,0.43169625933175426
0,0.2676960470756599
0,0.7026480543342102
1,0.7596608323125197
0,0.2541381953630018
0,0.410697937366761
0,0.096649931240389
1,0.6119247255092105
1,0.32487600781329246
0,0.10991103224593769
1,0.6303262621791342
0,0.5341410394920872
0,0.7457941091535623
0,0.37821796282617826
1,0.5561000738415038
0,0.22859000515053324
1,0.7739764943225946
0,0.6282857599339402
0,0.3796219082940258
1,0.6977532523633968
0,0.09818019868061077
0,0.574413396578561
1,0.6190342675455365
1,0.9003269712975595
0,0.16577664086200433
0,0.10861516671883722
0,0.3548742652367851
0,0.03910903581220651
0,0.26378315532233176
1,0.6922124231189148
0,0.11288348025080581
1,0.6631227334643635
0,0.19108586129877164
0,0.8061572478150181
1,0.6494728110342173
0,0.738536196914653
0,0.44089144813680264
0,0.3368092491103288
0,0.43301416068092746
0,0.5574319534218868
0,0.17192865271343316
0,0.6122510113057692
0,0.33531113277859237
0,0.19704424462378275
0,0.06188089607439376
0,0.3714573214167373
1,0.7884898797813985
0,0.10408818654298958
0,0.21146477425860352
0,0.2999154070322248
0,0.39318338401132114
0,0.7298027629235242
0,0.4146163771633402
0,0.21813593177250776
0,0.07907685217947966
1,0.8880625679902143
0,0.04806372688608115
0,0.11577358593181603
0,0.6446572482352033
1,0.8936956510131104
0,0.2234835552023537
0,0.7903105288189095
0,0.5660956577117495
1,0.8487707482370727
0,0.6408712061133968
1,0.8352172640907924
0,0.25089768554145564
1,0.6763472084670316
0,0.48032490540647904
1,0.8823686852912241
1,0.6846918680032239
0,0.5555764754823287
0,0.06371403592571225
0,0.05115762622334945
0,0.7478445504994519
0,0.29350158146281263
0,0.8915237962973624
0,0.027011554856237546
0,0.2108768713902954
0,0.5746259440225413
0,0.7165405113626767
0,0.014429622892510726
0,0.1832487306650094
0,0.9065198716649315
1,0.2610307516969783
0,0.07011874999151543
0,0.020725878681598395
0,0.3420581659719936
0,0.6208382764342627
1,0.7059549295278184
0,0.31705487133091126
0,0.4619636787252318
0,0.0563839729311038
0,0.0899417345190549
0,0.5574911202590193
0,0.11716450836684465
1,0.5808224141427865
1,0.5104449093412712
0,0.5641872179150885
0,0.3095482515715584
0,0.05671502640087384
0,0.6391405329019112
1,0.7068549747510849
0,0.7135894139723693
0,0.2744678639227214
0,0.05611253273251346
0,0.11576532355635367
1,0.3621695057506161
0,0.037421393279280374
1,0.8164209307987756
1,0.6995317571115068
0,0.5689243270796142
1,0.8658695663939987
0,0.7848951827620463
0,0.5376655086783699
1,0.19241142718682036
1,0.8356707566263191
0,0.4683169922197321
0,0.4518588364891232
0,0.5864015684940334
0,0.06014237186063184
0,0.017789497372062264
0,0.8801817057962102
0,0.05510504398433219
1,0.41646761153644957
0,0.16707360325498705
1,0.607166950114606
0,0.4427601358743324
1,0.37650224426226647
1,0.313215722132801
0,0.3592268673666372
0,0.3207815116431214
1,0.8141935291834386
1,0.8266446195742605
0,0.12484530106935172
0,0.10854966356511281
1,0.8703885731820495
0,0.5968537885555707
0,0.03938252802228205
0,0.6915246416696047
0,0.24135284705463284
1,0.6621998920997332
0,0.6912474245209276
0,0.36673883312764766
1,0.746354723640559
0,0.5364892271235396
1,0.13774021378877283
0,0.20125132423145856
0,0.5434190937880721
0,0.7079047616435198
1,0.25084629528414365
1,0.897455608605495
0,0.022215683486472924
0,0.7489154191136218
0,0.5779283260235016
0,0.033184122633170283
0,0.04243569776855571
1,0.6800110075276583
0,0.761381216040723
0,0.36143868054021056
1,0.5264564160945774
0,0.3603387436708537
1,0.5390044806722335
1,0.7688411982603399
1,0.4522692648877267
1,0.8522542802850228
0,0.7451686257324367
0,0.07965507482242452
0,0.34775601081637425
0,0.34932135476071613
1,0.7321389209589629
0,0.5831068839413917
1,0.5433970473871456
0,0.18841555851469835
0,0.7403058141772441
0,0.1666264209389302
0,0.7120300672474811
0,0.3051860218494142
0,0.28029398008719586
1,0.6369759496864731
0,0.2222691540030568
0,0.20034924749388316
1,0.3481210530451676
0,0.15056381029157345
1,0.8649349252686429
0,0.054405027218339036
0,0.28235801430961033
1,0.8967304415555474
0,0.026973799962741112
0,0.7052427493906128
0,0.020598109329240746
1,0.14215118178869088
0,0.3667356550487018
0,0.6106594065464958
0,0.4020909512032873
0,0.3508302565311646
0,0.5242471441711695
1,0.7448492706716884
0,0.06759018315015274
0,0.2907350337916784
0,0.41721447376481524
0,0.09289945293156733
0,0.9185857533471037
0,0.41356762275980924
1,0.28627706134791764
0,0.5282061876970443
0,0.6826690843840676
0,0.08208320201146856
0,0.3138961785488729
0,0.34052002258534736
0,0.3287799413999402
0,0.08938529958605165
1,0.8853132348908744
1,0.9206017644337086
0,0.7131549930203072
1,0.6949635884070406
0,0.6886965581143286
0,0.04106462889573387
0,0.16619301456590083
0,0.054446784046732026
1,0.5048146237560799
0,0.1651676802379376
0,0.09870524854142164
0,0.513308535956293
0,0.45197172119151086
0,0.16784472320719057
0,0.20017438361529546
0,0.09690237863906076
0,0.11278645980737513
1,0.8476696599755056
0,0.03759788151383041
0,0.10052565441967712
0,0.6323626961306381
0,0.8985656492981462
0,0.1578439151117369
1,0.8238379764478861
1,0.8088612479826915
0,0.04334704399900516
0,0.341399328378896
0,0.5464338112169481
0,0.6130846579593241
0,0.8018165170699112
0,0.09229267076659765
0,0.5227476078593162
0,0.17578156181840343
0,0.5660213341404442
0,0.5989996599491982
1,0.8663026023700388
0,0.6734942546997835
1,0.6917809817440611
0,0.02431369825044244
0,0.6687213886278522
0,0.036672420681938475
1,0.8012302276082849
0,0.07039202748131314
0,0.5206315818551375
0,0.8196207585554293
0,0.09262191801987955
0,0.5777883606149162
1,0.6037399686690448
0,0.7582198574166417
0,0.302636237647788
0,0.25258078290183683
0,0.024461200782409858
0,0.12882204299748998
1,0.8177810055063338
1,0.6388236366895835
1,0.9209876882658875
0,0.4355328840813004
0,0.11653986166620443
1,0.09605647887980086
1,0.5257203548451747
0,0.7777010906679247
0,0.6111747036940587
0,0.7653879470188265
1,0.9260612106086714
1,0.7595202232253454
0,0.5571903858558752
1,0.8994895460985822
1,0.4327042700445613
0,0.7951167952968593
1,0.829045876443492
0,0.04773282528738339
0,0.05626295546748823
0,0.03848213006927256
0,0.07455280870178464
0,0.8346170555933803
1,0.5739300098452623
1,0.8799975887086502
1,0.1721879416683348
0,0.2915616486637643
0,0.53181139242566
0,0.18588248049564268
1,0.7221419240202345
1,0.854603107681963
0,0.5247331622761491
0,0.325518833523668
0,0.3792285371937508
0,0.5112935849890181
0,0.699940616009368
1,0.6937443032266989
1,0.5438197601786976
0,0.017070190545334384
0,0.037508501437727014
0,0.8130217029680546
1,0.8857909268795251
0,0.21761431642865167
0,0.35514432440619803
0,0.5536185728032278
0,0.1801830093690066
0,0.9042337386616854
1,0.2956545594237829
0,0.4809538606440299
0,0.05389244805349213
0,0.4779414328661121
0,0.022569483958753463
0,0.4283447460779888
0,0.2864737854266466
0,0.0950103230919271
0,0.050903403662282694
0,0.5965788285303196
1,0.5927531897892694
0,0.5594039036435497
0,0.34281296910041
0,0.5426364275603743
0,0.4753142696941966
1,0.617805051785096
0,0.4365032201005155
0,0.4514099533888091
0,0.1742698858763554
0,0.43346070420079774
0,0.554686546105787
0,0.5411164434188459
0,0.16527834636376412
1,0.7607446875373388
0,0.7398697669122204
0,0.13570814372078552
0,0.04907391236481145
0,0.15379181192288377
0,0.5258764133055192
1,0.7661917491866054
0,0.2566138986378373
0,0.2329832765389141
0,0.020754065913143428
1,0.5958146010330386
0,0.5396273978379471
0,0.2802584403187344
0,0.08055212933319007
0,0.5557745259234648
0,0.590450077407048
1,0.24974155711774085
0,0.5821972116335048
0,0.03699082443585221
0,0.25886581483879606
0,0.043313553774188586
1,0.6948529304433051
0,0.503356460238627
0,0.5611733419299535
0,0.06188133282530492
0,0.5871001282946388
1,0.6200214623990892
0,0.11663202681487932
0,0.14046272615292926
0,0.6830213538914878
0,0.04727771186821367
1,0.5907570073943256
0,0.36704911105785853
0,0.6352987129835045
0,0.24441929069541665
1,0.6650897986928855
0,0.4000950106333202
1,0.8132184984451243
0,0.07614786996867844
1,0.8193391775313639
0,0.39761331497207786
0,0.046791547632280654
0,0.36312272229377995
0,0.10691967186849917
0,0.06823764894935512
1,0.2547561714978662
0,0.20257068448953006
1,0.7878772862514993
0,0.10362261509492833
0,0.13075607425431973
0,0.03687196128846109
0,0.41364458879026633
0,0.2430477007448848
0,0.8099118500966694
0,0.5581860536506491
0,0.6127165013783344
0,0.038360302070125946
0,0.42351504066139717
0,0.8785629308078743
0,0.7214195627402069
0,0.09978491854329222
1,0.7892138809633157
1,0.807325886932697
0,0.020721668777979808
0,0.034823134701790576
0,0.2858591472045634
1,0.6848499439874239
0,0.037497767390200894
0,0.5440944165985313
0,0.3248237237005137
0,0.3208364314933637
1,0.8736945136915137
1,0.4489027290126532
0,0.06140115512512361
0,0.8820266793431889
0,0.4845536703340733
0,0.05946414935975107
1,0.19825744959325217
1,0.517834403489216
0,0.3044333265404529
1,0.784411375086738
0,0.6030476088100502
0,0.17458595574788907
0,0.8298333376003664
1,0.5882213466679101
0,0.3856713430872415
0,0.031974756800439035
0,0.2193742747973389
0,0.9152156603937496
1,0.7117603289546429
0,0.6805311561964094
0,0.4385498330120937
0,0.1929375491912247
0,0.4333865926828001
1,0.5164800991849189
0,0.7766193666491603
0,0.3712229636017513
0,0.2572003374996798
1,0.4542652539115732
0,0.07363206276795216
0,0.6622353619503666
0,0.6079209604731879
1,0.5238717123582065
0,0.36377709574202927
0,0.7054380891799753
0,0.25968762510601784
0,0.09126631225496529
0,0.4930467756859305
0,0.07750633280751285
1,0.5265046483040646
1,0.47904159671063545
0,0.787976691694051
0,0.1972217937864241
0,0.45538403894242874
0,0.6344114055511396
1,0.756948919473402
1,0.87280613102348
0,0.11240563955335055
0,0.20629670770028308
0,0.23074150440765734
0,0.06354309821379091
0,0.22087308996877664
0,0.4017819024568005
0,0.31904716052638527
0,0.24735929904462947
0,0.7801809974902331
1,0.7561291069671595
0,0.44180206704194636
0,0.05021280785515777
0,0.07091600740041003
0,0.7582334200413082
1,0.3617105166586162
0,0.9161340879286466
1,0.7890835432649105
0,0.8177320428210887
1,0.2681409182332984
0,0.07272335890537375
0,0.8165982996200442
0,0.41255790288540267
1,0.9097661905710652
0,0.4517830057683758
1,0.7400782491553183
0,0.6209029225241678
0,0.6221083245804155
1,0.8644088159305264
0,0.27410287733588556
0,0.7926880678334676
0,0.677345232141732
0,0.5220781837492485
0,0.19769456357081203
1,0.5604882098780586
0,0.06597208238596111
0,0.3990519060425076
0,0.3995154107815744
0,0.07299356186024797
0,0.43325609807653315
0,0.1836237029649155
0,0.7199626400532196
0,0.02291476906412209
1,0.7902946341621374
0,0.2838190254275862
0,0.41481623890085034
0,0.08342868532203594
0,0.11862850226448636
0,0.16720308763255093
0,0.42790876204594147
0,0.19482154031557664
0,0.3002140538524539
0,0.17412945812605268
1,0.8206152146951918
0,0.6499391683288634
0,0.19874460884931566
1,0.678368764433346
0,0.6448743768984346
1,0.6226440156015495
0,0.3775830014674163
0,0.878072947713502
1,0.5828703687404633
0,0.24291598084628951
0,0.37524125580045065
0,0.05687670057797163
0,0.09231917927495746
1,0.8619373780952982
1,0.7007692849154713
1,0.4817191365751865
0,0.5749158221176699
1,0.8711665660841131
0,0.13520594442715303
0,0.2606767386592183
1,0.7146596653306586
0,0.038935576903944565
1,0.7732531773419931
0,0.3632254668891868
1,0.6934907859442176
0,0.0765096703759606
0,0.43470848157949704
0,0.04251861773112637
1,0.5480738449602979
0,0.8494277335204844
0,0.14382901816065494
1,0.4948864142915907
1,0.5424179583728667
0,0.10117333725697158
0,0.28191531352410776
0,0.020620986483853552
1,0.4229464272233801
1,0.660419481120471
0,0.6397548180187435
0,0.6151041344373819
0,0.19825371466705732
1,0.905756368399685
0,0.44940497845824046
0,0.7700983489093665
0,0.7378571597821846
1,0.2915216688155994
0,0.4188445772520371
0,0.15239874929485908
1,0.5285021582010344
1,0.7100155202065143
0,0.33498362568745793
0,0.6221831548279301
0,0.03839473655485402
0,0.339948002899552
1,0.8122277595787811
0,0.5967003920343896
0,0.23083645318873786
0,0.0229083150619328
0,0.29990182004417887
0,0.263093929422424
0,0.801478596150684
0,0.3956139526205459
0,0.9294210744937813
0,0.4118932051962008
0,0.13995758917559462
0,0.01591752879320587
0,0.8838646474892818
0,0.49828193368045126
0,0.20364705478891124
0,0.7667360653481757
0,0.3064355138520631
0,0.8154957944528157
1,0.7250388464045006
0,0.5778349104697835
0,0.11182470786950865
0,0.8030950305548696
0,0.5414243511526872
0,0.5567842981574553
0,0.0419117306933499
1,0.3452020774154364
1,0.31584601439036464
0,0.06118636623637565
0,0.6070313422933326
1,0.6884288011060975
0,0.04572785929069445
0,0.4602828595007261
1,0.9103948221331578
0,0.5418066159025469
0,0.6885195879692091
0,0.40700763258629113
0,0.45244387012988707
0,0.17212547064554556
0,0.6087016006621827
1,0.5720228238549872
1,0.6133056265971207
0,0.3229675585866071
0,0.04101949040370464
0,0.04617246638757285
0,0.5520077625120215
0,0.06048743995015458
0,0.6573184000990587
0,0.8265504928183359
0,0.1584432700512738
1,0.7157319843753682
1,0.6769663473328751
1,0.6138045285719245
0,0.24870672202197838
0,0.23820745209387717
0,0.27347132549823694
1,0.8680539057422159
0,0.6752228619800179
0,0.8822133584805779
0,0.3485805363400558
0,0.3704607380802201
1,0.31162777685408066
0,0.04204574321517466
0,0.716926928793755
0,0.07260012486463334
0,0.824246458047493
1,0.7660645577616607
1,0.8814589474692148
1,0.8628723171759931
0,0.753910441842369
1,0.4885938903446782
0,0.08516110899514939
0,0.5679685766774042
0,0.8166195741568214
0,0.13679283561560865
1,0.8796871818547962
0,0.856084621419217
0,0.07240781101780888
0,0.06670644378011163
0,0.4886856519326274
0,0.23304002725665365
0,0.020971582934270597
0,0.11420119968569949
0,0.12989823394943706
0,0.13512428338686522
0,0.6074907134186871
1,0.8473508239498533
0,0.014653152676049929
0,0.05244722204777607
0,0.14853462662844358
0,0.6702055179568733
0,0.6517725329341709
0,0.03524243887233385
0,0.700882047079091
1,0.39899088301225016
1,0.5206137009043692
0,0.37700943025131606
0,0.45473699084990016
0,0.1905233266265026
1,0.8485931648324151
1,0.8793757836714886
0,0.4611119155986243
0,0.27571048196212655
0,0.7390140013439872
0,0.28640916883372736
1,0.042248452586476894
0,0.096471965277586
0,0.3645121841418006
0,0.15640189419547196
0,0.7075748209925672
0,0.7431429907461437
1,0.7265692818823796
1,0.7933698727224222
0,0.4193878313497171
1,0.6455309955479567
1,0.6391576410341799
1,0.7577670754331237
1,0.522247647286643
0,0.6716969912659337
0,0.2258193262518787
0,0.7543134644993812
0,0.15476238668273626
0,0.06964710894891883
0,0.26496838669759576
1,0.504801647536406
1,0.6638838885844008
0,0.5739891164270648
1,0.5858397984144307
0,0.3197366200233021
0,0.8250516940160398
1,0.6423364218450532
0,0.017942794464252794
0,0.06925656230380187
0,0.05126644645555278
1,0.35828919085231387
0,0.03427526367707906
1,0.46935820152596125
0,0.7449884450023381
1,0.9403851954549436
0,0.45909756087584297
1,0.8479385032400697
0,0.10687843647479593
0,0.3710551371661878
1,0.5466472647720643
0,0.04817032468576231
0,0.08793298801637613
0,0.5177958564934477
0,0.7662710895548486
0,0.01655965375260436
0,0.07071054018668756
0,0.04659018570800996
0,0.06158331663932753
1,0.882819500899036
0,0.11548649649139149
0,0.5230905611420598
0,0.5747423421944245
0,0.3348218251195956
0,0.5248745781051125
0,0.2765548742724803
1,0.7024500754961064
1,0.31557793714927684
1,0.8590801451665747
0,0.6598470747672687
0,0.746000313870843
0,0.47175368498076165
1,0.639192796031699
0,0.6723395145250695
0,0.7963861944971099
1,0.9269400613381046
0,0.27862601940669895
0,0.1503393368505152
0,0.6035464593630073
0,0.06134509967252587
1,0.22922281609906828
0,0.18837169439091614
1,0.6938185323125049
1,0.5778853735412435
0,0.5827724060845471
1,0.8205723890116203
0,0.44032434205625826
1,0.5239710746328514
0,0.5067626802529833
1,0.8233768072979886
0,0.39274011677244647
1,0.844696412903399
0,0.10159116045178286
0,0.39260027734740444
1,0.9248358356935229
0,0.6338731745818676
1,0.7701948787702206
1,0.806946723671686
0,0.3379243103697315
0,0.5843459874699005
0,0.35336717849291555
1,0.8265468414454321
0,0.5856243294174738
1,0.5183895234896424
0,0.5114652250245817
1,0.6280443597661121
1,0.8728610073614437
0,0.2754931614430248
0,0.2606569642466262
0,0.4185637888307546
0,0.01712223553709131
1,0.7035572447925067
1,0.28218353931987755
0,0.08085438395847831
0,0.5001715783777059
1,0.48926669940886997
1,0.4094276647651316
1,0.1710895840798391
0,0.07284994601488429
1,0.605479956349149
0,0.43226683842838726
0,0.5708976722364438
0,0.7103780371186166
0,0.035881076484091515
1,0.5897115587836212
0,0.7823209771591249
0,0.885197808161434
0,0.23709045795992637
0,0.060215642092410364
1,0.6515405576028048
0,0.14577958722648793
1,0.8679880605436834
0,0.5216791992348622
0,0.3767026679021704
0,0.6658236958877078
1,0.85282151198464
0,0.417644158969797
0,0.33565322516986673
1,0.8916464234032379
0,0.05137914233486606
0,0.21758601977504166
0,0.09025040121583595
1,0.6733972174320372
0,0.050513299728062455
1,0.5517926311964081
0,0.07203626020560473
0,0.08017291378201973
1,0.6658236958877078
0,0.42415384648088206
0,0.053595725780085535
1,0.49927716744797845
0,0.24920879883615168
0,0.4921261466106025
0,0.5156537263994948
1,0.7149911600507958
1,0.7690985622141384
1,0.5785216989753279
0,0.5536612735713079
1,0.9247313641528541
0,0.06389985848576438
0,0.21868800858958576
0,0.04208145040025201
0,0.5300325630315343
1,0.8332358467633691
1,0.711661305192198
1,0.6829957127662025
0,0.2530285297383466
0,0.02310241949015839
0,0.32104658699062405
0,0.3002770032696702
0,0.5059407654669655
1,0.8883234625227362
0,0.27499769913657074
0,0.031958670717987726
0,0.26848243049957665
0,0.5177505496878867
1,0.5619745450880519
0,0.554187320921556
0,0.030980227756309583
0,0.059847319864586385
0,0.5649623921760336
1,0.8979522151466982
0,0.15131219888668332
1,0.8983203511298854
0,0.5999572910659431
0,0.0304477224201765
0,0.47308082058993545
0,0.16226314356663768
1,0.4698563034761402
0,0.4411452747642871
0,0.3789860216921196
0,0.05664142635740119
0,0.07494841222046188
0,0.08279377946054693
0,0.5676963718485272
0,0.45066272694362636
1,0.8658501145297051
0,0.7789911604150066
1,0.5751629715735684
0,0.06914760195137204
0,0.2790957731790401
0,0.7611587892464104
0,0.3801406675656677
0,0.1952546288386562
0,0.6017471087331047
1,0.8378542552302889
1,0.6896853558202525
0,0.04833450114602471
0,0.5493316118823556
0,0.196542380408487
0,0.04039987435811352
1,0.5221111142118806
0,0.4557556094131195
1,0.8751686844968017
1,0.7764998444953484
1,0.8518323313341589
0,0.5493503552719565
0,0.01852557218573905
1,0.7219410632088407
0,0.20146064963119137
0,0.15111351318175553
0,0.4900575320182012
0,0.7755823952053965
1,0.9014092852790526
0,0.2817332140340448
0,0.6777177859843048
1,0.6250679586330401
1,0.8790039128538021
0,0.6543963065129565
0,0.21078521878926051
0,0.4982988533050439
0,0.24794651375725218
0,0.01743973401085399
0,0.4427778938208227
0,0.5604840781999549
0,0.5704644240998107
0,0.22378246106398314
1,0.7814700098298324
0,0.16833066491582996
0,0.08580039364994242
0,0.21674406603786167
0,0.12337305798593387
0,0.05749522355661329
0,0.03864544031495297
0,0.6992118227947279
0,0.2882192416167057
0,0.5809426273397171
0,0.5357448103563278
0,0.25524145247703306
0,0.11782730678323577
0,0.8749296807172131
1,0.6276232989711659
0,0.5346024216100613
0,0.10137638700518946
0,0.3426295633815545
0,0.5823370035342135
0,0.06315885646881254
1,0.8757927072203849
0,0.3296964377724853
1,0.7597005200892395
1,0.8159321432845493
1,0.6681635575040006
0,0.020803179031937992
0,0.2522671571519956
0,0.26482920541633576
1,0.8054079689904406
1,0.6743045341594021
1,0.4752307263216262
0,0.16479475549935704
0,0.04520194699460516
1,0.9176584422347074
1,0.763592020484572
0,0.07779409183958275
1,0.670478773369128
0,0.1039728065935604
0,0.07552664693386198
0,0.22961410126012208
1,0.6649279855551281
1,0.45802487455123353
1,0.6860147928352548
0,0.7119335586882302
0,0.03518711092708928
0,0.0700291846161019
0,0.47533105370443934
1,0.7875686908559325
0,0.8418467533459226
0,0.48863967703435324
0,0.7715175297131572
0,0.023692658994170897
0,0.4852748623180983
1,0.8336242192136998
0,0.6679773978366457
1,0.6889880514438873
1,0.421677536991922
1,0.7803587055598667
1,0.8420687837034203
0,0.7761860698052168
0,0.04501649116514885
0,0.3027337605924231
0,0.8695859886294904
1,0.44181764511643656
1,0.11830353458110515
0,0.10499233238655997
0,0.136093972748874
1,0.7998218375743145
0,0.4109209024559682
1,0.748723315247199
0,0.23059944591512174
0,0.5261184766518089
0,0.04679024962582763
1,0.4341106955868667
0,0.5030124868098265
0,0.7196524662220853
0,0.3226713897494029
0,0.22136080382376552
0,0.4354609220476342
1,0.3531902567765226
1,0.9058219923328152
0,0.04019674771050894
1,0.872449597269078
1,0.8944189138624622
0,0.08362229322488123
1,0.33200423418378283
0,0.5609051431287055
1,0.7350906242624475
0,0.1482881230083606
0,0.386001790311104
0,0.06261978822800798
1,0.428110180881812
0,0.07034604252330318
0,0.133145112692646
0,0.4228363824338056
1,0.7073638006259931
0,0.6354951105225403
0,0.12901743776213925
0,0.057658574490262286
1,0.47293458247888015
0,0.6481706540646953
0,0.18602220040938913
0,0.09315655805571785
0,0.13395175376078705
0,0.58930466602302
1,0.901412783384835
0,0.7727318289274886
1,0.8611813643235645
0,0.12836894722853825
1,0.13679143904301688
0,0.730106265632735
1,0.82169658080845
0,0.06027995545120921
0,0.24255905089738378
0,0.7308651488792313
1,0.9056996026429573
0,0.063005907445498
1,0.45564761810273513
0,0.3057572105974115
0,0.5243682551709388
0,0.6948869372018287
1,0.6567932732385192
0,0.8820738944729475
0,0.05724725707361717
0,0.1621883286193798
0,0.11060329819158647
0,0.8421099481961531
0,0.645093954039631
0,0.36486026413560435
0,0.025476138378440528
1,0.7443550300139447
0,0.240900909928247
1,0.6870883036724669
0,0.16490830088231875
1,0.607786294320496
0,0.40280823071252
0,0.572254017221428
0,0.16159446666363053
0,0.5958979311339354
1,0.8934346448615875
0,0.026228607145308863
1,0.38968243377115336
1,0.8069146703721892
0,0.24718107049963098
1,0.8249161952618407
0,0.09143877907725209
0,0.041606890985155784
0,0.19645599192726307
0,0.23261795630411022
0,0.11502402535513519
1,0.511415825283623
0,0.01640982146458652
0,0.6769020040329565
0,0.13518467702197612
0,0.4411516630765657
0,0.8242362801270614
0,0.25963878746408664
0,0.24772180900086047
1,0.8440896259796757
0,0.3092388298193357
0,0.9532551765878134
0,0.11240224845300072
0,0.3453988400375618
0,0.2815392084198265
0,0.722149193820546
0,0.7776921866200861
0,0.09327423367724869
1,0.4418780861242506
1,0.7948595550145301
0,0.6915007247031978
0,0.8135776554784065
0,0.019937843389743307
0,0.11299854550362923
0,0.6937008315160444
0,0.760177778112253
0,0.5829235112716813
0,0.6575880514339497
0,0.12042350988462559
0,0.6795071184230339
0,0.13150621277691543
0,0.0884997066105586
0,0.3629938485433335
1,0.594333494993022
1,0.4847401101679407
0,0.889424368036964
1,0.5371618572382666
1,0.7456768271914539
0,0.5570340392396538
0,0.09827203709842632
0,0.16600469419174183
1,0.48655156498679497
1,0.7993672971556431
1,0.6654983530363204
0,0.07862776039756245
1,0.6946434277106005
1,0.542616343688998
1,0.49747802807035263
0,0.2556122197681737
0,0.07396433723093428
0,0.033716551646203206
0,0.37855162035600765
0,0.21391931047286727
1,0.8522795552109953
0,0.9522828551212732
0,0.2241390583566628
0,0.43095424925993164
0,0.4903463945666828
1,0.405143147123605
0,0.07558418490847259
0,0.030606944597026946
0,0.03379622420631764
0,0.896603540714047
0,0.06799219189987377
1,0.6748116367038928
1,0.7809610202115947
1,0.8913627419486181
0,0.39694291728052267
0,0.0908430910698839
0,0.24284494730833536
0,0.8065306205565546
0,0.07949144395266376
1,0.8361525217322399
0,0.5924366492445612
0,0.607248645881181
0,0.4790555889991105
0,0.8240465904272792
0,0.13839730278834705
0,0.23597256912753783
0,0.1542961878221859
0,0.06657152308218989
1,0.8767460804452611
0,0.37763202796428996
1,0.865093067750259
0,0.7582268656001712
0,0.044083731699614985
0,0.5759297980756567
1,0.45984719618755193
0,0.07123765718281129
0,0.32654310032130457
0,0.23777284402528473
1,0.7092075223305243
0,0.08905318627403741
0,0.8625654216496506
0,0.08329319827091029
1,0.5481006391942245
0,0.1101469879473179
0,0.3672783748285146
1,0.527331781154458
0,0.07183420010252074
1,0.8580385986532911
1,0.5979829053432997
0,0.7460122397173874
0,0.687801518156131
1,0.5132318047944314
0,0.19123380339409676
0,0.1538186141300953
1,0.5879270197345811
0,0.7206128439071635
0,0.746497006944877
1,0.8848674311196316
0,0.04268270282728063
0,0.6479625510716899
0,0.1837809424798466
0,0.14494400497115548
0,0.7513951021592293
1,0.7162279591125528
1,0.3025461946695186
0,0.1045264240503007
0,0.06641181631781574
0,0.22941205443786003
0,0.187034511321181
1,0.5575492575070213
0,0.27862601940669895
0,0.3918763905426178
0,0.2247103140169412
0,0.1508429284983352
0,0.6646366374544708
0,0.45390373288523095
0,0.06754007988286981
0,0.7683515381568531
0,0.6864229568106539
0,0.13437289681909306
0,0.08825218903812104
0,0.7035484731148627
1,0.9159052434197565
0,0.014862172677835886
1,0.5762340658124424
0,0.3684533395987589
0,0.07671454229450919
0,0.23483117909079942
0,0.8336963771108645
0,0.11801998350655579
0,0.9020078830023928
1,0.20141930032767502
1,0.2566622399234601
1,0.8094263671084779
0,0.6249857534165179
0,0.0590428634213101
1,0.6336360377231576
0,0.6075381932273115
0,0.3559754039792133
0,0.3663652491617245
0,0.10382380400066483
0,0.23829337726609226
1,0.10032185631972454
0,0.0975963033300771
0,0.049867812967400074
0,0.41729944671545427
1,0.889279930888107
0,0.33096175268274336
0,0.11665648341805077
1,0.6005881077465426
0,0.5625790651879792
0,0.41275742787245084
1,0.37546968058152513
0,0.40969722736079855
0,0.046602865397928996
0,0.3478784033639854
0,0.14178699930226688
0,0.38115170587900365
0,0.03856612211832028
0,0.6015973625248663
1,0.8159347876450243
0,0.037283389706991604
0,0.7814792011217333
0,0.3141264955600964
0,0.6373236942198206
0,0.40548253530028755
0,0.7689540310225115
1,0.667228370197603
0,0.17225255675920573
0,0.0367934405365126
0,0.04140111664026853
0,0.7960584560980568
0,0.027398801463831186
0,0.5181565135940661
0,0.3810132781718595
0,0.6690777545996022
0,0.1964390645419051
0,0.2554506643838267
0,0.037178507107645115
1,0.6894388327765417
0,0.691449152740007
1,0.9200662137939417
0,0.8769754398042279
0,0.4867192437114858
0,0.40918154005501084
1,0.8208153112045533
1,0.5740877130516541
0,0.07717866992005344
0,0.6802828835645259
0,0.2624725915387821
1,0.8745141721076695
0,0.5841694036828903
1,0.6440231900397376
0,0.38241065859609663
0,0.05765206983914565
1,0.76377544147542
1,0.671812204395318
0,0.08606015925099922
0,0.7517188278774601
1,0.6417237227207511
0,0.11068459425660435
0,0.2812744358741065
1,0.667973286164274
0,0.07453848597587534
1,0.40217185154025087
0,0.2959916708910507
1,0.5607182754325996
0,0.7689678958967131
0,0.7883154506807433
0,0.09121497982215081
1,0.4559344589473724
1,0.7794208833428472
0,0.8149258441936755
0,0.8371259856066671
0,0.727892997940051
1,0.6237985963700978
0,0.6341423425395962
0,0.6327046268143882
0,0.17691293687107282
0,0.07402276113644808
0,0.19999064644000483
0,0.2209808638750829
0,0.24610761607794968
0,0.037761329455945195
0,0.031203992460638763
1,0.849614277755893
0,0.08093212496452802
0,0.23840155135249883
1,0.6523476880379827
0,0.5873358033797704
0,0.042622037744566514
0,0.07936149837317641
0,0.21744320318556298
0,0.032550236718201134
1,0.43951818825128036
0,0.311883572995137
0,0.37492505853921126
0,0.2541667289579908
0,0.7680854033158215
1,0.8291644196560141
0,0.7480907296247482
1,0.9183447148017325
0,0.3882722618997616
0,0.132769110780912
0,0.5121618047218063
0,0.3973553760823939
1,0.6948702754373641
0,0.09329622444288176
0,0.8177677452595232
0,0.15713875666358462
1,0.847702502495278
0,0.02289327258234103
0,0.14966413617864294
0,0.4758206966368179
1,0.8117432197450137
0,0.41632204445331084
0,0.10152883744560867
0,0.555138756183718
0,0.028235545720398044
1,0.49614021977199874
1,0.18993731735911296
0,0.32600961775304577
1,0.7563371421676693
1,0.4057318131717681
0,0.6605532288727672
0,0.5532860254247651
1,0.5059180410769168
1,0.5836086196050161
0,0.786096271835888
0,0.848059979091837
0,0.09214636375651039
0,0.44327405458936814
1,0.561793435817792
0,0.8262894992123763
0,0.6143380445274556
0,0.04361051725350129
0,0.3616616602786045
0,0.04664574535857936
0,0.3442401991421484
1,0.3781560850749439
0,0.20878701946130954
0,0.14216138404928105
0,0.8316887932539124
0,0.5345425086043101
0,0.19957549448711465
0,0.21361275989865186
0,0.8500251671842438
1,0.899244609402228
0,0.1505512715697394
0,0.044565019857576625
1,0.3507607386323394
0,0.11480791312542665
0,0.07823815871738878
0,0.24040984459923323
0,0.6393942843584387
0,0.4061983768908923
0,0.5223784590548068
0,0.10359440735535887
0,0.240463350069612
0,0.17825282534202308
1,0.6132140188425224
0,0.10131827825003845
1,0.6159928206160843
0,0.05944389247529121
0,0.6055761892203899
0,0.01917826593155034
0,0.6496642367768997
0,0.8537419322522354
0,0.06146428685814647
0,0.16563820547350017
0,0.593583545340528
0,0.5932848290962579
0,0.4351256150402827
0,0.2929128972382815
1,0.6458387157926175
0,0.5498059205400722
0,0.4584525112384361
0,0.05882171337286655
0,0.1837821732002369
0,0.7329468565982231
0,0.5745631107424086
0,0.1036587862977468
0,0.05881572211941003
0,0.18768456455650456
0,0.13879553521357665
1,0.2459683748519342
0,0.134333010415924
0,0.08156131742846745
0,0.2692309161953971
0,0.1981060736625783
0,0.10685382522332396
0,0.585594257191035
1,0.3373832153014645
0,0.46963638334356783
0,0.2047879099497144
1,0.6869852118697044
1,0.8750288744275667
0,0.07383916091772656
0,0.4292114735233589
1,0.6260732321086975
0,0.553549973488329
0,0.051875757001238545
0,0.3673899211472529
0,0.08259084231951876
0,0.46591127630736917
1,0.2527688485830082
0,0.40052673007667533
0,0.5657406702831643
0,0.33823608360228874
0,0.5892425922250565
0,0.2206082756473236
0,0.4223680031672159
0,0.6476081525487397
0,0.16215377255333394
0,0.15150306909730027
1,0.40795496021646765
1,0.5995340984920322
1,0.18883079013119822
0,0.3472192374003287
0,0.4537875180338457
0,0.07885090493684362
0,0.4278700272397875
0,0.26360491367769523
1,0.4892865173402397
0,0.28161305005348525
1,0.36442280718503844
0,0.16654759504704247
1,0.8813495427875273
1,0.7176722837954967
1,0.7922360708286166
1,0.6527258115636544
1,0.8691712610373911
1,0.691292246402159
0,0.04598589314253288
0,0.12024526922445622
0,0.21608975763455737
0,0.2999861384494049
0,0.7147527969452445
0,0.16597827006619192
1,0.6548262083339965
1,0.5424084735804646
0,0.3347797951692559
0,0.03530882261991459
0,0.43590175326110925
0,0.40954089236183605
1,0.6509126685628543
0,0.7204314241641753
0,0.07435978453550343
1,0.684113038554184
0,0.20598953722632976
0,0.025873524591245055
1,0.5993059349723241
1,0.5627246713545369
0,0.15553268063941464
0,0.4905164825418968
1,0.6689404552993936
1,0.7052001713164096
0,0.8219896996570681
0,0.15022729735715246
1,0.4630711526850068
0,0.02530739464142075
0,0.4078572383139906
1,0.7059128870543466
0,0.41507725269895823
0,0.6704225108198584
1,0.8415622361029695
0,0.5440888336110238
1,0.7975751819831486
0,0.10280593836965848
0,0.08875300519530825
0,0.12374130642800192
0,0.07856724466202113
1,0.8849871616874379
0,0.03332002849327483
0,0.29197434574040126
0,0.2970123751932182
1,0.4054566840759133
0,0.035546415930314615
0,0.19924478236589452
1,0.8427045362416977
0,0.21917628725932187
0,0.5550492602876486
0,0.20541453378376326
1,0.8570848306154417
0,0.5987012303977951
0,0.04727953387796823
1,0.8906896065688447
0,0.1138669771685847
0,0.08163656230070597
1,0.7458637320471694
1,0.8494436169305988
1,0.594963111527083
1,0.8522110344346178
0,0.5969448340830004
1,0.501578664188453
0,0.3473940965765769
0,0.1685735788689016
0,0.02427161994037383
0,0.057464378148200115
0,0.024292475488167188
0,0.322641305493361
0,0.2268969667108006
0,0.07421566711694728
1,0.8990417420416595
0,0.311301094358603
0,0.19684585413134176
0,0.41193331882089024
1,0.413546145408892
0,0.46745988023825075
0,0.03389679108037234
0,0.027840733965791634
0,0.08023147242913174
1,0.8691989761700223
0,0.4363925286818967
0,0.8030502462926047
0,0.3368533023498334
0,0.8028156097278635
1,0.9114465172831537
0,0.2654996606113474
0,0.13283776261391467
0,0.5072932824769034
1,0.5947756750737865
0,0.5134134002862286
0,0.5846981423992148
1,0.3894038515345941
0,0.608910646327573
0,0.49430150253088145
0,0.5281314068777293
0,0.4058534046842777
1,0.8502911183426535
0,0.4306140955513462
1,0.8442784084288166
0,0.054000622789670556
1,0.4115732534663233
0,0.21605008461769692
0,0.21655067238675363
1,0.6179050397683169
0,0.08759956879530967
0,0.8277926136549267
0,0.7473962774757592
0,0.10207925608451408
0,0.037349607583890214
0,0.2266739137606371
0,0.01770529223833387
0,0.5843133176962717
1,0.724419289449707
0,0.09031086859648627
0,0.8196257736209653
0,0.4786149633652546
0,0.5302935494278209
0,0.4608871164605984
0,0.02969923341912021
0,0.3064062384796648
0,0.7782081337539082
0,0.6464219932237658
1,0.888337236546207
0,0.04812093228216284
0,0.0995090875163549
0,0.07823667199137349
0,0.6838589767680572
1,0.48928315163070246
0,0.23288490182298133
1,0.7679704080991299
0,0.43552426010320244
0,0.35557915994888245
0,0.041231793308346316
0,0.7831899839098428
0,0.27726842615120795
0,0.8400160997869401
1,0.6136872218672481
0,0.9073993288260005
1,0.6057697296337984
0,0.03510035709145748
0,0.13784092847072588
0,0.10065768859805138
0,0.08778828575936026
1,0.7216739672351827
0,0.08725041543653268
0,0.205790819665508
0,0.2515539703474524
0,0.45626370839777186
0,0.5563146213595845
0,0.5865682847007783
0,0.03227607276262127
0,0.1502617467749285
0,0.34241103315432864
0,0.3268300229935684
0,0.7205434648669072
1,0.8195000009026525
1,0.7330446044943761
0,0.8240288071443406
1,0.8284542050692888
0,0.040662958050553207
0,0.442289599158988
0,0.20081131192246493
0,0.5425092094401993
0,0.7001857019070394
0,0.46385423177129836
0,0.6824074794346926
0,0.6503592247873321
0,0.48633727186767056
1,0.9074519710434612
0,0.04377949376562888
0,0.4181603875782346
0,0.4612970350943507
0,0.3443588795448431
0,0.12607484250888895
0,0.825926243724398
0,0.3161215596374824
0,0.5186916847191949
0,0.16468966987560996
0,0.7922332310586745
0,0.0543318690633156
0,0.2495977240209804
0,0.4257526139184305
0,0.5263828416485592
0,0.869272490509334
1,0.707385807102572
1,0.8609728458046327
0,0.6324635628017121
0,0.5530493090097935
1,0.6236799508321207
1,0.23472664230734505
0,0.0343949052461025
0,0.6540295075072879
0,0.43934202583167037
1,0.867550218116037
1,0.6953166885819888
0,0.7678697992223161
0,0.09262191801987955
0,0.39908027740127483
0,0.1592103577465591
1,0.8126811572458603
0,0.6430981555202941
0,0.41991466133848804
0,0.5768199063910872
0,0.5170759680923103
0,0.3923530964226716
0,0.6323769122186236
1,0.8536670684088555
1,0.7427002829920339
0,0.08788263584570832
0,0.39362576321794474
0,0.7665221329881391
1,0.6631835829482252
0,0.8588267289916328
1,0.8456699884349426
0,0.3743322032893134
1,0.4247543866694179
0,0.13963326732564774
0,0.38620874995695764
1,0.5546528920781545
0,0.43894501673379627
1,0.737196946248058
0,0.22316261879945132
1,0.6331096659696732
1,0.7547134060116886
0,0.16665917340099046
1,0.7109356925690554
0,0.31095541503377294
0,0.3507638651516452
0,0.4259651083338363
0,0.37933119729292886
0,0.7135259806160652
0,0.07307012797581548
0,0.30926227243310794
0,0.6927988323322929
0,0.40671471404178994
0,0.196028959080765
0,0.3723896896892912
0,0.4023124345601393
0,0.3934804773224473
1,0.7737440945920013
1,0.7272716276454289
1,0.6319359226080942
1,0.859059778639151
0,0.3211130235783626
1,0.6691601795204277
1,0.5887843870103863
1,0.3412889926261689
0,0.30580685257963947
0,0.34315669931968723
0,0.3084101568366612
0,0.437033524724706
0,0.47401763042307987
1,0.7670297919722452
0,0.46826972551969004
0,0.489147663828432
1,0.18192372500719203
0,0.3147947254134596
1,0.02768593506905669
0,0.8432817132322213
0,0.7709691230008657
0,0.12837663904672075
0,0.3877515851738988
1,0.4356127500221808
0,0.7549903055602714
0,0.11193433629722212
1,0.9107816176690148
0,0.6730082197309495
0,0.10702134573597506
0,0.2504500204714468
0,0.6620189496808119
1,0.924635936674927
0,0.4769665380361409
0,0.7770014386555266
0,0.18086707163787363
1,0.1649520073363258
1,0.5204252186431501
0,0.7994629708603783
0,0.39145115614887854
0,0.03334751835482972
0,0.12051301020281202
0,0.06737135248831262
0,0.05757266959931298
1,0.7181154249468565
0,0.348357782320455
0,0.03016259714788694
1,0.7727289957500905
1,0.22983285875963655
0,0.05373862949234063
1,0.7255147730386692
0,0.28996235523733244
0,0.42898231870337283
1,0.32092150847708195
0,0.19724853390612745
1,0.9053964061018444
0,0.3906018986746406
0,0.37249838178963224
0,0.6816303161147012
1,0.865586470077337
0,0.15508423495530674
0,0.5631352245869464
0,0.22669702019567226
0,0.022135656656068085
0,0.21628769903622538
0,0.5133245538770371
0,0.1382124701907129
0,0.35935393031372265
0,0.5938810102503462
1,0.6752890686283378
0,0.6534923292620441
1,0.25453081868313676
0,0.3321628560982408
1,0.9256448010170338
1,0.865297737596173
0,0.6742838056241214
0,0.640113197849817
0,0.8102614863762838
1,0.3983095187246247
0,0.7089168391050831
1,0.7169092773499193
0,0.26197987478062096
1,0.70114095535951
0,0.2345437911775374
0,0.5438675223542073
0,0.4592576401561983
0,0.479353265067323
0,0.3268522437705707
0,0.16013137677382203
1,0.8794239576992684
0,0.17106500242542966
0,0.4859217248744849
1,0.6805211947695559
1,0.7394600568336686
0,0.11782994924607972
1,0.8387731613709873
0,0.6180719915582319
1,0.8168546620732963
1,0.46527932575028735
0,0.6848630240212414
0,0.31364317736718983
0,0.7752464032049523
1,0.8356914139887907
0,0.07810761415849515
0,0.10345032102431034
1,0.8287056450161113
0,0.5831133402863137
1,0.8307274514079136
0,0.9438650344506744
1,0.6917063933516865
0,0.45386025005448843
0,0.21911467286433942
0,0.1447675484176843
0,0.45571490135275733
1,0.6643179468766686
1,0.7835026147373366
0,0.17667281453111838
1,0.6724637370609375
1,0.7959575395958621
0,0.05929599597628443
0,0.05386741668981552
0,0.33398790921815485
0,0.11642091756747502
0,0.05175724050498636
1,0.5962254553187168
1,0.6191280042979564
0,0.028111115884944228
1,0.8460647198535861
0,0.6034180319356937
0,0.6874491965236488
0,0.627018054094759
0,0.212496342780315
1,0.864419317972698
0,0.4781246098250945
0,0.04401155907744695
0,0.5843224473342775
0,0.5599064916199883
0,0.5230166960971797
0,0.6786123582540109
0,0.25647423877035536
1,0.9216963091728181
1,0.7236449663373871
0,0.09317024892214736
0,0.5257190086133191
1,0.8364566232004649
0,0.025951832205593668
0,0.11817840849963501
0,0.4539982046887223
0,0.41057557791110927
1,0.8376294949025856
0,0.45369487723208546
0,0.8204203274975097
0,0.2728398913602838
0,0.8256676766437374
0,0.6746272630141149
0,0.4977279654579596
0,0.7162070409314018
1,0.9014220010732504
1,0.8790138220944322
0,0.06927392005622773
0,0.12986898289760332
1,0.6432389033853212
0,0.8033357481521938
0,0.7497563598593376
0,0.031204083689230663
0,0.2254919671437755
0,0.016429082436106506
0,0.4168567565587787
0,0.3050890089898674
0,0.5338403096178012
0,0.14438329857852428
0,0.09414940628832545
0,0.25228358451205685
0,0.20291123307063705
0,0.22860864499333433
1,0.5573965728143124
0,0.0385031139899435
0,0.1428000096132387
0,0.043382383076520516
1,0.7482004359337351
0,0.7777166474530999
1,0.8683424146533673
0,0.6437708160700149
0,0.10693034695935301
0,0.5282061876970443
1,0.7273755319352556
1,0.6960985292455308
0,0.22624342137288433
0,0.612600133370976
1,0.8499628604314923
0,0.06705372714059026
0,0.5183901598951707
0,0.8154696108977164
1,0.6508331370613165
0,0.04972624752679043
0,0.058512717311711086
0,0.024483940408633827
0,0.18738626016472035
0,0.13237718923908576
0,0.0692098348831239
0,0.3084101568366612
0,0.14931605575915313
0,0.07247170596657712
0,0.2825980506494459
0,0.02878859817027863
0,0.16900468416115513
1,0.8288602930461418
1,0.39703493088391956
0,0.608821090433947
1,0.5833443072304224
1,0.8834901884200126
0,0.04594419332827051
0,0.6729046864747782
1,0.8929410490633435
0,0.4225179947242672
1,0.869806053414536
1,0.47676343035848207
0,0.1578806782357004
0,0.7777757036834128
0,0.16051628446580454
0,0.5285063546310277
1,0.41893012576147165
0,0.19044094681950627
1,0.6047788463131784
1,0.6423743958500264
0,0.4001875773087155
1,0.43961814610247013
1,0.4217349554441944
1,0.28468500985346434
0,0.6606321025551405
0,0.4899177424409698
1,0.8246552694391757
0,0.07155736936369217
1,0.450898405015229
0,0.21424859398992693
0,0.7999359114387503
0,0.4110772540175447
0,0.02078802280882309
0,0.7208460198953338
0,0.49578790834135994
1,0.8686487558231867
1,0.8970899894258042
1,0.9253366083475347
0,0.5459099728954668
0,0.5931502213271149
1,0.3822122035585988
0,0.1720631712647114
1,0.45457431208402277
0,0.018509703993406866
1,0.8807449581474902
0,0.3184096072058728
0,0.6176369412865828
1,0.4143052183477482
0,0.7187684383746011
0,0.34612496957595656
1,0.4842124740876503
1,0.39009048726512274
0,0.6327736566014057
0,0.4027627257314558
1,0.8868862081713565
1,0.6841149944045115
1,0.7171492598252716
0,0.10690133821155089
1,0.40014293165962606
0,0.06442117338100903
1,0.7886790640110153
1,0.5770423495620893
0,0.5188616956385764
1,0.6357195472529169
0,0.4662312081046544
0,0.041367531156217795
0,0.02963190958988106
0,0.14250426942548247
1,0.8907174408485016
1,0.49015387737217925
0,0.33430272090279783
0,0.24103113277541274
0,0.2846591745441653
0,0.10365598336988928
0,0.08304643083485587
0,0.5861397032085252
0,0.9043558671252023
0,0.11023657648009969
0,0.5341151387189925
1,0.8288350634099644
0,0.09914520517120369
0,0.03683672313128409
0,0.34610663468842506
0,0.21718394509350042
0,0.09208769960297099
0,0.7147527969452445
0,0.20753877292851783
1,0.6479458653618562
0,0.030761085578150108
0,0.20064404752206375
1,0.793096141253696
0,0.3643515586169012
0,0.38397128558439386
0,0.7558332412275912
0,0.3398259117607352
0,0.8353372339903303
0,0.7137839489282942
1,0.9000757556496204
0,0.33231880258845004
1,0.8528332678730001
0,0.15917553599927906
0,0.05335563284945022
0,0.7280955440344891
0,0.060443427927584815
0,0.8576070749532189
0,0.09538523394138186
0,0.04662943406577244
1,0.5094835416494808
0,0.07048193378202641
0,0.49540913250892027
0,0.0829409324205321
0,0.05488778265003445
0,0.6550453019475206
0,0.15943964063214888
0,0.9396121030548928
1,0.5561446567242596
1,0.5366348866720099
0,0.6172483745506623
0,0.5597956473958261
1,0.68538535053951
1,0.8966550120669918
0,0.8327904066099294
0,0.19183949015214402
0,0.19903140572789524
0,0.3048917042420347
1,0.707664737938369
0,0.4396298096456913
0,0.6031533783863304
1,0.6930673890776866
0,0.29726124903882284
1,0.8678559914237215
0,0.1947670345294766
0,0.2532277887811184
1,0.37979034579323967
1,0.5461812468903925
0,0.4523264743689407
0,0.5401365306774655
1,0.630852087694366
0,0.056898151772570786
0,0.33250977827292283
0,0.12773349106503987
0,0.5361780067457591
0,0.5443443360854374
1,0.678348024882394
0,0.28523384972643145
1,0.7306798719417098
0,0.17793868774964666
0,0.724270417681312
0,0.13277310570979847
0,0.2456930171343928
0,0.0786396729127252
0,0.05690601027983875
0,0.6974436482510569
0,0.33114229303931964
1,0.5391696468609515
0,0.700603955914425
0,0.11693776930877443
1,0.8187432418754546
1,0.7497682083087708
0,0.11002276182712226
0,0.10878864892171868
1,0.5877616599047017
0,0.24594876995952297
0,0.88194968580461
0,0.53198807418204
0,0.0773880751828417
0,0.473984729466295
1,0.7328852994465797
1,0.7675638288834472
1,0.7305975875884995
0,0.14833430393019767
1,0.766957699681799
1,0.9160745393056611
0,0.34021079571103163
0,0.2421733833757184
1,0.6082272281168782
0,0.09366252763457948
0,0.5373939427648059
1,0.2306851869973579
0,0.2812532275756228
0,0.6242884366980851
0,0.4052523910438564
0,0.3304125890183024
1,0.687407051621804
0,0.023250533743406878
1,0.6889729781973299
0,0.09040076939939476
1,0.3692085751809216
1,0.597331288411242
1,0.48005035532060425
1,0.8160248770325056
1,0.88725000407025
0,0.33207294935441417
0,0.09430328761835576
0,0.2959588552272317
0,0.07755017462485686
1,0.8788425834079475
0,0.4168567850501335
1,0.42635270099637246
1,0.5714871782210751
0,0.05504107729345001
1,0.5836086196050161
0,0.6791869078920416
1,0.872506399023854
0,0.0419117306933499
1,0.9120559728810306
0,0.5237392431469637
1,0.687848658881287
0,0.1422120517495739
0,0.6742723235283016
1,0.6073592938674658
1,0.7574468360154708
0,0.8321138744303807
0,0.5850873082050079
1,0.7114121990757362
1,0.8504931849853323
0,0.8914526193941713
0,0.453087453884218
0,0.08842490888728884
0,0.07963707283457687
1,0.8196257736209653
0,0.2262859770268182
0,0.3620090348819745
0,0.04286145187131005
0,0.05011949375617123
0,0.2787798245828365
0,0.1873925806473496
0,0.25478318954078
0,0.16266139742156077
0,0.5560659664284584
0,0.45861621733518415
0,0.03737908820401889
1,0.45545361976840554
0,0.25974523007177475
1,0.8943436260928334
0,0.4326331518481176
0,0.03452059317465247
0,0.40963228572823024
0,0.6112158499167625
0,0.07982479772007785
0,0.11776733619433065
0,0.1123171301630601
0,0.021789231176372388
0,0.03055007626736663
0,0.43785889972105835
1,0.6051326714479004
0,0.20156718709243643
1,0.681794382796987
1,0.7144894861775836
1,0.8610622755220154
1,0.6625354199975347
0,0.14916023684889299
1,0.8548681132073653
0,0.060837088029445846
0,0.028820540156636407
0,0.5180987722901513
0,0.5110500947264247
1,0.5022459379898144
0,0.7090146016219308
0,0.8653936235923458
0,0.34742619029278055
1,0.8988322724433367
0,0.05940057102579766
1,0.7826792186525346
0,0.1171554944066919
0,0.21543775146040706
0,0.23465503118023795
0,0.3607351586308931
0,0.8481510486227364
1,0.718716429198323
1,0.5840146954818431
1,0.811313103637474
1,0.6681026473562017
0,0.3108409659471517
0,0.09818692482548369
0,0.12084623059148303
0,0.8907335529722321
0,0.07107703930919591
0,0.027261220776764027
0,0.7839961331845399
0,0.05902990006775246
1,0.7846118611428984
0,0.8998700000839194
1,0.5066080706707966
0,0.019469850374416276
0,0.38149342185841606
0,0.4993729505159138
0,0.23723815983735527
0,0.2305041098981142
1,0.8493297717907603
0,0.48178229814929735
0,0.36476820906427154
0,0.5581894460376908
1,0.43414102885266564
1,0.75363060796353
0,0.03120404578559998
0,0.020803179031937992
1,0.5757147944198604
0,0.09415280034681482
0,0.6034829616520149
0,0.3549510783817897
0,0.4782909560158854
0,0.10166724882724666
0,0.1380680760719549
1,0.7618759244315059
0,0.3092651129988824
1,0.7469138826089659
0,0.020418028290449825
0,0.2745621122472704
0,0.04854442104320349
0,0.7755741599979524
1,0.7432006036045314
0,0.02937429860539706
0,0.602809114378478
0,0.8302306236679841
0,0.6571470279140713
0,0.7881911243967528
0,0.06549506570640184
0,0.061766544978244686
0,0.8075416143078602
0,0.33080226663951656
0,0.03505433828725885
0,0.19786653970357518
0,0.20886529135989282
0,0.23505793446304923
0,0.8298353498227923
0,0.11114237869201335
0,0.3054126010747185
0,0.09220478051104046
0,0.48078000029804285
1,0.11792823872938644
0,0.1667463995330786
0,0.03383824433965735
0,0.20513975798563758
0,0.2877063208435124
0,0.8340752366849783
0,0.08445966858643913
1,0.6380186236768152
0,0.039569055975338406
1,0.620954164215023
0,0.19738839950796305
0,0.23657281476668493
1,0.6823504419979897
0,0.09617539476436132
0,0.2883503441533069
1,0.7529721615454085
1,0.8367660495979145
0,0.4039017208967892
0,0.27006161289008446
0,0.6505152276842913
0,0.10109132190794189
0,0.03430055302293648
0,0.14560396574891735
0,0.3592992916273098
0,0.535073127432467
1,0.12145391722363896
0,0.1420863988447857
0,0.6523689084859703
1,0.9004209148810842
0,0.38212901752767997
1,0.7928374518139764
1,0.5267953885441545
0,0.690742234690436
1,0.8322132863125098
1,0.7043232027081984
0,0.4751134228004673
0,0.058958058643177276
0,0.05898446906224872
0,0.3912778659439624
0,0.1310332583370327
0,0.35065142076611516
0,0.2536044967031965
0,0.7475495603151725
0,0.024194074647770663
1,0.5278969528472122
0,0.7354451741241093
1,0.8443627852729869
1,0.8268225328630514
0,0.30256732856444885
0,0.6473361767656955
1,0.7926949766986559
0,0.48841409743078745
1,0.5992489692459096
0,0.5801130535928075
0,0.28795221321994774
0,0.5685192860046518
0,0.15820930267237132
0,0.5324504543938338
1,0.5854093218570314
1,0.7664377828754187
0,0.10125988543203786
0,0.3624628712529215
0,0.25548702902749076
0,0.4866245379941771
0,0.5744061702230505
0,0.8265025732886263
0,0.7199083396332017
1,0.312336869744053
0,0.4836452631742848
0,0.084246522101157
1,0.9157651152362418
0,0.9022013075776094
1,0.6043309077328456
0,0.2268116257297037
1,0.5319488438773223
1,0.8461695199255652
1,0.6313063459662472
0,0.06099555873381936
0,0.8188833906576708
1,0.5846496312931209
0,0.596039445911989
0,0.6339570566341776
0,0.1567838314624502
1,0.6837491223918984
0,0.6341895906545685
0,0.4437280709425184
0,0.04702628223057528
1,0.25862761947818025
0,0.2724281839188402
0,0.12370432318704379
0,0.08651403189991345
1,0.6984963793985605
1,0.5366684356084833
0,0.3582663461521457
0,0.22316261879945132
0,0.47799352034759296
0,0.6783297327642273
0,0.22142533785598895
1,0.9210798201155778
1,0.9049082667596062
1,0.6591118456332613
0,0.3982702020828133
0,0.18499008906275577
0,0.0640920000041062
0,0.7007336370888756
0,0.6749307854378958
1,0.5994580812664033
1,0.8430774704606032
0,0.2373800136047756
1,0.9004504362209479
1,0.7073478019863061
0,0.04303184069681612
0,0.17729481747262973
0,0.016601478343021378
0,0.3803476364383948
0,0.15612061544705494
0,0.083948945452508
0,0.5322510351964703
0,0.11461303585302152
0,0.6190836912014226
0,0.8662528800625041
0,0.5529825928693218
0,0.7434945293598179
1,0.6699858201593223
0,0.45019160514288714
0,0.8806118944773633
0,0.3762195856444404
1,0.8337444661052795
0,0.022458007242327365
1,0.8226033194260118
0,0.2693945875324201
1,0.6808197925552331
1,0.7434671480926314
0,0.860621738372809
0,0.0531532575041351
1,0.5203638122335217
0,0.5686493177526414
0,0.21647312556989584
1,0.8812632317911829
0,0.48390207355757925
0,0.22255251078574184
1,0.9001041011168691
0,0.49518915549387754
0,0.023004617760238065
0,0.15460185325556675
1,0.40305251771566974
0,0.5212352675278975
1,0.7024980831994753
1,0.8873945815367602
1,0.7052458260581395
0,0.16593305806208886
0,0.2120371843438572
0,0.4210148485549265
0,0.5171974346071285
0,0.1389056118615167
0,0.275093830013537
0,0.07493447971866314
1,0.408616679605511
0,0.04967080257835718
0,0.48999399601654764
0,0.04022679579078872
1,0.4236856871861519
0,0.18481339982886072
0,0.21337018658642082
1,0.5119768478622486
1,0.9238923211875403
0,0.022457682450889666
0,0.5986810001220678
0,0.30451628093003585
1,0.5256506267229221
1,0.9303349749781153
0,0.5558192926566993
0,0.7148639608417307
1,0.4189812635366359
0,0.05319156306040315
1,0.6956470402883355
1,0.7537473407425666
1,0.8424437348109045
1,0.9532983752282425
0,0.20297314097558944
0,0.745001132709981
0,0.38792837694193955
1,0.6840602243933973
0,0.23508390599975576
0,0.8474600901017701
1,0.9114948563154338
0,0.17645844612695083
0,0.06797448213815308
0,0.7315499073607851
0,0.162115273787038
0,0.6077433972664815
1,0.5956717167146125
1,0.8570770511794903
0,0.5990232087956853
1,0.830296620686551
0,0.07720028277682907
0,0.04700472201133262
1,0.8860431183482484
1,0.5699326352274288
0,0.8239807589787463
0,0.478803353678466
0,0.055422557214847304
1,0.8109153273454752
0,0.10931414594039031
0,0.11085817600085504
0,0.4331781262105855
1,0.5204252186431501
0,0.059913366604090405
1,0.7436242946035898
0,0.08770506157921229
0,0.564525585102547
1,0.9051686722795453
1,0.7393439036663895
1,0.5850298649901087
1,0.7558506901801888
0,0.700422737935055
0,0.03355730696997532
1,0.8407276791964153
1,0.8602695066255742
0,0.5105683053122518
1,0.8157571199266834
0,0.19657749480598585
1,0.3320410597963575
0,0.5527001611339059
0,0.4433049290800577
1,0.7358495857767903
0,0.34584686272056625
1,0.5875484328136759
0,0.4174153365987212
1,0.813880894548509
0,0.11927356972609006
0,0.08322389171498364
1,0.8057982658058811
0,0.39318338401132114
0,0.03369944465310454
0,0.027360201596899354
0,0.20596693185776835
1,0.8024107241050978
0,0.619144478396016
1,0.4063860851456791
0,0.08650921281577414
0,0.6524281973479499
1,0.7971820208567719
1,0.058842070382948634
0,0.34196645401243925
0,0.8821775233889749
0,0.5198314624207575
0,0.1228040721059385
1,0.8322667594574049
0,0.07468998194308551
0,0.26785273407037524
0,0.4613374064340792
0,0.21382303284074192
1,0.8669525841462729
0,0.026836031457243486
1,0.542492031132984
1,0.8764861610377691
1,0.5381825367233571
0,0.4733861965099134
0,0.06400542982575678
0,0.3242485803776599
0,0.24823050262958013
0,0.5634025372698159
1,0.619882964639733
0,0.8976502682529106
0,0.43267308946541577
0,0.6519945225230133
0,0.233818021859433
0,0.2529254366930251
0,0.055667122001169966
0,0.8138654074692493
1,0.8254976627712058
0,0.11968231751072626
0,0.06360071938695636
0,0.6317945657631212
0,0.11622762466705897
0,0.5885851818901415
0,0.538821597075976
0,0.6200775750573378
0,0.4753142696941966
0,0.019041183277506712
0,0.6529177809693348
1,0.16128040305003322
0,0.4289552353416648
0,0.4153744884797691
0,0.034133829537305316
0,0.4770431692165345
0,0.5395137920402542
0,0.37644666295178025
1,0.8181866419872608
0,0.2436404767840507
0,0.056414250115658246
0,0.04221515984027125
0,0.5026349917619529
1,0.8575293751996509
0,0.8556647641607813
0,0.019583508029734194
0,0.02101967523202161
1,0.8033705933939437
1,0.38379659830871815
0,0.022401414330887527
1,0.5625901595608471
0,0.7606342083553772
0,0.4896105213730814
0,0.6153124574741401
0,0.8799186921307001
1,0.9091674135320718
0,0.38781737393076565
1,0.562448707880387
0,0.03522934058559008
1,0.7624817299947181
1,0.7890609558492312
0,0.05947565499174307
0,0.07450573398142021
1,0.6094923299849307
0,0.0993602504000358
1,0.8391740500915115
0,0.07743754638356139
0,0.328219047452686
0,0.7126093126724778
0,0.022669093511166038
0,0.2907023315709603
0,0.5657406702831643
0,0.24418910278528366
0,0.6846156924031264
0,0.3371854974032185
0,0.07416745182476948
1,0.20537757357068756
1,0.4649905367940555
0,0.8669043905825841
0,0.5797740770858976
1,0.3131170601410138
0,0.8478175356412534
1,0.8460612763381123
1,0.8292265870809985
0,0.07754949519127698
0,0.4728332211578715
0,0.4025684153505717
0,0.521646977865804
0,0.5904096062800055
0,0.6207847750186337
0,0.6611769318950941
1,0.6436378697384466
1,0.4810268419637856
0,0.04556988878399889
0,0.28099375413112526
1,0.581134810258134
0,0.2042580527649902
0,0.6500651176039317
1,0.8146493018965287
0,0.8196284251791351
1,0.5562565282381469
1,0.31386308646533045
1,0.880119435942471
0,0.04635337985369184
0,0.35644976811806917
0,0.608739167573012
1,0.23516307501234132
1,0.9030987222868136
0,0.26467308104808673
0,0.10573845562558494
1,0.713876972717732
0,0.22631632743841415
0,0.38576025050180957
0,0.5346518388095266
0,0.5503013285027145
0,0.1280933565462984
1,0.79868710587572
1,0.6532008762664864
1,0.8716382614807086
0,0.7038229774806786
1,0.08286908077048732
0,0.23313341603824708
0,0.32914643037162145
0,0.27312664852491364
0,0.1612477203035291
0,0.47744285933451813
0,0.07494841222046188
0,0.7488090998590925
1,0.6226734549328996
0,0.024464352478705802
1,0.8614347131020638
0,0.12490612748059628
0,0.5006498540256864
0,0.03821312669766409
0,0.4870716510768857
0,0.4287938314478021
0,0.09935367890288847
0,0.3430663477524221
0,0.24289145660879494
0,0.8546060507099874
1,0.8433913395254804
1,0.7005336471482283
0,0.51138855620337
0,0.839616790336218
1,0.6091955043453701
0,0.0953817205855345
0,0.17792318444177083
0,0.07262395570702838
0,0.18249230637737712
0,0.583503172094787
0,0.041172399584796654
0,0.33832270650949386
0,0.1156393841629488
1,0.9213625481852981
1,0.1888365821459389
0,0.024777148408925725
1,0.9130202900699049
1,0.6185032465343843
0,0.036862020806768064
0,0.6760352271077057
0,0.20047662104381378
0,0.2871700664978746
0,0.05869608719572875
1,0.5545348315480597
0,0.3493775987763938
1,0.6460538091954311
1,0.5073797235939529
0,0.19967882003641896
1,0.774954267266403
0,0.577073738831254
1,0.7558894905784994
1,0.7569262272476548
0,0.7647040919330209
0,0.7677319794965919
0,0.576797695423342
0,0.608246173035463
1,0.6610381835670156
0,0.12908207877432104
0,0.2663927116827311
1,0.658953238010856
1,0.8691040345428773
1,0.543978551902895
1,0.8598745075510176
0,0.7437486670306457
1,0.6571971965895754
0,0.3919661718565683
1,0.7859335298787111
0,0.21885711645689565
0,0.020803179031937992
1,0.7401283822208341
1,0.8119031480826909
0,0.07021427212603541
0,0.29584275674408583
0,0.4582412759076038
0,0.4159369297837683
0,0.0576462602283599
1,0.19945532192126067
0,0.07594107431317047
0,0.6726226958221606
0,0.68169599961532
1,0.5273959748250071
0,0.2798723293585006
0,0.7934504219937567
0,0.05595800231107288
1,0.8261243394807528
1,0.819350904199794
0,0.6685648029254803
0,0.23771116779666554
1,0.47402203116369956
0,0.2354689837158167
1,0.8651302108145157
0,0.3447902671795916
0,0.6144465437831436
0,0.06645986255922469
0,0.40008899082808363
0,0.06284382758063975
1,0.5432134367297992
1,0.5810487209632439
1,0.346699491454481
1,0.9223708115930178
0,0.28221374211709166
0,0.5675364999860023
0,0.5369443409987212
0,0.6508641832640919
0,0.3631876577580914
0,0.09968899060245816
0,0.14098583405090817
1,0.69565921127272
0,0.09213176459669628
0,0.027852477635849544
0,0.8631981829423568
0,0.3700616443199468
0,0.7421412144158408
0,0.41399732911711923
0,0.11828858871051971
1,0.44389046162463147
0,0.08767723853048918
0,0.10486820770372601
0,0.8389375568062463
0,0.4747463356754228
0,0.22708885939185333
1,0.33521418688590865
0,0.3387723816988607
1,0.5621268367096246
1,0.6320328938642256
0,0.7219954424757281
0,0.7813166925289485
0,0.03398462682612155
0,0.3514732683289224
0,0.6670657479629925
1,0.6993069845157813
0,0.5391987014022805
0,0.017994651813753718
0,0.8435954074018972
0,0.8747302152152432
1,0.31679911297079055
0,0.331061093345269
0,0.2612201687020995
0,0.2710491464093738
0,0.398576203989089
1,0.5585071057663997
0,0.08231385239723263
0,0.6736496627126839
0,0.05464972907407837
1,0.2385776524170469
0,0.2596719960070079
0,0.18015169437175063
0,0.3013012919945491
0,0.06177646149697129
0,0.8981715244663688
1,0.6493579662953309
0,0.3820017051929307
1,0.7426275358285105
0,0.06920697638084325
0,0.31222247516374296
0,0.4317421262343744
0,0.10250713515725066
0,0.24640371339565714
1,0.8096004835511507
0,0.241944429328007
0,0.4535532841604171
0,0.06381818563088901
0,0.42120926340649933
0,0.5666484746657882
0,0.5513023341133552
1,0.20881549216520584
0,0.07519819853843744
0,0.0989915346175654
0,0.4412518300623829
0,0.1871504462118589
0,0.24465934949773063
0,0.5405738249997081
0,0.25685613710519445
1,0.5427678105293091
1,0.6426717090966708
1,0.37049722334625673
0,0.024565064962653604
1,0.831711532719271
0,0.09802814465978639
0,0.05955957364371142
0,0.4895780589146885
0,0.03853426586704736
1,0.8651113981467973
0,0.10851675502956361
0,0.258749947666269
1,0.8000604521563995
0,0.03530882261991459
0,0.13306180246466257
0,0.43716002392793385
0,0.4226229572839828
1,0.8912263327320521
1,0.3256948093226351
0,0.37795840965265814
1,0.6242981292111314
0,0.10869232953090753
0,0.33420273453509064
0,0.2945005308837727
0,0.27069967663269695
0,0.08687123670974975
1,0.40295008208983474
1,0.6959203691687198
0,0.0430299075821916
0,0.2185531181609038
0,0.4306140955513462
0,0.17686590690327714
0,0.11255736200007567
0,0.1082276018942873
0,0.7475158693220785
0,0.3590351482838813
0,0.052317920710248156
0,0.11608919018575126
0,0.04548407241848221
1,0.877486745958989
1,0.3937381969405268
0,0.15788972798237577
1,0.21526578684244255
0,0.09336389211598295
0,0.2439591389263074
1,0.12117546227784326
1,0.603722305167975
1,0.8732191382635212
0,0.8419069189003626
0,0.14895769647847007
0,0.6811476662418958
0,0.03724867540967751
1,0.8077349616610857
0,0.6457444313615451
0,0.1364954713672908
0,0.5155126350828146
0,0.17728618323079887
0,0.022999937318986037
0,0.03813315779758222
1,0.6940916374471819
0,0.2319604103238899
0,0.2181271162153661
0,0.022718680761143518
0,0.7004061582568517
1,0.7351173101411833
1,0.6735492063093488
0,0.6014835531961554
1,0.8499676875979211
0,0.14241696875765347
0,0.21799170182293062
1,0.6188764582096479
0,0.6175876234134006
0,0.8596381194300524
0,0.7211203732207071
1,0.7408983523189695
0,0.025329253436580337
1,0.6103147055646683
0,0.2569012706644557
0,0.8708008139347889
1,0.6324004807124712
0,0.03593842892741749
0,0.05855640300745624
0,0.5203185924796164
0,0.7626270640181746
1,0.2671232112544252
0,0.08783392209247327
0,0.036334912897757546
0,0.09415942015660601
0,0.1007637556661007
0,0.3339078289254734
0,0.7188377737284974
1,0.23938636768638757
1,0.4997943988400725
0,0.016886524120327127
0,0.05540712314595266
0,0.07120345960471577
0,0.3616542160720245
0,0.5741602789496457
0,0.6595052292682851
0,0.4883483929782817
0,0.04322972310361387
0,0.7902663892779588
0,0.3236558131912434
0,0.6528611773257841
0,0.2828757693238286
0,0.07022608974181314
0,0.7881317381844625
0,0.6849716084064081
0,0.7034245767249367
1,0.21755290527346638
0,0.1787169413382859
0,0.8989394404416892
0,0.8389786228695106
0,0.1083817198893487
0,0.7320851906069108
1,0.3912262489459268
0,0.27049176227516664
0,0.3328548792134297
0,0.32102094761781313
0,0.08041370877714642
1,0.0862521602535972
1,0.8816095219646441
0,0.6263761710416356
1,0.3773306545790837
1,0.8073163273028003
0,0.035240723674365114
0,0.0489485053318463
0,0.56193929018885
1,0.5483891969749947
0,0.43711061232853804
0,0.3864885611624477
0,0.062309974485049796
1,0.035409220774056026
0,0.30198665998079355
0,0.08960473217952002
0,0.36957108233474395
0,0.7008544613117049
0,0.07834456304735923
0,0.40993599501908473
1,0.9382664947599239
0,0.2204834313179945
1,0.3257624125317514
1,0.5380619635664823
0,0.05950297401652829
0,0.6228152647829543
0,0.3131687328839293
1,0.4416889763403939
1,0.5738083731836793
1,0.4595262075841594
0,0.8336535871501185
1,0.8410685914089112
0,0.045911579346645894
0,0.31947652742635113
0,0.13742720558560986
1,0.3256264368561388
1,0.660588259554842
0,0.2609133177231288
0,0.3087197481851718
1,0.5637170751507641
0,0.813706408644638
1,0.8816596580096366
1,0.6017589648343571
0,0.32268882606032695
0,0.03381109749625779
0,0.14814970680709078
0,0.12288455063881852
1,0.3697960033493484
0,0.04224449279733252
1,0.38723356024188504
0,0.37652503478297794
0,0.04160660532985316
1,0.4467820510276538
0,0.6813676869544661
0,0.4080869990512074
0,0.5328782619671123
0,0.36621294338453675
1,0.3800147915709393
0,0.500504077998651
0,0.7333708629245621
0,0.5972182165215514
1,0.6640276743799255
1,0.5445429904969988
0,0.49999799316930615
0,0.4086956521645062
0,0.03391341301452321
1,0.9003975114264613
0,0.7542972555169953
0,0.28283907890839444
0,0.8817194154648569
0,0.07501694480788457
0,0.7743092177371765
0,0.03840339685242404
0,0.6971372938728212
0,0.5573860776692801
1,0.3747174747496255
0,0.17509118684553948
1,0.37192521334101875
0,0.06582710744202427
0,0.01646120865221895
0,0.8669040216945607
0,0.5181785177976931
0,0.6219794200531608
0,0.0678687170271244
1,0.6430934174636009
0,0.7160300005608161
1,0.3526763295916368
0,0.10048135401650603
0,0.10298100822683409
0,0.4249756151788593
0,0.11688838515619382
0,0.746045122101045
0,0.040987395484960894
0,0.824772680784697
0,0.49608345722721015
1,0.8964307089928911
1,0.8455984318920491
0,0.030909999252033877
1,0.7037471817846119
1,0.2040098901973766
0,0.15098235369161064
1,0.7817872756753417
0,0.11788563622342398
0,0.5491681325719115
1,0.8792562151829596
1,0.6615156929218409
0,0.16463049482829964
0,0.45960879206939365
1,0.8261845421163184
0,0.04649041639129036
0,0.25258078290183683
0,0.03374396623252646
1,0.6862200822704266
0,0.23387964136728762
1,0.5006802909715482
1,0.6373424620830828
0,0.050009538618187126
1,0.8818574835732991
0,0.5883261023686577
0,0.2169405792299921
0,0.16312771953464822
0,0.21851238918539506
1,0.3684594578153991
1,0.4250130908860341
0,0.3583940098456888
0,0.017616746000895914
1,0.6341625054206154
1,0.34959251119291834
1,0.7649051693529755
1,0.5841138031370394
1,0.6845792084252788
0,0.4183260052760881
0,0.4410702087122787
0,0.05001308333065215
0,0.281848118353344
0,0.2351281085742648
1,0.8004601717624235
1,0.5153389338269962
0,0.6129149383415714
0,0.16276279809212305
1,0.8722636107907175
0,0.40410181332119754
0,0.10794435064089843
0,0.04321469725969182
1,0.76505884041838
1,0.5985825675126418
0,0.26276285322780357
0,0.020059237778517012
0,0.15455962723260178
0,0.07800645787987133
1,0.836273657941895
0,0.4501370360958597
0,0.1626126650649098
1,0.8622919807303935
1,0.13140169879306654
0,0.45144891230976686
0,0.4822048163307899
0,0.0682854434784265
0,0.6233521820723676
0,0.18951966096092562
0,0.29824507053469024
1,0.6984429824775642
0,0.24925929007478886
0,0.5647506811661297
0,0.22781717681857952
1,0.2888072266748128
1,0.1275508656332369
0,0.340238710817527
0,0.23350724683416826
0,0.911065284241615
0,0.8012172180045746
0,0.05640217359691564
0,0.10432882312027562
1,0.8743605504501569
1,0.892968261372858
0,0.40772159097798555
1,0.8392623849853742
1,0.905016443043946
0,0.2572003374996798
1,0.5009086460902887
0,0.07906921497717878
1,0.5694913141855442
0,0.6049135716348419
1,0.8011707919233804
0,0.13907088205720675
0,0.13458453135834036
0,0.5675268580323508
0,0.18922170706134414
1,0.5921623070390258
1,0.6995604246883999
0,0.491179549070274
0,0.7044761329731851
0,0.4521228714905574
0,0.6090828783462001
0,0.490786517720107
0,0.5685192860046518
0,0.6925444164992134
0,0.1547040171651097
0,0.07742201361662497
1,0.7757852342449637
1,0.5612069958988611
0,0.11114939987095311
0,0.7524041427628037
0,0.720601638552143
0,0.787490707830385
0,0.5591352515056999
0,0.6769136800773875
0,0.21885711645689565
0,0.4951032071279218
0,0.307648793807934
1,0.8723544888031614
1,0.6161542076611629
0,0.8825537276809601
1,0.587756000488742
0,0.3739995480972009
1,0.8283496795213672
1,0.7340561936260104
0,0.5899938131372294
0,0.7074011169462906
0,0.18232072370406613
0,0.4914249608901903
0,0.21501949571744053
0,0.816100019441485
0,0.4253895656907377
0,0.6714291418024622
0,0.36547150918136506
0,0.3216301803843041
0,0.4336395177863234
0,0.23841179259394105
0,0.4279778973704721
0,0.6764677764215377
0,0.24127319531709288
0,0.26454947784786803
0,0.17316476074312045
0,0.05970517837095186
1,0.8349865973818216
0,0.020947350636924114
1,0.5041021406083657
1,0.8294805702711907
0,0.050012695408025505
0,0.25288492570409427
0,0.7385637224297146
0,0.686915471006183
1,0.6617584897774929
0,0.058412151958630594
0,0.4126037194021763
0,0.7332136999019937
0,0.705444389568428
0,0.41446155774259064
0,0.7454211939202797
0,0.2779972563706652
0,0.03913569066629712
0,0.0388922707850309
0,0.07205709313145793
0,0.6654040512474056
0,0.12513326618328258
1,0.4674811239328757
0,0.24884795267307921
0,0.40324374258311835
0,0.5908142669493535
1,0.4609207119487457
1,0.5792727417975315
1,0.7650555206535202
0,0.04439388451304262
0,0.20895620606148735
1,0.5503927131966577
0,0.5507320587649017
0,0.031984598487460165
0,0.8038643945395192
0,0.1845563221677387
0,0.3672733126684372
1,0.5705207646336503
0,0.30623610242244304
0,0.48711888870030295
1,0.9117914368408273
0,0.14739623871964935
1,0.7401459533117148
0,0.49961513683441117
1,0.31180306785879575
0,0.5529628193856612
1,0.678010149951873
0,0.39558884348019424
0,0.5551296583261786
0,0.22076138432607922
0,0.1546723794536217
1,0.7687290126090751
1,0.6771220310823185
0,0.8673497529360398
1,0.8196322278164584
1,0.20445095702259508
1,0.7710664281556018
1,0.8335899678740665
0,0.031354109778111525
0,0.06903127656729266
0,0.8512179879650124
1,0.6514560557064905
0,0.2068042858588238
0,0.14095519340677032
0,0.045684275552487705
0,0.203457204126613
0,0.05598861462046552
0,0.788177674001308
0,0.12002911458948815
0,0.27325051949195517
0,0.19004213046471907
0,0.21469246400975842
1,0.4635890217747539
0,0.6534434761335336
0,0.03618539949592603
1,0.7710611993567797
0,0.037563742396318635
0,0.7418727969689203
0,0.32569836799477053
0,0.03704725094978046
0,0.5497930863892686
1,0.5241214542218531
0,0.7234212952166633
0,0.023857111726404916
0,0.447966745583449
0,0.2242581124955602
0,0.11406585409660823
0,0.25238255381264213
0,0.07549165858975428
0,0.43829910375726794
1,0.30395959430421865
0,0.42400614440769735
1,0.22254467706562003
0,0.5825478466402831
1,0.8047204087224195
1,0.7513866411560158
0,0.03291584613564337
0,0.10926363905192975
1,0.5565652047719277
0,0.3889272177218048
0,0.35875984192596067
0,0.44199327135996597
1,0.2276051838820154
0,0.10194836712090623
0,0.6697986287406037
0,0.6060740070815912
0,0.48366853183087516
0,0.41647003750249034
1,0.5433675458295497
1,0.7159819901306347
0,0.4611894204681141
1,0.34481951608147576
1,0.7804871843191719
0,0.6288912843032499
0,0.10471481992975976
0,0.1236810107659603
0,0.5147506214909857
1,0.6168127633884242
0,0.054486887491717505
0,0.28969351406087235
1,0.8772227664701095
0,0.47341603353602285
1,0.8379426984732105
1,0.07754732191952339
0,0.4109447896022902
1,0.7304987785618412
0,0.36700777264456247
0,0.18722480862620466
0,0.15855429165307966
1,0.628796919252516
0,0.13655860715966625
1,0.6407159539460373
0,0.17454869566241502
0,0.34643742239754277
0,0.7174578120436534
0,0.25751129107852533
0,0.5795978770897242
0,0.33441180545640653
0,0.46174693159018365
1,0.2982670956139677
1,0.8360566947747611
1,0.6060035591364992
0,0.8529819615566103
0,0.8756055989242487
0,0.05112796234936484
1,0.25467195391954467
0,0.2995126643647089
0,0.46288455875523316
0,0.1734151247321893
1,0.36868461966411603
1,0.5265455218282535
0,0.5171861059361288
1,0.9362995391545824
0,0.5596790324837112
0,0.5088676303151076
0,0.8576276881985121
0,0.2253600406373027
0,0.18526842438573304
0,0.04918359332761263
0,0.1843915841487392
0,0.017971679789866423
0,0.6316519886364554
0,0.6018419407202552
0,0.06866394348484404
1,0.7284927227575049
1,0.8898914813179938
0,0.23028595601904542
0,0.6879561547655592
0,0.43252704699150457
1,0.7349911524083825
0,0.06581694556016951
1,0.5908920652575715
1,0.7836841982453328
0,0.1909497655621872
1,0.7192435221623905
1,0.9116522595724631
0,0.04454888958685216
0,0.096315873936975
0,0.06578456410789
1,0.714170661805855
0,0.08028562653219669
0,0.10274011897820023
0,0.1586767134359239
0,0.6207190414676745
0,0.6528934527378946
0,0.47940813304049795
1,0.8685181510724629
1,0.7942152724994643
1,0.8144955398953431
0,0.22337465174723328
0,0.42373973477221705
0,0.6948865335473602
1,0.7186233176224467
0,0.10101531901082446
0,0.09748658460432047
0,0.08409129863086767
1,0.46831710593868114
1,0.870708862924725
0,0.2324511631137075
1,0.8030431951458784
0,0.5575492575070213
1,0.6487602299629167
0,0.7622201984378024
0,0.15093861594801183
0,0.7078950349728433
1,0.18826493659727486
1,0.8364836931687779
0,0.0618589391296678
0,0.20259200173791883
0,0.018997624223572727
0,0.05339960205237703
0,0.3584340592846152
1,0.14038494474803204
1,0.7718109961217732
1,0.7753143620463647
0,0.8663888539349279
0,0.1095625953115482
0,0.11605007578334364
0,0.058296300596948056
0,0.04869762434742577
0,0.06471041905220751
1,0.31127422839612456
0,0.608360984147046
1,0.589549817214432
0,0.577484637677379
0,0.11006020047992261
0,0.04052244932867805
1,0.5982778787370446
0,0.26560461470473223
0,0.15598958147101452
1,0.8903233942323825
0,0.49017292647150346
1,0.7748557993312268
0,0.05649918767963726
0,0.04056835058120518
1,0.21228274087212828
0,0.52633820724557
0,0.01584172990150334
1,0.7088349849386846
0,0.6471261411432621
0,0.07373387197590332
0,0.4165862614592774
1,0.7367884064856208
0,0.5583693585035934
0,0.15672404290600467
1,0.11165921030156782
0,0.1412719197925404
0,0.5396807366709471
0,0.8139505730402719
0,0.20680304200012534
1,0.5678886071991908
0,0.5672938769768925
0,0.3735088350187214
0,0.5901762956233051
0,0.8250568753927505
0,0.14490248114937185
0,0.4545016396203186
0,0.022558914493428034
0,0.5091161844443403
0,0.17104857078654137
0,0.1827863190814985
1,0.7249867461154548
0,0.6805867201412542
1,0.579141011310905
0,0.5886270383793633
1,0.89665219801877
0,0.06603478765610891
1,0.6560847868211166
1,0.45658099235075805
0,0.203088948337828
0,0.6305236658533526
0,0.418542108874733
0,0.2576310585621869
0,0.09071071607357964
0,0.7582475746077103
0,0.032681199051963934
1,0.3774731651304884
0,0.10431605594443512
1,0.5493511564813625
0,0.12178599268899763
0,0.14187279820060336
0,0.399267575151825
0,0.5697451083575514
1,0.23501062556871716
0,0.35756219965057157
0,0.44611652723527384
0,0.23162346064270728
1,0.6649248034587506
1,0.8861581684165784
0,0.5687174719210379
1,0.7728835383120134
1,0.37383454780573006
0,0.8877567574436439
1,0.7465169903586447
0,0.061120218965190994
0,0.5932734134158086
0,0.4928848264556625
0,0.6700352227339185
1,0.9069332138764684
0,0.7587889032011629
0,0.03433349092806258
0,0.4254137344297425
0,0.8478489269308496
1,0.6421952079778883
1,0.8257187743145025
0,0.37290399489382287
0,0.05454733993208208
1,0.667484985935629
0,0.33308506402716825
1,0.4398967373959351
0,0.04553444261840883
1,0.5408651580199194
0,0.19023505356497145
0,0.07804476976103918
0,0.7452249610103275
1,0.5193904479147426
1,0.8499829143124886
0,0.07643645807711524
0,0.17422353965903367
0,0.5344608670512119
0,0.5593663655418912
1,0.6678953882212726
0,0.04204703949227745
0,0.39464309550888654
0,0.5596669690072776
0,0.643069036629574
1,0.7417816323020636
0,0.6129820607307881
1,0.5406618495288428
0,0.5628028289441357
1,0.8629138959048004
0,0.6050376070725095
0,0.08755321934874097
0,0.3339951237491739
1,0.3715948337970106
0,0.2836850692018775
0,0.8125972536097865
0,0.08809638791669187
0,0.42862391281801077
0,0.4075513750745416
0,0.7182803094984926
1,0.6876720620875296
0,0.7795240155587018
1,0.5727339079179656
1,0.8680286715150773
0,0.0408307213945411
1,0.7666462856621188
1,0.8400675495739769
0,0.4183376988836257
0,0.4685291302604882
0,0.762667403265727
0,0.4117793404505059
0,0.20738771170218967
0,0.3912940125990842
0,0.5184400836512293
0,0.4953841027992835
0,0.08419767656312595
0,0.06990002179582668
0,0.20113310856896716
0,0.023897597239794833
0,0.6699412303437614
1,0.635326525464557
0,0.01646120865221895
1,0.49721515325705434
1,0.22208961761790494
1,0.25910826314593804
0,0.36833876151110734
0,0.19694833323685257
0,0.0414234071107066
0,0.22173554395002237
1,0.39560583211700034
0,0.45411496505157767
0,0.0434661412995156
0,0.6392290942725527
0,0.10031333877171761
0,0.26831292341667085
0,0.34045825065361657
1,0.8186088906902486
1,0.821078557837995
0,0.045193698944936855
0,0.6873372496483695
0,0.3622454950241904
0,0.43058078092979163
0,0.2028475954009409
0,0.2306851869973579
0,0.1854409966666928
0,0.4919537628293388
1,0.3744832958879332
0,0.4398472726392276
0,0.07399862513786275
0,0.8674441418536435
0,0.658932854667473
1,0.827758533874427
0,0.617029802519886
0,0.40742064609781475
0,0.41063927753258594
0,0.12752887955150732
1,0.722697595189822
1,0.8633964531929702
0,0.1911217168804022
1,0.5889148847887891
1,0.4360062825471006
0,0.04109748451800621
0,0.39223225776791104
1,0.6353094113767611
0,0.05648534345267006
0,0.45776893779258115
0,0.1755830600663946
1,0.6598050821566315
0,0.5953177698084916
0,0.5024302568498236
0,0.07504833787830581
0,0.2831512855891678
0,0.5819407417520321
0,0.6471105139932103
0,0.22101370293653574
1,0.41274841183353433
0,0.04234740615831239
0,0.4731530104409857
0,0.46724096310243407
1,0.7849935882870952
0,0.8809260447218994
0,0.24340264858418134
1,0.9291388497923139
1,0.7069754111001306
1,0.6251196687226104
1,0.8910336327854044
0,0.3267972921563606
0,0.4024183140278777
0,0.5606163856693824
0,0.13364720764523869
1,0.79145402300539
0,0.08917498921963354
0,0.3974713869906285
0,0.8536568431152701
1,0.6570276844710992
0,0.6746970994844307
0,0.26759476818276684
1,0.7989450129975911
1,0.9068776913369373
0,0.5319564121858952
0,0.06756883978581835
0,0.8071970997782988
0,0.08672889881363956
1,0.5425938766691261
0,0.029196549425119466
0,0.78127472856462
0,0.13359350686724086
0,0.6981555509028426
0,0.05924031138659846
1,0.6941234677199435
0,0.41552394000830706
1,0.6931981072693358
0,0.06815347987259816
1,0.8116715716323254
0,0.044939529100221844
0,0.36396414337946364
0,0.05852755537879248
0,0.5959551498657641
0,0.4417758698084748
0,0.405143147123605
0,0.031667689425682745
0,0.3026050818543614
0,0.059450319446232046
0,0.41486881170171247
1,0.6905802076906288
0,0.20486871892414205
0,0.527662800061996
0,0.39856474391808633
0,0.6502279464309046
1,0.6703345370051793
0,0.057143959251973846
0,0.05863809957731668
1,0.4925900926665183
0,0.04490980947076304
0,0.5864412469888788
1,0.35756242630400364
0,0.019552913961688335
0,0.32914764430946114
0,0.08575793933175754
0,0.31020903438685893
1,0.40537204303634344
0,0.2159283923077667
0,0.11248531985444563
0,0.06545608199941667
0,0.23055312346314122
0,0.05151460137947746
1,0.05896400133028202
0,0.025887626108506326
1,0.6759987451988275
1,0.8917730014678062
0,0.2925954893126236
0,0.7475932911948221
0,0.3773203336872134
0,0.3658052800288806
0,0.4102952717784639
0,0.07729820472989331
0,0.5195428341429812
0,0.05367530306416491
0,0.5490716743847597
1,0.7869526035432673
0,0.6610582522188673
0,0.24547876958360368
0,0.05427789157974092
0,0.117192491180204
1,0.7045431625614427
0,0.5062140571446472
0,0.8887901512658403
1,0.7164018469106798
0,0.5320045793860063
1,0.8589414840574735
0,0.7782626384960781
1,0.5547744938989796
0,0.12091305532390538
1,0.5172107993884936
0,0.25584526909574135
1,0.8590210165090281
0,0.769752374236866
1,0.6262349285672959
0,0.37683971252289855
0,0.6533417533249473
1,0.9092434989736833
0,0.37496246651544224
0,0.062451270286270025
0,0.44549977557869225
0,0.04826082147187687
0,0.04814601184939721
0,0.24654017804905196
0,0.5506306927047991
0,0.05951906018008368
0,0.07488541701510981
0,0.22514516258879658
1,0.8100915029401601
0,0.5234025968139454
1,0.46930038504478944
0,0.35490263972085856
0,0.5490716743847597
0,0.7371337954962323
0,0.07416745182476948
0,0.7104686434940434
0,0.2258586425785618
1,0.44716459543111464
0,0.33406671257860304
0,0.2139954137162949
1,0.752810719906041
0,0.1596123666480798
0,0.6303863827303284
1,0.8179474241025588
0,0.41685685536072453
0,0.2328280333916876
0,0.4407604126299799
0,0.5135638593450957
0,0.07745638950899018
0,0.029448658040187065
0,0.0261552435724784
0,0.5567844479888011
1,0.2695350171123206
0,0.3668920273139449
1,0.7997737595599158
1,0.8587774240618149
0,0.5959594549719825
1,0.548596027098227
0,0.07452231048622837
1,0.7467319742549636
0,0.5803361192883818
1,0.5550038886294231
0,0.022882725694901244
1,0.4071027982966024
0,0.2330364090821551
0,0.6138806235212892
0,0.05511233971461928
0,0.5359837150535409
0,0.29836861361127
1,0.6674078791094471
0,0.3966509683521862
1,0.5507921902619685
1,0.8841258794123991
0,0.608874263188686
0,0.02563653337810445
1,0.6769313945028025
0,0.1545527776698052
1,0.6274325189198123
0,0.06874178940518416
0,0.6758163607723187
0,0.06784276617440528
0,0.2403357393145425
1,0.5620785534817306
1,0.696147646870072
0,0.06829537512179838
0,0.4680350758027704
0,0.4770527219790986
1,0.0962744950658421
0,0.3320872816702113
0,0.595180594321061
1,0.7698914007596791
1,0.4013911658836241
0,0.3461495798828799
1,0.5546633459185449
0,0.8536308968528523
0,0.41266858926350886
0,0.11519745021424088
1,0.3927104340230822
0,0.17370040403741277
0,0.5088487881461701
0,0.15334014143724006
0,0.2142351342602345
0,0.021854187698119636
0,0.3060058655622466
1,0.7101371186879236
1,0.8476404722321647
1,0.44878916255234064
0,0.6689686396174689
1,0.8951590950713376
1,0.530942143840946
0,0.4647622652129508
0,0.34471644327769235
1,0.5303865338485175
0,0.38459500388187373
0,0.3729150095410488
0,0.12303381195204963
0,0.8540256149174321
0,0.28221337826404547
0,0.2579097077349801
1,0.6487761140508507
1,0.8323764280025027
0,0.10579839894536977
0,0.7170838697271917
0,0.1517009359247321
1,0.6746328846574774
1,0.08650921281577414
1,0.8675912309456634
0,0.8319169271840767
1,0.40137925815133035
0,0.2245364804884171
0,0.7939808493849633
1,0.7564983712371779
0,0.2102792430626533
0,0.28221337826404547
0,0.6888337505419078
0,0.5486788510242159
0,0.11924448098484071
0,0.0875805519819404
1,0.664032886201652
0,0.40354619448062035
0,0.1587681975538615
1,0.6707077318339343
0,0.7754557960254248
0,0.7053287289097043
0,0.5633405264496348
0,0.7051370221999511
0,0.7323270882248464
1,0.08347829013151772
0,0.07494841222046188
1,0.6345343395642095
1,0.8311981924411601
0,0.058607733370051554
0,0.6536738999578835
0,0.19453863663905369
0,0.6605664168037855
0,0.0459958920605832
0,0.570976082218043
0,0.1939300528629152
0,0.4990310245150449
1,0.6222082969470243
0,0.07163164725880605
0,0.2538157420807728
0,0.4134397278767091
0,0.05965613250515145
0,0.17507819233100538
0,0.31557978154068445
0,0.6949395260293175
0,0.08595797458105588
0,0.7613953413656019
1,0.6771382473106113
1,0.8164263225564615
1,0.8208942720062217
0,0.020620986483853552
1,0.8557585609521384
1,0.49305457437717054
1,0.5253216927642876
1,0.6378885522760043
1,0.865057564289297
0,0.9209490381361901
0,0.3292480895794219
0,0.24174701934591242
1,0.7483610605143162
0,0.3580204684967124
1,0.8529397200410689
1,0.6056039245149983
0,0.263579185948872
1,0.7459342579140078
0,0.08688988958888778
0,0.08092480824111709
0,0.5805865568235061
0,0.16172738657200053
0,0.2519354635147567
0,0.3780762112913056
0,0.32918967255188275
0,0.5145491252327968
0,0.7256409673917146
0,0.42056281676317264
0,0.2526296901418219
0,0.33761013885489805
0,0.0537866936122913
0,0.5970650966282808
0,0.34237813139108053
0,0.11408520811110093
0,0.04302438593375924
0,0.06987969443532117
0,0.3962637481959528
0,0.3678632595369407
0,0.1908614099993276
1,0.856611410896989
1,0.616237186577367
0,0.5532901499330005
0,0.29046560415982214
0,0.6295982598209569
0,0.215597460701344
1,0.8184612842216146
0,0.26655513958128807
0,0.4459873813441974
0,0.7247954797372995
0,0.42453711958171864
0,0.1915965517344098
1,0.8048407755644181
0,0.1077487563927732
0,0.15144930577762183
0,0.5923714936126246
1,0.6066889249872204
0,0.8238612042579847
0,0.09783403624221212
1,0.6871995348350095
0,0.5159082522026074
0,0.19397436016736608
0,0.11595957739542362
0,0.08232201840989006
0,0.04195036547693173
0,0.6055361605267062
0,0.36074723313511525
0,0.20584276691034978
0,0.5637480677642954
0,0.16734785955495762
0,0.3905333594291144
1,0.14638414806793792
1,0.640396032946273
0,0.098944457007012
0,0.22429074687501221
0,0.42184129533909676
0,0.267045030506131
1,0.41969324890210946
0,0.5329037813026435
1,0.8468653329629952
0,0.6523612154825186
0,0.2253007104594946
0,0.6931958292275526
0,0.044567208219943304
0,0.04039510887308426
0,0.10035862605570904
0,0.060379476359443615
0,0.03594016745578339
0,0.6743532481360377
1,0.9258778485273532
0,0.2240082102201918
0,0.678717275453418
0,0.06379806331482508
1,0.6962900704596547
0,0.8834519606887212
1,0.8351610716234525
1,0.685428193912979
0,0.4416327864976821
0,0.48405867932120994
1,0.838562735551314
1,0.8706878477232863
0,0.4922026772141351
1,0.7988835285534379
0,0.5373922489994897
0,0.4064203861914331
0,0.3791824773188695
0,0.5685276072321794
0,0.23012564309238187
1,0.8979596900489937
0,0.47623888181442514
0,0.7832648228384396
0,0.6827109793506084
0,0.16967791964958204
0,0.36012046301459466
0,0.4011493797829391
0,0.056123156767073475
1,0.7902415084159892
1,0.4571253524810393
0,0.7923325880320258
0,0.13370884669710079
1,0.7654499565420899
1,0.7853867764818236
0,0.0766154585753248
0,0.5641952041192478
1,0.7413746229077635
1,0.33679624733130814
0,0.7815860503495639
0,0.6759691694644687
1,0.845312716906566
0,0.20650218230870876
0,0.6574372721850661
0,0.8427547517943366
0,0.7858125572489286
0,0.4088122676240238
0,0.2804650093591038
0,0.35026863745281744
0,0.7128634877960058
0,0.10344699050191244
0,0.15098970723864905
0,0.632246053922827
1,0.7934973633668623
0,0.3795424142187839
0,0.11542893784354911
0,0.0515647487802246
1,0.8738134749111977
0,0.31583083924120947
0,0.18817657112849295
1,0.8849605722965699
0,0.016281005248406196
1,0.25863214327598094
1,0.6619595234607213
0,0.9389230608305411
0,0.6303019857702238
1,0.8455854651074493
0,0.6278019070965868
0,0.5674399753343453
0,0.8166302306053214
0,0.3076952208498137
0,0.6888560047400398
0,0.4125650960033727
0,0.22656433038645749
0,0.40835724925804345
0,0.03519425905420334
1,0.805654324559293
1,0.6413954976417733
1,0.5126671648687205
0,0.04235783215318161
1,0.22619746217780157
0,0.19798216031061966
0,0.6680196194881864
0,0.29893835958780557
0,0.8702629816630977
1,0.5943349711402873
0,0.6066961802885971
0,0.033056946555681546
0,0.6687392476606132
0,0.2440419675617121
1,0.8135380348066009
0,0.47266591625215837
0,0.28312921451176953
0,0.7407573290493221
0,0.38429005535555355
0,0.5185255680375014
0,0.3076625543589747
1,0.9174097345074098
0,0.9021722925798471
0,0.8339907021185099
0,0.7437403863375389
0,0.10505884798875849
1,0.8538557185764593
0,0.46128386719488707
0,0.44880047280212504
1,0.6420717910573328
0,0.03858923302672014
0,0.5743176301808326
0,0.40511917483646565
0,0.40979809238477705
0,0.4086144175429134
0,0.8509007588831193
0,0.4110804027918754
0,0.121717719008963
1,0.7011213893440688
0,0.5774769196236856
1,0.48758292146129617
0,0.06921575881439461
0,0.6639458756220143
0,0.350002242225729
0,0.016564722742367834
0,0.45062436289538593
0,0.12870054302242875
0,0.7574807158529915
0,0.2468778333492708
0,0.05285117170525359
0,0.17382901050544422
0,0.5649045691291975
1,0.747443335638127
0,0.05299680829559054
1,0.9120153436945435
0,0.5013255573282765
0,0.7744648715508096
1,0.37332647374172795
0,0.6786628809556194
0,0.6294510860936251
1,0.6982055978600277
0,0.5789784471729537
0,0.8880641589659095
1,0.7979882844861684
0,0.3053653622151222
0,0.28296238839877713
0,0.020620986483853552
0,0.44191827821954105
0,0.21114099171350345
1,0.7832468272399962
0,0.7836439052262177
0,0.40934970653971875
0,0.8098777785477255
0,0.017353979348920422
1,0.674822914914971
1,0.40748842360789594
0,0.08043850670778946
0,0.20723601488573842
1,0.45320398259986605
0,0.14474645457466742
0,0.05518132338608034
0,0.07339626633650707
1,0.5464177785048507
0,0.03935872422422588
0,0.31477617710957834
0,0.20655180620168082
1,0.920593801950992
0,0.7750487679903583
1,0.5322137914143356
0,0.6568956313020622
0,0.043997581245502744
0,0.7695884351889782
1,0.7287690186520165
0,0.574543584521671
0,0.7463277690409299
0,0.6348513374263159
0,0.40115752885017214
0,0.3540763339591973
0,0.47610634173576705
1,0.6231103303879637
0,0.36788804765804434
0,0.4142105787449555
0,0.5913074310733581
0,0.08906412275274406
1,0.5975504892070815
0,0.6330847084659552
1,0.8857578770120914
1,0.21273264740687226
0,0.23825051063953573
0,0.017561236660993445
0,0.23871684774631968
0,0.3947581712757401
1,0.8289881945348881
1,0.5607440173100905
0,0.09355642924059548
0,0.3923059484219004
0,0.405895539317993
0,0.3853743393117011
1,0.6112330704702025
0,0.06118971707229199
0,0.6666161733367739
1,0.7970864603450397
0,0.07801969015485828
0,0.3929790363289036
0,0.2309392639582299
1,0.7719128528172944
0,0.11254927791125421
1,0.8737736785381499
1,0.8767377252051792
0,0.2700125075746236
1,0.9382968707232242
0,0.6213859908175169
0,0.7077010978666752
1,0.876496670353139
0,0.7555849458918616
0,0.02032874075015943
0,0.8384078266772012
0,0.12451857489806374
1,0.570591289208001
0,0.3727492454201729
1,0.611417962488446
0,0.47976978113278057
1,0.9194043420176977
0,0.04679093768448908
1,0.5822732973839837
0,0.837105353672837
0,0.5354841129773479
0,0.8420442614897031
0,0.02586135891875539
1,0.3310648694128717
0,0.01917826593155034
0,0.036578685700316735
0,0.2578636711993336
0,0.04358717887934223
0,0.7626034920957901
0,0.16258759152235266
1,0.5963649713994541
1,0.6071295887143774
0,0.16670425167519765
1,0.9068430497301715
1,0.876140953044984
0,0.07563503570207339
0,0.36513849856935826
0,0.0929053196618843
0,0.03979159962251924
1,0.8453581618754472
0,0.163543599027654
0,0.6365618077637306
0,0.37574766873018023
1,0.49924581252581274
0,0.819233226604237
0,0.6659979404032523
0,0.07696733974878237
0,0.33904094954412356
0,0.0724480376928443
0,0.020721668777979808
0,0.748994609716391
0,0.6336623767037378
0,0.6020521984696698
0,0.605808049163183
0,0.5469076795590883
1,0.9374718974579531
0,0.4095071474014522
0,0.38921322717712503
0,0.6462736083370969
1,0.05268190263255902
0,0.36872438153466147
0,0.5708310491984003
1,0.5814605011226018
0,0.22381484208423752
0,0.3300151245035368
0,0.45770139645113217
0,0.08213171701535765
0,0.24035466704191816
0,0.36735128977093795
0,0.09507749623702713
1,0.27679274498656775
0,0.41895605220893534
0,0.02809176941608338
0,0.5132636381294986
0,0.08484989302284267
0,0.4175352620378821
0,0.3490949415796339
1,0.6008345442771396
0,0.34300958112036983
1,0.21566863453933025
0,0.6068213720194953
0,0.19363130366530207
0,0.49711852658791306
0,0.775668597458781
1,0.06048743995015458
1,0.6911413526010759
1,0.6772856836896556
1,0.6100887039482756
1,0.35955899708992833
0,0.28052198584919524
0,0.06058990341775313
0,0.8306260050117077
0,0.4563743806267399
0,0.554558801605927
0,0.5705359515813536
1,0.7117525638644127
1,0.5296989502183576
0,0.1876077787198075
0,0.02708293534416821
1,0.6757545143673834
0,0.6346183731383284
0,0.22277876887827153
1,0.5886551864575411
0,0.3124745090956971
0,0.6190517368247057
1,0.765064480650193
0,0.5534279155076677
0,0.4782724999991685
0,0.5914630371261276
0,0.9123828562264438
0,0.6913581036392686
0,0.49037808673949057
0,0.7340112635737948
0,0.03878705426278663
1,0.24583652775640172
0,0.3017929695754386
0,0.08100639072654771
0,0.7713159979975102
0,0.5313578557316216
1,0.8150525051716436
1,0.5756236691905002
1,0.30443924848457354
0,0.24486835024127357
0,0.549074767902735
0,0.03514284563535791
0,0.03898436601997543
0,0.5914162537562181
0,0.2888489033749739
0,0.4291965198345974
0,0.33913936438892883
1,0.623293849334307
0,0.13712243399877327
1,0.6568442118771525
0,0.37785576911566404
0,0.5407857879317621
0,0.22561480774879772
0,0.24880267890915134
0,0.5913074310733581
0,0.789199926688416
0,0.6334232776137697
1,0.7455699974882949
0,0.7110129985096698
0,0.7134375152455871
0,0.08932277658655635
1,0.7141937563855226
1,0.8564037487947864
0,0.5246370828449439
0,0.9173930655516478
0,0.2517502686824877
1,0.3261453027129997
0,0.16240043396090265
1,0.16761664494875583
0,0.16519869855335992
1,0.748544529356186
1,0.4539001989916855
1,0.8954629039149612
0,0.032896296347316736
0,0.4603419560329812
0,0.8206994392053109
1,0.657110000532967
1,0.4964449923007329
0,0.6223594733657022
1,0.8810587796890977
1,0.7187284731019863
0,0.637677115230771
1,0.5926953624810608
0,0.6505349993486895
1,0.499096347613744
0,0.5865357553841988
0,0.7495862694982218
0,0.6715049451847651
0,0.4414081924552668
0,0.09541884008232984
0,0.055679446827809925
1,0.8936068564718858
0,0.5143642759626128
0,0.0892210142542555
0,0.577008640112485
0,0.14747414500867387
0,0.14852451838829445
1,0.699128334492062
0,0.40068006719985483
0,0.1123344407028131
0,0.06867778970411825
0,0.07477604692328169
1,0.5496345335358367
0,0.04049913243592905
1,0.49719246829409713
0,0.6122993557434215
0,0.048905189225991005
0,0.05846507001609343
0,0.347203252078258
1,0.2550674174284931
1,0.8535533047870782
0,0.5201517258948971
0,0.5021288192448978
1,0.7584505942285212
0,0.18858648871125303
0,0.07912121055587859
1,0.5635299383796268
1,0.7210304609434535
0,0.2026523848803736
0,0.8362096241873515
1,0.8311482356312766
0,0.6972110038062684
0,0.3664200545659699
0,0.053578522833338506
0,0.08093212496452802
0,0.037325150669303274
0,0.7951478488414369
0,0.05734788276243906
0,0.1399468720387451
1,0.35533104317904596
1,0.22958958658240833
1,0.6962644164843411
0,0.09610735327267414
1,0.9042672366624837
1,0.24489446674019028
0,0.873784892702055
1,0.40878667178258227
0,0.038809759124888175
0,0.4226731267362258
0,0.36498766440040725
0,0.9138035938649278
0,0.23428082455641164
0,0.5857465312797138
0,0.4139946506336473
0,0.8196207585554293
1,0.6934040696289662
1,0.46555253995509926
0,0.8172226043009778
0,0.6173468202371257
1,0.8760291851747386
0,0.229915773282416
0,0.4814800239235317
0,0.41139360449894025
1,0.629456594926921
0,0.5189120543769886
1,0.7153978761426975
1,0.8899281939839697
0,0.2866107789281232
0,0.518322157987947
1,0.6306368639388551
0,0.018607736896989253
0,0.3359915098366491
1,0.8354230222231069
0,0.4994856888934114
0,0.09185299099176583
0,0.20714707875929914
0,0.6666931222429742
0,0.20135883688537745
0,0.02438933331835844
0,0.6521278668758096
0,0.18921471883242416
1,0.6364211832768045
0,0.2549702732843617
0,0.03853853749369689
0,0.22188615789312685
0,0.20654487591372953
0,0.31558192400779056
0,0.6673016478430214
1,0.7057572051719185
0,0.8118995831678626
0,0.2304194858792544
0,0.6729041566227408
0,0.5060829639920714
0,0.10105362081370298
0,0.8511655270042682
0,0.580448367700519
1,0.3418848015476587
0,0.5190905822522228
0,0.04804797313917893
0,0.07008115988734903
0,0.1349261278069749
0,0.09012048925499312
0,0.04343528820402988
0,0.04911068400098148
0,0.18594085113570177
0,0.5946390264626332
0,0.06426110332301492
0,0.3603072583596969
0,0.06150730942169575
0,0.09428390148049105
0,0.04036361171048484
0,0.47479794848775775
0,0.09884915631164189
0,0.22532813532906748
0,0.784124539257086
0,0.49228473537459877
0,0.2478037706917057
0,0.2005847716284686
0,0.6835218761223452
0,0.8353781914496793
0,0.3864130337188161
0,0.6341161702751742
0,0.7205639587985132
0,0.6169326352064696
0,0.7786766767887219
0,0.637886057370098
1,0.8408704543943842
0,0.6312045682166749
0,0.3475463756596532
1,0.7045890944598475
0,0.17749303548233364
0,0.49582701748376706
1,0.6371855132384239
0,0.06062892201447222
0,0.0670928685129653
0,0.387637000423422
0,0.2555327621311678
0,0.18874432909897426
0,0.13458453135834036
1,0.8336535871501185
1,0.8321648938162098
1,0.8767683393728759
1,0.7968288352530417
1,0.8402590758616624
1,0.7477997701022517
0,0.7637374647957221
1,0.7448594780788985
0,0.2599185214805337
0,0.2889187711997789
0,0.20640383986681715
1,0.5787280976277089
1,0.5685989878101545
0,0.03768313671502631
0,0.6908511872639274
0,0.14138609731273147
0,0.07647320620105603
1,0.7397194501970104
0,0.19932134537435708
0,0.1552240404446866
0,0.505604904637355
0,0.7202963376610091
0,0.18577788260500408
1,0.3901400277146123
0,0.46599240216388377
1,0.8480866087432487
1,0.7557768673970332
0,0.38834785760377416
1,0.8774256084135651
1,0.7103249093208147
0,0.05938428428899044
0,0.27579354478244067
0,0.33874294860318754
0,0.7267274982047072
0,0.39191357578423985
0,0.13350540963188728
0,0.703752357980258
0,0.14074584760504866
1,0.7807068274354326
0,0.544354580794202
0,0.6665845873255447
1,0.8078661681246219
0,0.6042703478484094
0,0.25670488224679294
1,0.5228742611078099
1,0.4594861497970508
0,0.599485412313259
0,0.405143147123605
0,0.3644149632901822
0,0.6095426243473753
0,0.4458127453366667
0,0.09596194786653921
1,0.36377465256634234
0,0.06762756498615403
1,0.8382792724742684
0,0.542870982891517
0,0.33237663392639705
0,0.0928966671959103
0,0.6248312638794996
1,0.5148901345801201
0,0.9139499406258789
0,0.248833000413614
1,0.5413453748751419
0,0.3395677920585643
0,0.3796417842756092
0,0.6435899516728381
0,0.7301132385703971
0,0.05024792609276074
0,0.6776727784656431
0,0.7025373096829458
0,0.22250138819165982
1,0.7559377432852193
0,0.03355554997485237
0,0.09640482612530703
0,0.9031127407856951
0,0.26022680808861176
1,0.7695364136982433
0,0.0716078568620493
0,0.15208847422306992
0,0.03597536281440601
0,0.32128634970813613
0,0.40172852872723647
0,0.289599701554464
0,0.09362813223795406
1,0.8832027476854368
0,0.7616439114607517
0,0.80951791719211
0,0.45917098251215366
0,0.05515554822428231
0,0.5700130849846843
0,0.35281701534389637
1,0.7841623743522091
1,0.8411824589399357
0,0.6041341266344329
0,0.2611793293095153
0,0.2776817271048192
1,0.30473593461899307
0,0.6612983896394732
0,0.12043377772332155
1,0.7112372785047929
1,0.8459149967022371
0,0.3885068115021745
0,0.3156915011336976
0,0.3648053493897008
1,0.6549631536623929
0,0.4815996834082222
0,0.13028560092677058
0,0.5246272908919761
1,0.4902324158063813
0,0.11517118160326972
1,0.8800764014981962
0,0.5364330870057673
0,0.6752864843376687
1,0.909464312151577
0,0.39715043946975237
0,0.38455984811071037
0,0.5363070844233951
0,0.040559678488166044
1,0.8250832821439174
0,0.06116162966741624
0,0.19898412240647528
0,0.15327468330175606
0,0.17142070353745434
1,0.5464159123114184
0,0.37119582601889095
0,0.7453683868050103
0,0.46011507887182534
0,0.10409088656360442
1,0.4193397087687513
0,0.7696120327008632
1,0.5832930828418563
0,0.6060848490704667
0,0.03730613591600463
0,0.5254568209352092
1,0.5256536028988483
0,0.6218059306781377
0,0.2000734699881738
0,0.04057500173739332
0,0.2382362814676778
0,0.6564260654294013
0,0.0519348735427339
0,0.6204629261414838
0,0.09904854268450432
1,0.8074302105437784
0,0.37611540102206276
0,0.5105291401652549
1,0.9060229502699947
1,0.6505148350719901
1,0.8776322298048411
1,0.5303137512297253
0,0.09394478065883949
0,0.06181948097864185
0,0.24995062951430758
0,0.34980262492561065
1,0.6449920425056928
0,0.07549175693054208
1,0.6812028266073801
0,0.18388127168946147
0,0.7736659711313199
0,0.8371503923641843
0,0.3738326601312951
1,0.7463137847639952
0,0.18586970768083946
0,0.7663531456957337
0,0.2559021500518
0,0.8877390957896835
0,0.8547637283642149
0,0.15665937430331695
0,0.6515857021960563
0,0.4028225265926378
0,0.4664233136587671
1,0.8533704785606651
1,0.3455944824090086
0,0.08072586650071059
0,0.4482974820981497
0,0.4047057869773482
0,0.0214171310879335
1,0.7364617406516886
0,0.35389953057179707
0,0.841785582508572
0,0.8768905107694418
0,0.3559413538420863
0,0.05819834292376596
1,0.7969639583991096
0,0.5108032327300988
0,0.4833146667065838
0,0.1401939925873766
1,0.29857660945367154
0,0.262039216053389
1,0.585013596287847
0,0.13293764000867336
0,0.3095807189191371
0,0.3801099310196213
1,0.6454438109881128
0,0.31044756933283224
1,0.6519223470866516
0,0.21325502099903082
0,0.4320289363931226
0,0.18265215028396173
1,0.550291603194791
0,0.2753796177739767
0,0.23403278227483035
0,0.7938769141489919
0,0.36312272293079234
1,0.33853231478832607
0,0.7288243606154888
1,0.5528060120716907
1,0.3078469875743173
0,0.4520095387247726
0,0.7546092531674152
1,0.5613620474285181
1,0.14482433625057184
0,0.9242144278982196
0,0.6519420395739147
0,0.03530882261991459
0,0.14259640174931484
1,0.3732403096864217
0,0.6059190552460355
0,0.10908710240386468
0,0.07512346174970362
0,0.543159562872918
0,0.6247162614975603
0,0.7126342501613682
0,0.03124967015306468
0,0.12915948629543136
1,0.2710972536981938
1,0.6991866918730159
1,0.7614002206500489
0,0.40510485479518016
1,0.44597565849548443
0,0.12963821522138372
1,0.47621852578271784
0,0.12986898289760332
0,0.11727278346111342
0,0.21883724533352392
0,0.30542887502777427
1,0.7501337137160585
0,0.061879391951231696
1,0.3004266005079481
0,0.44705732944929427
0,0.6317675208767898
0,0.29704222035412
0,0.09780433081286313
0,0.59050616949964
0,0.4257626906387495
1,0.43096327780194194
0,0.8667162476861944
0,0.18802576052859082
0,0.12637215605446464
0,0.6229515633673337
1,0.46240950573624984
0,0.18698812203293214
0,0.5752218767590068
1,0.8956000042977234
0,0.6362245796216928
0,0.19683282805865424
0,0.7051158923164649
0,0.32532444775309155
0,0.14562062129720088
0,0.16105441828017847
1,0.8400567887015975
0,0.28517686628031125
0,0.5125272398899443
1,0.08870692673445066
1,0.9027432670579625
1,0.5423680916646537
0,0.18290840573210865
0,0.12741381957538497
0,0.2824883732083175
1,0.6066291078221094
0,0.3078890341309329
0,0.10776887503768377
1,0.5823215225738099
0,0.21979536995272667
0,0.4453732491645322
0,0.5239516184308252
0,0.028589637152522912
1,0.8571415890753977
0,0.16498145712975676
1,0.37852401458959956
1,0.880428966137809
0,0.02045258047962731
1,0.510214810146787
1,0.8406029942736646
0,0.19411992719047796
0,0.47062742924947276
0,0.12222895874360228
0,0.18315655269785927
0,0.5603418301164907
0,0.5942703392223131
0,0.7962179814295268
1,0.4074187784514465
0,0.16353581194178904
0,0.3119100326528527
0,0.6273672824606497
1,0.9173360838451773
0,0.23140522346729273
0,0.6855930563576875
0,0.817321540229002
1,0.8921700952683862
0,0.10751558961351491
0,0.12042350988462559
0,0.08702089087427886
0,0.07772174919375688
0,0.04337210139162741
0,0.05471525754879194
0,0.11356078661194724
0,0.5561176923379186
0,0.06558848720977001
0,0.17433510221246593
0,0.15024014299946467
0,0.6843985476318443
0,0.20561512085462558
0,0.22403973149969347
0,0.022566404134341803
1,0.6706828146011405
0,0.03227254209108693
1,0.7173820465260409
0,0.482314412760916
1,0.8320417651143367
0,0.5750349365238381
0,0.7856646278678467
0,0.03720496475915701
0,0.11375431858508762
0,0.22030362219593316
0,0.6261176018540129
1,0.8416919484458004
1,0.7599181539109583
0,0.11898780589575565
0,0.3998594366527177
1,0.8529882438848162
1,0.9196621317620848
1,0.8855860448393191
0,0.11028982945138091
1,0.526312999866344
0,0.5448404488955355
0,0.22598572170132863
0,0.34039846364934884
1,0.5570967068640303
0,0.058573979522846764
0,0.22633742247036331
0,0.11102007487572026
0,0.08840597085073124
1,0.8846117924933867
1,0.8352717168932576
0,0.0807083021603392
0,0.22842851913775258
1,0.820310359866333
1,0.09872144255283427
1,0.8789843660052832
0,0.0672792648091488
0,0.11435648359042178
1,0.4301109299646212
0,0.9075929255600265
0,0.6911945353220913
1,0.24704527969565088
0,0.5239710746328514
0,0.6858449698357011
0,0.4002575529779951
0,0.7386684019044758
0,0.07171155425254289
0,0.5259586536413912
0,0.5819111191640409
1,0.5083261524055955
0,0.2365020178971865
0,0.5255011743357254
0,0.7079722691104843
1,0.892124442838931
1,0.527016851637638
0,0.5882643789149871
0,0.0573394630706122
0,0.2822687495300902
1,0.8273415376064067
0,0.43868053869280543
0,0.7904518198107746
0,0.264529798690585
0,0.3303094995352003
0,0.06752887861061636
0,0.7595933493542596
0,0.0960468313205731
0,0.5917140992201252
1,0.8903629358431457
0,0.5885693639347477
0,0.5852691251179394
0,0.18249314985218462
0,0.39335886667569636
0,0.36522971143064653
0,0.06285864427477507
0,0.09803721772777395
1,0.6877703404506422
0,0.07704587145171247
0,0.023156255792326285
1,0.5394152988605027
0,0.018738244025043302
0,0.3920130289331935
1,0.8323184072428574
0,0.03417533809928971
0,0.4293987363790133
1,0.8798776132448446
0,0.08024330879457153
0,0.5217370009695089
0,0.17981586286945386
0,0.25936865722386676
0,0.19219873597286966
0,0.0686968168133381
0,0.46344471035604917
0,0.20110757181528705
0,0.08896328152312288
0,0.5527097061608299
0,0.3253595683689011
0,0.4131991425627464
0,0.7334284802688245
0,0.25455612383137965
0,0.614651451205076
1,0.10858285500019906
1,0.6523168707178786
0,0.5057496766765374
1,0.35443898807876395
0,0.20424295165098538
0,0.039430953518718004
0,0.06168249526762763
0,0.056727003621147444
0,0.07958993036424158
0,0.512567816159926
0,0.3860371950400138
1,0.7590829657830545
0,0.4336357982083923
0,0.14875925968381898
0,0.6341020798855163
0,0.2138652000206055
0,0.13241755006986292
0,0.02641659404209321
1,0.4315399144855797
1,0.4429141918479389
0,0.1061876011866965
0,0.020549111479005587
0,0.08314816232247586
0,0.15165698196972027
1,0.6978892329320341
0,0.6326714114766429
0,0.07024502357720769
1,0.26463731642001637
0,0.28298695166000876
1,0.8768035727885091
1,0.6874239781746398
1,0.860193569276036
0,0.03392800719509001
0,0.7990083354774438
0,0.051079615553675475
1,0.8156709601378742
0,0.23612285017560594
1,0.8923124416460827
0,0.6033264972120139
0,0.039936552651053815
0,0.40114416569830774
0,0.6528605467790412
0,0.7402799571980693
0,0.9203382857480976
0,0.4609616524368759
0,0.3734037618273011
1,0.6991023286441468
0,0.7870894999963722
1,0.45171909399058924
1,0.48236376360160416
0,0.42164112011715044
0,0.8925990451076542
1,0.6154323908244903
0,0.4188445772520371
0,0.262155392742047
0,0.03361499716338102
0,0.6455867113497368
0,0.046801091238229627
1,0.7976973588467585
1,0.889510335075549
1,0.3826113230873832
1,0.8423198554368109
0,0.5774014644187557
0,0.5648687306538928
0,0.5534671198741637
0,0.05638465827184901
0,0.30254241815197447
1,0.19836619835144625
0,0.5679196593168492
0,0.10176602974889626
0,0.640637505535826
0,0.6273175654747258
0,0.24517559387043228
0,0.15992239050031049
0,0.6898334476033807
0,0.7582099924550063
1,0.7974506483899458
0,0.04407157621384264
0,0.42308490808690047
0,0.30254241815197447
0,0.06626175751385821
1,0.5700566618873881
0,0.4516467095004239
0,0.07516830562462078
1,0.6472488695803063
0,0.06885435450999942
0,0.9327873209241039
0,0.247403989019778
0,0.03744344401197091
1,0.7933510205430578
1,0.7371536161233093
0,0.8542612629911847
1,0.4409911148730249
1,0.7544058932080916
0,0.7188905035425875
0,0.02342637187897211
0,0.04274824142371285
0,0.0986720958782129
1,0.5273987562419614
0,0.6243761385151135
0,0.11069854116767808
0,0.5182566466261855
1,0.727541938965206
1,0.4046064725503853
0,0.0378405870749039
1,0.8400451970898091
0,0.0340630880708042
0,0.5073816891553627
0,0.04469446566486884
1,0.39504504983607597
0,0.29947580480913377
0,0.020415980953358448
0,0.8805614984900582
1,0.5930542492227417
0,0.29162371932735065
0,0.467586770949181
0,0.03965154518521601
0,0.37698683400015004
0,0.5336118139043013
0,0.5871092983291917
0,0.03788575701332789
0,0.8932896960747797
0,0.053126076648986276
0,0.82699370366656
0,0.7124212670391149
1,0.8660114667711827
0,0.24572360148138653
0,0.044961483458281
0,0.25583546489091924
1,0.6440607788424891
1,0.7170341546086243
0,0.25750199091624715
0,0.3629614220209931
1,0.7696891253761015
0,0.29035590553497215
0,0.26666928723349925
0,0.60943246856213
0,0.06882743687503018
1,0.8855196343632393
0,0.21813241640682615
0,0.5664078523718389
0,0.029138817784107547
0,0.03369096421528781
1,0.9342829139784036
0,0.3433580075811531
0,0.25227549247014885
0,0.18942060613159625
0,0.17124964654493532
0,0.02084662739258573
0,0.7237711096919139
0,0.8920865460668465
0,0.07664342180180975
0,0.038001059128651656
0,0.3576189270020692
0,0.5982256539042929
0,0.7409594164409772
0,0.6425724749913756
0,0.4659291721726799
0,0.08354175384221957
0,0.48414153950159466
0,0.9029395512423481
0,0.08075429127900224
1,0.7258881069098533
0,0.5725096489299095
0,0.8394331648224507
0,0.7045283513140748
1,0.9059120030513041
0,0.36595154090589793
0,0.09355926991063075
0,0.11518332927122449
1,0.09136978278263282
1,0.7051861863384118
0,0.48059194489198404
1,0.7223431731009695
1,0.6646111012232465
1,0.9218635898127192
1,0.8103854419045381
0,0.07073375666557415
0,0.3706286811633723
0,0.6141150949455202
1,0.8288862356983945
0,0.3879719109122616
0,0.5006968734696593
0,0.5574582377599082
1,0.5482829526674599
1,0.8671262060201456
0,0.6807916480766222
0,0.16131173769432847
0,0.07452886165150063
0,0.05411978297200902
0,0.19324276541183977
1,0.7293389854150515
0,0.06650967583809747
0,0.15264400626656205
0,0.524176575055301
0,0.6242557260985931
1,0.7611114487460547
0,0.11442610286317981
0,0.04514986669753173
0,0.3803327888172814
0,0.35763532590385916
1,0.7838164396534321
0,0.02842997746926151
1,0.7608010370463637
0,0.735665904014661
0,0.7190481654416316
0,0.05543903676823317
1,0.9066701470303778
0,0.5193713111953999
0,0.30135522660419023
0,0.5734749617687771
0,0.5712321577441762
0,0.21755863148307278
0,0.5995836062142449
0,0.8440744232649886
1,0.19702977493036095
0,0.3117546269471627
0,0.5194623686356902
0,0.09123498856166323
0,0.7757223529911011
0,0.4652362836746631
0,0.16310117943028937
0,0.6804284849726612
0,0.339362505548279
0,0.5571308695562446
0,0.6483727211307636
1,0.9131867618481436
0,0.8264923153173069
0,0.43032299890209635
1,0.5351262316400858
1,0.6238585833148553
0,0.27513476620325655
1,0.6188193504614948
1,0.8949742849899354
0,0.6157319801438894
0,0.11128957879030689
0,0.40890530603486586
1,0.8512202912907233
1,0.34040370244061996
0,0.5174706123046343
0,0.7021183746114769
0,0.031444336467256175
0,0.18082620259085883
1,0.7688418012591418
0,0.12027110161668063
0,0.1341116433205029
0,0.6566644827928703
0,0.5482724464681433
1,0.83982437084867
1,0.19592769477567215
0,0.020563170330301365
0,0.7189908721442315
0,0.3735671181167999
0,0.017699538536532257
0,0.37318898707090276
0,0.803035290039869
0,0.6531756242658192
0,0.045353480729958644
0,0.13609294471938005
0,0.6277685917707294
1,0.49677093693428476
0,0.05999620856030005
1,0.47772526912981905
0,0.16155468422077257
1,0.5910768519309639
1,0.23171701012802748
1,0.6213658502714601
0,0.5202427129496217
0,0.49531710036348187
0,0.37574766873018023
0,0.6808637210603093
0,0.44291173149205787
1,0.7353491304540071
1,0.6950109026007025
1,0.8479527275785194
0,0.019603048875653294
0,0.5026564098601047
0,0.5604192078270552
0,0.8538688095897332
1,0.8483323245997522
0,0.9037262093990542
0,0.3971410831451348
1,0.8839989377361389
0,0.02550353714592669
0,0.8437862158133768
0,0.018041252528534987
1,0.7320076125409133
0,0.6944604233419126
1,0.752230556656165
0,0.05855598612128454
0,0.5679302736971722
0,0.1340150123494788
0,0.13581476730776923
0,0.07794899790257565
0,0.14989608249599598
0,0.4927706130880258
0,0.27838573886996804
1,0.6768791922729519
0,0.5636615300780113
0,0.12870490035532128
0,0.06112960578088275
0,0.3868099664333933
0,0.8069799025678648
0,0.020219145721122173
0,0.6698282002332524
1,0.8673919623027622
0,0.07886165737235508
1,0.8243795391516199
0,0.02310241949015839
0,0.4606066851895403
1,0.9158715832518983
0,0.13373321883188202
0,0.4633672865550684
0,0.386262497517163
1,0.6262087913659956
1,0.7371833876639908
1,0.37622622648261234
1,0.7701490102822006
0,0.08073602485434817
1,0.8655743671444878
0,0.07538562818054252
0,0.3429086817156328
1,0.5875191844606265
1,0.6528611773257841
0,0.08298077466860451
0,0.4486608599572709
1,0.8502227568024623
1,0.7980123449191221
0,0.02650406513252094
0,0.11035707854185176
0,0.753965979643652
1,0.7625213235115539
0,0.5285554193070314
0,0.4604761245015716
0,0.024051847619905475
0,0.2105245381252123
0,0.037779093361967435
1,0.7724201132441766
0,0.6437054108907285
0,0.8208504615776512
0,0.4455782647520235
0,0.1127899589599489
0,0.3092651129988824
0,0.8058571665701129
0,0.09348843209398673
1,0.7636098811374332
0,0.6178708701464964
0,0.7041203644934767
0,0.06017818594128425
1,0.04788692368215875
0,0.3045579090339394
0,0.3698019675939054
0,0.5685136353396807
0,0.4121522655337307
0,0.15514227950188797
0,0.5513976887122056
1,0.5918056677140308
0,0.5483711014921601
1,0.16687514689340352
0,0.2972116635122992
0,0.38698361127613534
0,0.8334129604468521
0,0.408593279476341
0,0.6121116447008551
1,0.8716266737724326
0,0.21081682397182283
1,0.8939332180999564
0,0.5977996055127475
0,0.5961966837389294
1,0.5079222481307344
0,0.366582613029991
0,0.539560113775165
0,0.6387718961209975
0,0.060622670828058715
0,0.07362387206977528
0,0.4738488994983512
0,0.16748187997487268
1,0.5197473082448648
1,0.885954039238393
0,0.15710636737431732
1,0.8098244559490619
0,0.3926019886106262
1,0.5848960429997331
0,0.052210159480330004
1,0.8232880234451523
0,0.2250157916712705
0,0.026582114828266175
0,0.023288236398802998
0,0.2608430700227062
1,0.8656678342284694
0,0.10057524947340073
0,0.5831577590188675
0,0.026943687457310544
1,0.8804768655706322
1,0.9308898519152806
1,0.8266391090254056
0,0.44558660174784015
0,0.8546365356431419
0,0.19578102622188356
1,0.8852521710678659
0,0.684491495866488
0,0.13413368546689763
0,0.10737513624200548
0,0.554869345223348
0,0.10679103313358754
0,0.058412151958630594
1,0.9227373828535106
1,0.8024303737858622
0,0.026332748069023984
0,0.044266350930359515
0,0.571103235576629
1,0.7355109945273635
0,0.130847544076283
1,0.8443575005058243
0,0.12090459860850387
0,0.23981873178176466
0,0.47293458247888015
0,0.013196924105688594
0,0.5839836434945482
0,0.0905439899089208
0,0.03159777273740258
0,0.677511720722101
0,0.07328145631357456
0,0.7901704434762963
0,0.21355602408162572
0,0.6610773433502123
0,0.07993258197224981
0,0.15517969132342718
0,0.17307670039797848
1,0.18571925099043762
1,0.3939769977260074
1,0.8667487973241217
0,0.18597794917537716
0,0.6523417222741432
0,0.6903870230356693
0,0.18341608058445805
1,0.0757629372034196
0,0.47089115586056157
1,0.9022280464960337
0,0.8628223780255065
1,0.5900536860787048
0,0.045322656936696334
0,0.2525808392656638
0,0.12625942840892154
0,0.05227468236398328
1,0.8579589386602433
0,0.05436300647620391
0,0.7272376872129105
0,0.3250323435473554
0,0.8425834051622989
1,0.6673108488494457
1,0.4153744884797691
0,0.6361353945772215
0,0.6993309207580449
0,0.10635500615508098
0,0.2716586198421222
0,0.16167583020707907
0,0.4448844539216429
0,0.6352838345663625
1,0.5785287980908412
1,0.34507140799019526
0,0.07457075863413083
0,0.45624458478291596
0,0.8860316030726676
0,0.8880659889641045
0,0.7805310156295336
0,0.227621932217211
0,0.12437378080363583
0,0.556530928031786
0,0.2440203076753936
1,0.3408472981793974
0,0.3574284424159496
1,0.4751699839084368
0,0.3871167656864798
0,0.8570446054287351
0,0.2737954937980035
0,0.5698582785365222
1,0.3230261746229333
0,0.5787221247117091
0,0.03501902230037839
0,0.05549408735799192
0,0.2730415912108995
0,0.3512188275196263
1,0.8658734796897124
0,0.9122500516050477
0,0.8932965657574262
1,0.5599512562971294
0,0.12851206742751423
0,0.11781311335146528
0,0.7284635856968773
0,0.21570674257622158
1,0.4720545744038635
0,0.36071986338223805
0,0.523514668988685
0,0.7149057119214038
0,0.06068973147821729
0,0.06086278531393044
1,0.6233988721070516
0,0.06316223210902482
1,0.6447012279820211
1,0.6999675670075197
0,0.5190414949249573
0,0.5459615970239398
0,0.4276596889354159
1,0.44839279511900854
0,0.511432948015003
0,0.11064466136747458
0,0.4339780644898345
0,0.224629648932087
0,0.06890423438803492
0,0.41279781586631503
0,0.5520189922212214
0,0.05861265808731809
1,0.6342401430936168
0,0.2723227338122054
0,0.25707938879907466
0,0.4619822656909994
0,0.7043100377826026
0,0.372587420031799
1,0.7140504272441469
1,0.20108925586981782
0,0.5740136064652422
0,0.06387547359789585
1,0.5635299383796268
0,0.25003360915468964
1,0.8751203295043314
1,0.6199151539464413
0,0.22129689457389898
0,0.8380429583879987
0,0.7404356995568268
0,0.03872364186520587
1,0.7391643160222218
1,0.8461586429608637
0,0.20490354202209188
1,0.8870618927898392
0,0.36393656111468803
0,0.3185533978171307
0,0.03452388668952882
0,0.25120096541936143
1,0.6928123155127649
0,0.6617630813934089
1,0.6972740057077793
0,0.21048734869620433
0,0.5144819374572485
0,0.23942730939949744
1,0.4257526139184305
0,0.20023141188645655
0,0.06318256613676344
0,0.32485694761836814
1,0.8741573019005752
1,0.6592151047723638
0,0.16835595905826128
0,0.22019423612735456
0,0.06628147352620609
1,0.16548853514871623
0,0.2447338349996912
0,0.38445307857686606
1,0.8707191165319172
0,0.12258018766587515
0,0.5178936085225604
0,0.05582771434697015
0,0.5083360968686369
1,0.5128107148362521
0,0.3807078766438056
0,0.2566622968822198
1,0.9006085324186941
1,0.6106788716195573
0,0.03772571562811416
0,0.06964401662532951
1,0.7033524315800569
1,0.8922373172637287
0,0.4665602923609855
1,0.8806502273725831
0,0.9307332626090272
0,0.5176802236124018
1,0.7428964763147622
0,0.4502520315324132
0,0.5189120543769886
1,0.7712102796240694
1,0.7324502579614574
1,0.33239701827118817
1,0.47208258651992197
0,0.09270610908764378
0,0.5282204031184116
0,0.14716811407098238
0,0.46846551551316296
1,0.36101300636959305
0,0.42921057585292577
1,0.39437715325523615
0,0.5378543682403408
0,0.47642300436768115
0,0.58073333705016
1,0.3936701442103404
0,0.5024246446445385
0,0.07437724236258961
1,0.805907404479731
0,0.04998703454982737
0,0.332165660576302
0,0.6661125311620458
0,0.29507041470197265
1,0.8278067797624744
0,0.4395401133109425
0,0.40136376733079715
1,0.627393606819687
0,0.043783347969767
0,0.262039216053389
0,0.22740847203756262
0,0.06469542669644854
0,0.6337729157092425
0,0.0565678164445395
0,0.15709012586321588
0,0.05744819513898039
0,0.10205088127872981
0,0.5541273484669152
0,0.5626335218649033
0,0.429774331441149
0,0.29224136649715493
0,0.8061134336169805
1,0.5043467972602528
1,0.5258746402845842
0,0.4249359792079657
0,0.38380916516441405
1,0.8456600161673357
0,0.642961750442947
0,0.20960418591949803
0,0.10067204729912518
0,0.4271172847093375
1,0.5561165619040568
0,0.08986326616424752
1,0.7002056348847032
0,0.33465348387504723
1,0.7467199433013116
0,0.5913789236296076
0,0.1746709245137036
1,0.8212880679547893
1,0.29702909381660547
1,0.5888933995248694
1,0.6415100784091107
0,0.40705674127362984
0,0.6736067784687432
0,0.02566499184401126
0,0.05757873681027531
0,0.35651989587706884
0,0.10755093686018746
0,0.14119806938143076
0,0.25376327007675475
1,0.3220120284461175
1,0.7173175162852296
0,0.5372311292321449
0,0.06417809175036746
0,0.6844664315284967
1,0.5322928467052005
0,0.24097694879647422
0,0.07711759287320112
0,0.24679182633528934
0,0.7549830758326385
0,0.761915543089935
0,0.16422583222410997
1,0.6275194877912033
0,0.3823728158091616
0,0.10236583565750185
0,0.5590687383323286
1,0.7013819876238292
1,0.7898671485468267
0,0.8938544613466517
0,0.160687694609201
1,0.4785634821147245
0,0.4433273342692481
0,0.18495395085639782
1,0.7185670884772445
0,0.39299415064471616
1,0.4808609466841355
0,0.7257325135200449
1,0.44654504100193554
0,0.503256811734069
0,0.22379066862200583
0,0.08335517916277749
1,0.8658584664528837
1,0.7032523781009729
0,0.3444300458243385
0,0.04161099707403217
1,0.6087807947304537
1,0.49352473166069066
0,0.46828144466367205
1,0.4064107882146208
0,0.6953417124437963
1,0.8964446502898334
1,0.6326520823009284
0,0.4472233897792411
0,0.06281555209348505
0,0.7802961354950825
0,0.06285331115331265
1,0.8484366862706608
0,0.40694205164018965
0,0.03681730552945646
0,0.09928355216946068
0,0.5799739146053826
1,0.8613255085695947
1,0.8442631111416721
0,0.5694685494323767
0,0.7595847324143099
1,0.5804980857100921
0,0.026133420363850222
0,0.6895706520298531
0,0.18323151660725792
0,0.729875692169403
1,0.5970196599590527
0,0.03237812627165525
0,0.6892220853304794
1,0.6109618119031505
0,0.09799699477707195
1,0.8788314121668294
0,0.038236239182910414
0,0.7641157007681907
0,0.09733377968815435
0,0.1684991926354468
1,0.8269504306115215
1,0.8845555243520581
0,0.06897654351170683
1,0.8701219709426423
0,0.3482857484855322
0,0.7193810034208888
1,0.5478886868910795
0,0.430797642631024
0,0.463320072378227
1,0.880698762877572
0,0.6118394704573688
0,0.07664422116078837
1,0.6658489721310251
1,0.8833165588487137
1,0.7428323814235462
0,0.35537814402857526
1,0.7215601608689883
0,0.19328927785885608
0,0.13437289681909306
0,0.03947797123610135
0,0.03802424173433917
1,0.8265947342838413
1,0.7359982199517744
0,0.6610510862696635
0,0.21667709805376412
0,0.10969754417527273
0,0.5939013099927652
1,0.503405541967334
1,0.8186703820242534
0,0.21417609502415913
0,0.6537034525337966
0,0.05384066636409134
0,0.10277619610594659
0,0.8868225726129416
0,0.1769096792829912
0,0.863199724064764
0,0.04712126431770332
0,0.5147463503239689
1,0.4881169539399049
1,0.8744176696324272
0,0.0665487530507106
1,0.47021959807328784
1,0.8439430655522351
0,0.06930168887439025
1,0.8599148129892462
0,0.6805519491698347
1,0.8885273845242423
0,0.367082582029947
1,0.9310980427193448
0,0.5727744645738704
1,0.5818597258918391
0,0.11941040896748895
1,0.7932486890617559
1,0.8917097306934577
0,0.5123129137914584
1,0.8825214090782965
0,0.3359158225695857
0,0.06113386559485333
0,0.47083429711879515
0,0.4902324158063813
1,0.7383306286902576
1,0.41365450566040535
0,0.740878425011085
1,0.8147266674379824
1,0.6506229944475885
1,0.6899041129250718
0,0.21205091125296
0,0.8581679017982952
0,0.35852343506721174
0,0.7053736559527328
0,0.08313224932358426
0,0.7183118393390299
1,0.3396846495443508
1,0.729603745206203
1,0.43060990265506927
0,0.5863764295400351
1,0.7446375398156612
1,0.8611813643235645
0,0.08536129698729097
0,0.534132286271308
1,0.7520481160906848
0,0.470891245256007
0,0.18922538582765328
0,0.6987082765634604
1,0.9062251284734291
1,0.868939935707021
0,0.21771459496260365
1,0.5289273310465896
0,0.8878742199635745
0,0.5920814347648548
0,0.08549971385983204
0,0.184246731395045
1,0.82213249071679
0,0.23020704994012942
0,0.1054565757791312
0,0.6559615155265999
0,0.08001677777722578
0,0.3617133880605333
1,0.679248830980335
1,0.8046979700228184
0,0.08386783506717585
0,0.6770064740000048
0,0.11663202681487932
0,0.6206197970881985
1,0.7042759483197307
0,0.2646792492297256
0,0.4609113443879508
0,0.40951739311058766
0,0.04838874624302642
0,0.4167724750230768
0,0.22552721992492614
1,0.35616779823607614
1,0.5851627903161604
0,0.7057532650372063
0,0.45829367065390014
0,0.06382961740688911
0,0.17142070353745434
1,0.890309019807062
0,0.8706687715682939
0,0.4361539099602838
1,0.7681864171934504
1,0.7033017890658128
0,0.29351622252426557
0,0.5334593124431225
0,0.45847887258132963
0,0.8467660646497608
0,0.24040179615736496
1,0.6719338905603367
0,0.7253352266693323
0,0.022232991488416454
1,0.49341500547451805
1,0.7392319951096368
0,0.4701141381411625
1,0.5871802261202861
0,0.45327924671189024
0,0.47252777465493273
1,0.8444907783502957
0,0.7964909708645764
0,0.11475443657798698
1,0.40752929728117976
1,0.763318341873891
1,0.7767250408125431
0,0.7583156425796737
1,0.8214664008445292
1,0.724270417681312
0,0.04819514753051891
0,0.703910372969147
1,0.3494496070428998
0,0.6485435635141018
1,0.20345791845337785
0,0.07917753775599169
0,0.10399938132661705
0,0.203279072489102
0,0.35127526575255524
0,0.1798966955660461
1,0.780424530932068
0,0.4354135522648077
0,0.5234821355077574
1,0.7029233606245161
1,0.7097954350232529
0,0.06678424627482663
1,0.631775938097037
0,0.6408023371231444
1,0.8703885731820495
0,0.4502808314006974
0,0.19557380421825055
0,0.5115748951055556
1,0.6710911352404516
0,0.8155384878667116
1,0.8290373855396528
0,0.038909140033826776
0,0.496533563314627
1,0.548170425320434
0,0.3683536348392436
1,0.6519000515836139
0,0.2057297100080851
0,0.28218353931987755
0,0.18290294938494694
0,0.20110345150625164
0,0.41400585785258437
1,0.603544975361945
0,0.2988893927604736
1,0.43894501673379627
0,0.6800693451198456
1,0.6872396208762415
1,0.7159618605020407
0,0.19342657738566138
0,0.4147605751047351
0,0.8588931371688467
0,0.33035607234958064
0,0.5630534858764209
0,0.19305826212616578
1,0.7834817478232896
1,0.9156415729826928
0,0.05738576068508418
1,0.5080866976342829
0,0.17653006331450846
0,0.21926408801803482
1,0.4830715210152717
0,0.6830952068858969
0,0.6601303473669964
0,0.545444680408244
0,0.10354174133042109
0,0.7314055881487006
0,0.2027085308959213
1,0.5510927344080718
1,0.6581616239353427
0,0.07817987603565255
0,0.6088681071228665
1,0.430451094999846
0,0.5733187444215865
0,0.667553545576221
1,0.5925856580194799
0,0.6438853262307384
0,0.20957548144574897
0,0.721493894365848
1,0.6515312475859625
1,0.41909871908506713
0,0.36456420806669904
0,0.3643814255627591
1,0.45547554195639095
1,0.8099404706864124
0,0.9059512413211482
0,0.551911272658266
0,0.5850641429450126
0,0.0567428563691296
1,0.9126164286862232
1,0.17786862633101544
0,0.49721743475234637
1,0.4773987532373208
0,0.46729398371707237
0,0.3538478423100244
1,0.5032591801989792
0,0.02284907608024224
0,0.08787910653904049
0,0.20271228445363954
0,0.8536671322197321
0,0.0827746159239205
0,0.12806569381210425
0,0.02266503859458695
1,0.8221581917430314
0,0.1524628415151267
1,0.451352733141679
0,0.055854069196364195
1,0.9482933052758786
1,0.6897033381619253
0,0.05300351678336683
0,0.03672751366800837
0,0.6446863115625578
0,0.34081978387148226
0,0.1678309675417384
0,0.09419518869626632
1,0.5810015296882561
0,0.2177139008822994
0,0.1184807592257526
0,0.17691688643302875
1,0.5822814945157158
0,0.30631131964661784
0,0.25404135075258455
0,0.5065444874933076
1,0.6082256333709147
0,0.5960749582583266
0,0.10707202089935179
0,0.3532742669854648
1,0.35880767021630616
0,0.45486681683505076
1,0.5203531593302156
0,0.2645064102421279
1,0.43494918255437126
0,0.04686733250810232
0,0.6490046529047895
0,0.6505557870816161
0,0.5287388371246093
1,0.7366552069141812
0,0.5125727678658671
0,0.08286391724764687
0,0.5037752672256965
1,0.8947814986259245
0,0.41664139363400715
0,0.2600404730878921
1,0.67881467060341
1,0.7331991719424028
0,0.7858371435055795
0,0.804823046774894
1,0.5203638122335217
0,0.30831466108771344
0,0.6243972858582507
1,0.8862011288463819
0,0.11393342710807457
0,0.31739350350570855
0,0.8856047809759441
0,0.04211219480839059
0,0.1480118877587587
0,0.5446629808540421
1,0.8648591952236043
0,0.3034265113621168
0,0.42461984934095975
0,0.49780000559587245
0,0.4015621211739697
0,0.11767283454800515
0,0.37677206238559136
0,0.05431590120057848
0,0.49187045525005363
0,0.5498876976867715
0,0.12794079268296601
0,0.056153975676472526
0,0.6602821278114381
0,0.5284918094177311
0,0.0345454450006413
0,0.7854163714814041
0,0.8533659373662635
0,0.5208523134319581
1,0.7773169944705959
0,0.4218502437776673
0,0.516330065556561
0,0.024832728952426397
1,0.8872703785662351
1,0.31701867893918706
0,0.8330899866653567
1,0.2587099320535312
1,0.6637268162493681
1,0.2921382465281125
0,0.5911673770501584
0,0.037661153887380006
0,0.6962018993229044
0,0.20714582884987953
1,0.569966877711447
0,0.43081807231764296
0,0.2193183589795553
0,0.07264067697461103
0,0.14724023247470036
0,0.19515301428485618
0,0.6734727883627338
1,0.864215939603326
0,0.799352742141362
0,0.2614611617774495
0,0.6172830003231831
1,0.8026722992819976
0,0.4688717959506492
0,0.2538212457629018
0,0.9266639595822296
0,0.45690392465173724
0,0.22693597105865126
0,0.482062383971818
0,0.5944129228139442
0,0.08541458927618982
1,0.5225138190615903
0,0.5088017397531713
0,0.030357878887142326
0,0.035906690946070824
0,0.5945493952329725
0,0.10876224925601426
0,0.10431605594443512
0,0.49380310134761146
0,0.643298590165501
0,0.5362216094739196
1,0.522505970843592
0,0.27871174562907025
1,0.805919893460602
0,0.0806956135337465
0,0.552792371345177
0,0.21076700486958874
0,0.06705474760285499
0,0.06633076312857901
0,0.4530901728582223
1,0.5123478061534424
0,0.07497556327967414
0,0.5538888374744968
0,0.02855495051393127
0,0.11780639631104826
0,0.14693660869746697
0,0.06273291048540396
1,0.7860499635573247
0,0.8773702236038736
1,0.8058774901362556
0,0.20805561440541062
0,0.333770489812672
1,0.5206574016184254
0,0.3513550039481869
1,0.6170879850395385
0,0.45018074473368747
0,0.4197472572738313
0,0.1253285707262848
0,0.39368693469908356
0,0.027584779840952537
0,0.5525329003184398
0,0.10589063762371025
0,0.8478540280454303
0,0.05892659635774555
0,0.10372469539632999
0,0.8144909569090993
0,0.4788900648684852
0,0.46892346550800595
0,0.11526645200317805
1,0.8120869247900645
1,0.5838891311312566
0,0.03857828701071644
0,0.661559818237366
0,0.05491864531431142
0,0.3231573487997564
0,0.5584614479402874
0,0.04406252842246417
0,0.5781528189363937
0,0.8669105809983696
0,0.3320739008831618
0,0.530506897355984
0,0.07448383741224257
1,0.7837268847635048
0,0.1274119079305168
0,0.38634720711344395
0,0.6161027378562033
0,0.08713458991751381
0,0.5802535927158464
0,0.7242584619240968
0,0.09031932654476044
1,0.9353504635436187
1,0.6307102188067725
0,0.36786130799104333
0,0.10084765122416024
0,0.04880686532575761
0,0.2388409476909002
0,0.0798198572265752
0,0.5001857257283847
0,0.5242535353914506
0,0.04893185533163293
0,0.04250880741217994
0,0.5448281535976829
0,0.5903615849718585
1,0.7596110899474502
0,0.10802721129311949
0,0.1519824692081538
0,0.06024853631260244
1,0.8094381591503301
0,0.366403481897916
1,0.8169782569605788
0,0.1036090090875854
0,0.33325800858445165
1,0.8117813355644042
0,0.4147527262650282
0,0.28940395920045114
0,0.6770059476363183
0,0.8364559086005601
0,0.5119333422308022
0,0.7413646959978076
1,0.6053691514109403
1,0.827007063308074
1,0.6211091546105835
0,0.2947876728550277
0,0.04716974315097547
0,0.01562007989047383
0,0.20016740952935835
0,0.08394150091409827
0,0.2670996552793894
0,0.015728881967468415
0,0.4386012569992799
1,0.8247111637308017
0,0.08558060849377026
0,0.47885563981689666
0,0.5128626805533528
0,0.3297659795478846
0,0.6783033516178114
1,0.8026525704032083
0,0.6735321840253059
0,0.5885892778259141
0,0.6207763323412936
0,0.5049154442826124
0,0.09635232768996363
0,0.6139265235892566
1,0.5661756913082833
1,0.7579297104881758
0,0.015685353474507443
1,0.6749471759624482
0,0.44737890333509045
1,0.5805865568235061
1,0.8276236826822533
1,0.9275963670942013
0,0.1378349080580583
0,0.38641856312019884
1,0.7201776695234353
0,0.04206375330440645
0,0.3937287627412336
0,0.12417905876625138
1,0.40408701188514323
0,0.49814527170752226
1,0.8035739699672739
0,0.017442086979673175
0,0.21110612508541932
0,0.3984890785442935
0,0.7889238628814321
1,0.48937427399807976
0,0.5298669394583131
1,0.6680518847606313
1,0.08397879907515765
0,0.4576826201748094
0,0.17634627183303414
0,0.22176298565717237
1,0.7856727334190096
0,0.5209170733430968
1,0.6843059561053203
0,0.618768639110882
1,0.639915314227274
0,0.5019878088047202
0,0.7058111052414824
0,0.5242889851524188
1,0.7670502454977548
0,0.14987053899861688
0,0.19333375073826697
0,0.04676723174683167
0,0.40149488842346376
0,0.6443728935838051
1,0.5657406702831643
1,0.6874274590125438
1,0.8107779355546824
0,0.9111516999672633
0,0.810669406421238
0,0.7083231511816822
0,0.6587058573256382
0,0.0786392005120201
0,0.16297677068518074
1,0.45666473783928274
0,0.6288728023470279
0,0.18323603129990557
0,0.048919189160036826
1,0.7346539038904623
1,0.7610101065341184
0,0.09322356160231907
1,0.6157805802382516
0,0.11971879431219087
1,0.9262200222826467
1,0.4673640539614325
1,0.7908997990379824
0,0.37646501555230044
0,0.06312536071325596
0,0.7348498169358387
0,0.11398638007062399
1,0.6674293018763923
0,0.05671502640087384
1,0.5422342304082273
0,0.3383089614281803
0,0.4192624407626887
0,0.12092209520179391
0,0.8081252691262619
1,0.8205287861021637
0,0.10016244872133627
1,0.8935939803230682
0,0.8333324697511856
0,0.5514702728512032
0,0.17790442794184194
0,0.2562501203038839
0,0.06757234735936395
0,0.4896998240627765
0,0.8218639958203838
0,0.8865392641384378
1,0.6662606637489501
0,0.04463331692258385
1,0.1351857978057623
0,0.055149106646588515
0,0.3593626755760223
0,0.49659178012517663
0,0.4804134306724924
0,0.3524423300420251
0,0.30905896449076325
0,0.017039263063699423
0,0.05314142619699421
0,0.7429950639513832
1,0.6000638343537573
0,0.5808026177234336
0,0.4977841694406112
1,0.8166101984173146
0,0.3142276680072722
1,0.851684277841803
0,0.09570669872050752
0,0.28428323113664333
1,0.9085599900122823
1,0.5057201135698048
0,0.4340659995068131
0,0.2786554623189306
0,0.024781178563748802
0,0.29366759416205485
1,0.43660539946138777
1,0.5685192860046518
1,0.712430170731193
1,0.9294474018766095
0,0.17280719939162822
1,0.7245528648143424
0,0.0822184791786374
0,0.29025278357432194
1,0.7755275496998069
0,0.5115373599621791
1,0.33647137085997053
0,0.3920270678941583
1,0.6283855706063117
0,0.07874542831784902
0,0.5560873950860823
0,0.02127765611739437
0,0.1380680760719549
0,0.1295406930114633
1,0.46321604599640565
0,0.5477861777762496
0,0.6122672917762513
0,0.8169244046787583
0,0.2147056493097213
0,0.03453870961897048
1,0.5750980474740585
1,0.6165935501378029
1,0.5448816987038858
0,0.6190614478072346
0,0.13128708077357645
0,0.04774034487649557
0,0.2617496765505021
0,0.7450216779933654
1,0.22885143561943233
1,0.8678640917461223
1,0.7827425433449186
1,0.4090891956375082
0,0.02068397785069464
0,0.8260305428725928
0,0.04640092131452457
0,0.10033974605263776
1,0.7159600677438843
1,0.6568234800596238
0,0.016902576084230167
1,0.2369572932584409
1,0.6455384164914519
0,0.7163862375046673
0,0.3565859058135145
1,0.812981491341902
0,0.021177497321895694
1,0.7731313150459072
0,0.6504291382173961
0,0.11353485082298645
0,0.6041189984272353
1,0.837933908470398
0,0.12252017443604431
0,0.1698190441307046
0,0.19629335329696318
0,0.22185777530444598
1,0.663345484557358
1,0.6721056975660058
0,0.43749087268312675
0,0.6079751178649011
1,0.6891457781247681
0,0.516001920377089
1,0.7498678128537503
0,0.045193698944936855
0,0.4612404866465609
1,0.7842686949701427
0,0.20924001301705444
0,0.20742106465579546
0,0.12107175249314628
1,0.8372531914991471
0,0.6580749173348572
1,0.6811398840364005
0,0.08938514630394535
0,0.054982903120409946
0,0.207588569995447
0,0.15149874802302332
1,0.674484503534486
0,0.6590121243350507
0,0.6263516183776455
0,0.38690198308746215
1,0.5902546034824505
0,0.24242889017269997
0,0.21310234869589248
0,0.530792773521588
0,0.031169363361090333
0,0.40584690605223944
1,0.6182890337300182
0,0.12074435239535639
0,0.4331842967259512
0,0.01911509089191545
0,0.4979002409757449
0,0.5059666398522613
0,0.03328164366256727
0,0.05528338447411028
0,0.02159545881599425
0,0.6297783173767054
0,0.44521210688297075
0,0.2933609710025456
0,0.1047712302355537
1,0.7885393121745958
0,0.14520967006976243
1,0.10934315099665914
1,0.7592389229097707
1,0.5979014112906725
1,0.7438468356274991
1,0.19230861971520294
0,0.4011493797829391
1,0.675395843010344
1,0.7083519108564555
0,0.6357071271283974
0,0.08368600810332087
0,0.6252870711720225
1,0.4708937788713575
0,0.8481063898173394
0,0.5590759433337263
0,0.3532853055634071
0,0.8909575036644037
0,0.6746410547711413
1,0.8738826009180392
0,0.3304601994256161
0,0.574167241642836
0,0.7612798576999246
0,0.14903683799240314
0,0.682295788592167
0,0.8154115358122406
0,0.34683711954545954
0,0.21370245200653035
0,0.8132875177924654
1,0.8336213390840839
0,0.6232226421889232
0,0.2707343257167572
0,0.03115616474833724
0,0.1067958330926951
0,0.1212079514300153
1,0.5243562320355264
0,0.7230643342514008
0,0.6340517264678379
0,0.4103937300444391
0,0.40393538140519747
0,0.0461529306339475
0,0.059263772950149486
0,0.4386699776800407
0,0.043920353720642555
1,0.7272960139017546
0,0.547964707458889
1,0.6932553909282135
0,0.07096486960118936
0,0.15703909279854442
1,0.6697039116084872
1,0.13269367338955793
0,0.6082272281168782
0,0.4571445896882095
1,0.5990743702389114
0,0.06879939334268187
1,0.23162346064270728
0,0.22481352682930103
0,0.39465265701663954
0,0.7775571124713535
0,0.444060730139741
0,0.03595074647874116
0,0.02806587633002753
1,0.9060850963700433
0,0.1484365779722101
0,0.07701449444410159
1,0.6894273194837421
0,0.16951267661547012
0,0.14875876218255418
0,0.22917765830432033
0,0.03559051135700425
0,0.5293039263580595
0,0.7800430094213254
0,0.3452646009510649
1,0.6877948328556094
0,0.5410896921056998
0,0.5738193118944811
1,0.7339984904577155
1,0.5600230285328436
0,0.037204588485862
1,0.8064621905696098
0,0.35099185415963935
1,0.6865179349678366
1,0.5635707063660949
0,0.5619441071301148
1,0.885525850315419
0,0.7170548105047155
0,0.11501435342316697
0,0.6930613736380555
0,0.5271116124436883
1,0.23582893570667596
0,0.11904394821429905
0,0.6948465979341393
1,0.5110499392180866
0,0.5018697093915429
0,0.1687103877306962
1,0.5547874955575448
0,0.03414582124820946
0,0.740537058876857
1,0.8004074664695735
0,0.1701664076329423
1,0.6712961862011886
0,0.07548026293830677
1,0.8017386484283476
0,0.19456789886856407
0,0.10353545188883637
0,0.3845047564082357
0,0.20333232627839776
0,0.5971223270201242
1,0.8138970417160939
0,0.07565419491719746
0,0.5715567951601562
1,0.8684208151088412
0,0.22426718592100092
0,0.8408794217203439
0,0.09973309765451245
0,0.24327111810132096
1,0.5186982423763487
0,0.1418521287086687
1,0.3824648202114695
0,0.03326398017870894
0,0.05411218347939534
0,0.12280213966886978
0,0.09325890564820505
1,0.7905076353850868
1,0.8579517096999415
0,0.18008014510619885
0,0.06685345486921
1,0.4754973049616026
1,0.7599468558025975
0,0.7133423462519753
0,0.15821952411190315
0,0.5517371666671792
0,0.43210694282946
0,0.5057984453396495
0,0.0552792194257883
1,0.646715018782732
0,0.576734511340849
0,0.1688275136989447
1,0.8196207585554293
0,0.15912057986620226
0,0.5303899063382437
0,0.18921471883242416
1,0.7800219046496999
1,0.4178139620738246
0,0.15854858284121598
0,0.19898264395357962
0,0.5891766099878926
1,0.49180439599093956
0,0.033258109218776165
0,0.10162627075680317
0,0.05063544536780912
0,0.3076625543589747
0,0.04471728309258072
1,0.7736462916911712
0,0.4723390972676098
0,0.07291862195147297
1,0.8956987943823161
0,0.3105982254268276
0,0.18558951537762255
0,0.015635734728021683
0,0.668107323863716
0,0.5808249897745082
0,0.6059147915718492
1,0.860619171649793
1,0.8256805935149817
0,0.19208870585254081
1,0.7665896914127702
1,0.3112699928932577
1,0.7120368225189891
0,0.7922242119395781
0,0.19652945366692182
0,0.041596422509156
0,0.36693540724207396
0,0.09295940577346393
0,0.27804112764466954
0,0.5692365071817053
0,0.7799614407188755
0,0.7442330503463653
0,0.47946097046224834
1,0.6955778849990832
0,0.11530024334360256
0,0.3248601792769623
0,0.24237589022880807
0,0.4432738177828164
0,0.03642709567835928
0,0.05788937498903098
1,0.610405101301862
0,0.5299988164111944
1,0.3142411035190129
0,0.03856252806817561
1,0.8982992146805043
0,0.2215637461233707
1,0.6176542384361777
1,0.7245414236961292
0,0.4886614152114858
0,0.018653714611474654
1,0.8172736086992873
1,0.6397250648272629
0,0.14560167424363737
0,0.7513645865069044
1,0.49619114316751367
1,0.9104724570726317
0,0.03661743509075548
1,0.6449243937579687
0,0.14300646881131715
0,0.5033542590153443
1,0.809570886631679
0,0.2708864853256965
0,0.1007904071198431
0,0.10139683523917042
1,0.4169588870143801
0,0.7831805397611611
1,0.3737565685049682
0,0.2950360939741299
0,0.20598038152698409
0,0.07527514935404366
0,0.15393477200400138
0,0.44435299069691986
0,0.06717196530705524
0,0.6692270365103705
0,0.2856807576421367
0,0.7624773267779793
0,0.1770698820208261
0,0.8243795391516199
0,0.4108602657573184
1,0.3169539977836895
1,0.6084326019984606
0,0.037332578246321156
0,0.07422694752738021
1,0.3161224520825966
1,0.8547554876907496
0,0.06763897201118685
0,0.22435859768043845
1,0.9300838032778549
1,0.7367435024456672
1,0.8944614540089352
1,0.7239947727706465
0,0.18715407199054648
1,0.6174524795226866
0,0.06851297659422112
1,0.8400460785086286
1,0.6830539630916158
0,0.08286391724764687
0,0.38177812973210706
0,0.4132404236217223
1,0.7181884400364926
1,0.7065478943889291
0,0.16664301106185916
0,0.428475879701627
0,0.018435290453086325
1,0.9222673960567218
0,0.7785771788984834
0,0.08863147628186929
0,0.30234641455577826
0,0.038403703893938074
0,0.7224206766052195
0,0.38999568634201426
1,0.23592068614151518
1,0.22275521804549678
0,0.6645256018372848
1,0.3485715112175904
0,0.17463462158504414
0,0.563708156587288
0,0.19481826950613007
1,0.8105499373949334
0,0.676411033936928
1,0.6495739427528937
1,0.8735428166514748
0,0.1425519742567674
0,0.17665002377774525
1,0.23352642469684234
1,0.6332335414665722
0,0.8189519601385841
0,0.240041945836712
0,0.7139736345599665
1,0.742364753502572
0,0.08869831386945477
0,0.18934244895890665
0,0.056789191127214166
0,0.03604775964943465
0,0.8578433729087375
0,0.7527666233477138
0,0.10231049097188215
0,0.8803082531040866
0,0.26297604839584676
0,0.8470650287059857
1,0.85615721219631
0,0.09070019013193012
0,0.108414715056987
0,0.47449965865172833
0,0.1558566460694155
1,0.8651305067328887
0,0.04047616610039643
0,0.46436497701932866
0,0.10580190167808266
0,0.7128405037390723
0,0.08091597898751679
1,0.8757579470984856
1,0.8319423442922695
0,0.9120229243768189
0,0.13849620775075003
1,0.42540830216820513
0,0.4646614071819941
0,0.7621921359570992
0,0.25691671380044884
1,0.8749369385652297
0,0.021146722489964406
0,0.049950858533920124
1,0.7123974982409891
0,0.021948902275749842
1,0.2479527662750852
0,0.4310392645728978
0,0.6724229320459644
0,0.3895472318938094
0,0.2126885163606769
1,0.1615147339290896
0,0.13091775730425026
0,0.3877849674174169
0,0.3934079847684529
1,0.4625462774300544
1,0.4061288017852009
1,0.7184421733900916
0,0.4174963403490548
1,0.5020376807110303
1,0.9062831082229718
0,0.6795763012912779
1,0.7268296398534357
0,0.06595841326291356
1,0.8358187466548237
1,0.5485162724963039
0,0.8466254114546108
0,0.3164651070953438
1,0.7414109842390872
0,0.6434443815897668
0,0.03473723969856786
0,0.04928282316105352
1,0.526969384782285
1,0.6353309586913295
0,0.6926910782980484
0,0.8758801732455415
0,0.8220727128078203
0,0.8407134004285113
1,0.7123740615190882
1,0.6854260960284395
1,0.6645481853969973
0,0.30629983843370706
0,0.11413888626440118
0,0.6921534864337474
0,0.5849170296109877
1,0.24363157405139463
1,0.6708263458548349
0,0.02124201239363131
0,0.18968147723540174
0,0.35685509636881074
1,0.14925173293743557
1,0.43155011466517607
0,0.6138825675154744
0,0.07552664693386198
0,0.5755286485666627
1,0.7698745654042171
0,0.4468933118867392
0,0.731389087030917
0,0.02002884019270074
1,0.557439842459237
0,0.34001238907134557
1,0.8463179844462247
0,0.07659244329509866
1,0.25391283157231104
0,0.4344923656351362
0,0.25998105322957255
1,0.9073484639089257
0,0.18123739683191856
1,0.6649981864817522
0,0.8440415227161491
0,0.04348230906031304
1,0.4234467615745641
1,0.7582647561655759
0,0.43899186329113843
1,0.6514390423573959
1,0.6521158737538642
1,0.5980759112200039
1,0.059249348039936166
0,0.8378040527511689
0,0.7180781930983402
1,0.8315802602575655
0,0.24050761303697435
0,0.37546549206855345
0,0.46486859967277633
0,0.44925049823625385
1,0.8508659250174317
1,0.648261152815188
0,0.5487680585766723
0,0.3827783376066694
0,0.07779205486199071
0,0.8647464732070393
1,0.8764937249335388
0,0.10795959862243536
0,0.13438035591730008
1,0.7059597930068053
0,0.10546507678686093
0,0.7646464958176643
0,0.07632743552400091
1,0.8582247967364244
0,0.7547482548638667
0,0.1081844736793992
0,0.26078696911581245
0,0.04233856077748161
0,0.1815271437141574
1,0.7954840897208629
0,0.4010720035390918
0,0.502949830003212
0,0.6557234811058769
0,0.22523899567090533
0,0.08397879907515765
0,0.05924031138659846
1,0.6276753385108826
0,0.5853919443472233
1,0.6154569436389069
0,0.44227747926922484
0,0.5975848411406532
0,0.8268426391029993
0,0.8477733553299536
0,0.2920409697318462
1,0.11811481152262153
0,0.5536599435165462
0,0.5496490307416793
0,0.11425753144224828
0,0.46500247871701367
1,0.28256764239626436
1,0.8489565427996179
0,0.3046474332191127
0,0.37615692556380675
0,0.5686743895596563
0,0.8527357052113961
0,0.05017314047871139
1,0.8346011047684198
1,0.839105067406285
0,0.0767669385520427
1,0.8666432095767101
0,0.5383898445822533
0,0.6708018950884699
0,0.35893582386748324
1,0.37626362359981236
0,0.7855790544784931
0,0.11634214462657924
1,0.9016676105148478
1,0.590692604168305
1,0.7460467190538842
0,0.5846945568336669
1,0.8518096775118825
0,0.3789666442116485
0,0.03312204223140632
0,0.04596745838625819
1,0.743318883548212
0,0.9055009411039069
0,0.11461772243137573
0,0.20818913144650064
1,0.5489840478203613
1,0.4150276267496802
0,0.08519794552108607
0,0.279870837725281
0,0.1376076270551463
0,0.07202634620945846
0,0.030657258959323138
1,0.8602226544531103
1,0.5604073082461299
1,0.7252242625290618
0,0.17786846332953807
1,0.7517150796983713
0,0.16619301456590083
0,0.5277783864313099
0,0.10402271938241621
0,0.12264291886837024
0,0.043445221019745114
0,0.06925816861117307
1,0.6436331964490002
0,0.09344457085798898
0,0.11498565916481375
0,0.3681607515600145
1,0.9079400232810565
1,0.8065360020668015
0,0.7378488144460287
1,0.7362367556461924
1,0.7664885553784062
0,0.9085717232534961
1,0.38028584086576567
0,0.4093992755957871
0,0.16209929745919535
0,0.8026877077249164
0,0.27887412109700427
0,0.6702965005242073
0,0.43839452046517274
0,0.618953508167175
1,0.6838976491994729
0,0.5325341750761803
0,0.38563705541600524
0,0.09877759556341435
0,0.381611912848846
0,0.062311429564286584
0,0.3000757454844828
0,0.7827540182542598
0,0.2090273833969125
0,0.6698648309335529
1,0.42397746666673636
0,0.45977800247830514
0,0.23239671710845497
0,0.09491443795130128
1,0.6398591895556607
0,0.36886706172749084
0,0.6240221314988812
0,0.08189345902319158
0,0.6452508858589664
0,0.037439474066275034
0,0.1779192141566148
0,0.282738688594802
0,0.2054201881867429
0,0.24115078599207485
0,0.05023846947082002
1,0.6257626798992725
0,0.25937517358195267
0,0.03928966838435891
1,0.894283251111122
0,0.5741089247699788
0,0.0930815944155095
0,0.13535314177843413
0,0.24232073811415492
0,0.23482609190986273
1,0.7985206813546061
0,0.06329418285657923
0,0.5503056798982771
0,0.8738145165658177
0,0.3501260228456801
1,0.33849738787199957
1,0.5961141954096393
0,0.8115626924435623
0,0.46856090129823963
0,0.11580806405743273
0,0.7192184590168657
1,0.9245481976212163
0,0.326155354478221
0,0.4630377104343127
0,0.2518090853310846
0,0.5378010625837438
0,0.31692895064346527
0,0.3441322346336871
1,0.43017747501999604
0,0.4667526106354874
0,0.896885207722232
0,0.407559528378155
1,0.6846636488365928
1,0.7615229795988182
0,0.47056537066912923
0,0.4961179219314849
0,0.09113829529454552
0,0.03747333148696439
0,0.060231624270493285
0,0.19005797267390842
0,0.3507672046559496
1,0.7494265515197628
0,0.452428604046082
1,0.5137713295048068
0,0.4407788179409028
0,0.16954738423033153
0,0.3802466750228181
0,0.6825475081432162
0,0.5885709925041585
1,0.5705850007634128
0,0.5202127917133125
0,0.03578358968285407
0,0.08956862361226724
0,0.26074329494338494
0,0.053115048580740044
0,0.09262191801987955
1,0.46710728405530116
1,0.8182737479392279
0,0.3271911961196937
0,0.04474093001530002
0,0.37013371688295654
0,0.024883241100837287
0,0.4331739173361162
0,0.09410174274965087
0,0.7621371352961253
0,0.6463469648490399
1,0.7215570357553335
0,0.3212588505465957
1,0.5093523749658074
0,0.06188089607439376
1,0.8613233260507608
1,0.4877365446337995
0,0.46819393137005083
0,0.028855800371008915
0,0.8478631536522112
0,0.051468513462830094
0,0.1766970064179953
1,0.4676146460590668
0,0.5393025946558718
1,0.8742756011544148
0,0.5385996289179171
1,0.4768729724907251
0,0.587970495566202
0,0.23116907987408192
0,0.5786539629919986
0,0.43583664823713913
0,0.5820153379006812
1,0.39880674237219543
0,0.07604128377443999
0,0.07782291341273408
0,0.09918441817036756
0,0.06469044521778135
1,0.5340544367198142
0,0.39166544646131546
1,0.9426476365571487
0,0.04396579320773443
0,0.04192800466734925
1,0.4196500237924626
1,0.5516577044698574
1,0.20348545889741945
0,0.7662513998939964
0,0.3854216569240309
1,0.10899891095435421
0,0.309199082192321
0,0.09453423791660333
0,0.4592337943605638
0,0.13953915526903662
0,0.6309613907119968
0,0.5774899823948679
0,0.3969800708361226
1,0.12611301598737173
0,0.16835595905826128
0,0.017546084757656042
0,0.08323314563341111
1,0.5477647569572877
1,0.8119096422564509
0,0.33903109076486776
0,0.6134898919679048
1,0.3164476105804768
0,0.6404803040849575
1,0.7917834717504987
0,0.06845856330732056
1,0.08758865339718072
0,0.9171143860470871
0,0.2590868036763308
0,0.42927715620818735
1,0.6041405040334908
0,0.06748771404377188
0,0.0487777201242235
1,0.2699364956095621
0,0.34887398099258476
1,0.7128456707537874
1,0.05303029996286928
1,0.3846724612647202
1,0.4535632779112663
1,0.8671132699749425
0,0.42438313048979154
1,0.7405863010800818
0,0.2870700713510138
1,0.5664794611328423
0,0.03842042026510237
0,0.09376577276343796
0,0.0748520268192524
0,0.40183529563194137
0,0.21123755429549734
0,0.8957386740300507
0,0.36601387082224635
1,0.8543558166079153
1,0.5884198859125572
1,0.7117211692917245
0,0.10164581622321778
0,0.15994020074835716
0,0.8814048365151899
0,0.1980491631485786
0,0.02224136307110651
1,0.6263516183776455
0,0.04759394006081762
0,0.02613810096597675
0,0.16691273597676176
0,0.5883090736692349
0,0.8722146158843392
0,0.5860180747732937
1,0.5243086374825916
0,0.8078911368128382
0,0.726899631549728
1,0.8340416443849201
1,0.42150268365587523
0,0.7509333983045314
0,0.7381921012420201
1,0.7555349698110084
0,0.307848108199738
1,0.07930039507240494
0,0.04313860878401024
0,0.11835601072345646
0,0.4007487722464147
0,0.5185032829845494
1,0.8369898721374626
1,0.8176314612841276
0,0.6217232508972952
0,0.1132134452791612
0,0.17388657848701677
0,0.3106265936698683
0,0.0371401163134123
1,0.8950132315964079
0,0.038650520946460404
0,0.8203774723137655
0,0.06540680513481018
0,0.8433658309671497
0,0.0317009296977149
0,0.4451357071168278
0,0.028574502472222103
0,0.08120508547403717
0,0.09872144255283427
0,0.18534487883776746
1,0.8171567682622563
0,0.05243528654936356
0,0.07796891630266091
0,0.9009776524421261
1,0.7863738275625027
0,0.2546430280442236
1,0.6872889496833264
0,0.02617737526448164
0,0.05196982623553375
0,0.5229811831702101
0,0.02078802280882309
0,0.4248248559338518
1,0.4081325800695451
0,0.27269268368007704
0,0.8492027654204828
0,0.03393240353377576
0,0.6385016511419364
1,0.2501942268313956
1,0.7156442740154607
0,0.11611245498242649
1,0.5241494467167197
0,0.3623048073095086
0,0.853319617004595
0,0.08103492378904355
0,0.042167646666602915
0,0.6623858695139372
0,0.8230102379176524
1,0.3819043714336836
0,0.08368924389513183
0,0.573950515336411
0,0.042963415351898224
1,0.49126246042217425
1,0.7903404853192153
0,0.5512602803196994
1,0.315264095710627
0,0.5638097079151312
0,0.8610735723370965
0,0.2280261672352057
1,0.5201877733153923
0,0.0380084741989541
0,0.4203152859214402
1,0.8699379962182032
0,0.19472969021922043
0,0.27145878795399575
0,0.04365149472799031
0,0.08742485803543558
1,0.6157311612944503
0,0.018966514040761103
0,0.5905428531858461
1,0.679650980831577
0,0.38606286341509577
0,0.4722247094196336
1,0.7225961102196156
0,0.249718675150884
1,0.6147074622127607
0,0.07313659559290629
0,0.8404124450007086
0,0.2944161583366691
0,0.4104300186223433
0,0.013610207292273947
0,0.7506129781229904
1,0.7571345784542066
0,0.020268285104088832
0,0.87613905427807
0,0.16301806740405492
1,0.8767045930227595
0,0.20689405205612388
1,0.9363334528244379
1,0.8668972194426723
0,0.48293049100616803
1,0.5772871761211525
1,0.2250458921969989
0,0.31977892941151165
0,0.7962509861907646
0,0.2347527228622327
0,0.02160596656760208
0,0.44051121747543664
1,0.700326220752601
0,0.8032641553993625
1,0.6109221066434667
0,0.14265411295909533
0,0.28621397652622027
1,0.5211960304730614
0,0.08883092189567517
0,0.7060011002892709
0,0.12457921914688276
1,0.6535647260455147
0,0.7722622951199024
1,0.7217614947068718
1,0.3819116210383841
1,0.7735009800482312
0,0.4166923811137324
0,0.10422537431837871
0,0.4481590675499211
0,0.042989109400824586
0,0.8781002743316666
0,0.07799149200188031
0,0.7051938608653008
1,0.8767762061628381
0,0.7769591813259134
0,0.0679874935566817
0,0.8289462860016401
0,0.09160069751107383
0,0.08572008699806269
0,0.35440359106634206
0,0.7972756130772334
0,0.06656809870217852
1,0.31972841327316043
0,0.06166634065649368
0,0.27658450076425084
1,0.5386758864674304
0,0.8747014677982579
0,0.598941789515972
1,0.6199527655055157
1,0.8250810833196637
0,0.48074436622790756
0,0.7236128822409148
0,0.32748907692370777
1,0.7261663979098878
0,0.09504430132501135
0,0.7339054771985878
0,0.1721365631886941
1,0.7917844470020997
0,0.02494787268456571
1,0.9085316149869664
0,0.22385389240059134
0,0.32309476548715377
1,0.4909636739949323
0,0.2647393621489878
0,0.5864238981805339
0,0.03882797148311334
0,0.06426683519114258
1,0.5914657856253382
0,0.0657343741963232
0,0.87136997156723
0,0.2739930431205255
0,0.3434284045773024
0,0.3965015328905084
0,0.04252914616399084
0,0.08951821061329132
0,0.043696401056849944
0,0.056738711855939296
0,0.03829309137698619
0,0.42591888934953254
1,0.2324476972149339
0,0.4562668706601624
0,0.8118598459935527
0,0.09721227221814478
0,0.8094759806811199
0,0.4108618661206681
0,0.2162026592136195
0,0.19056498294474766
1,0.4142367905816037
0,0.06275182462319234
0,0.36519168447130923
0,0.06936420041581312
0,0.5901993979409171
0,0.4312964684122018
0,0.5929980774283403
0,0.678494636141914
0,0.48217717251089404
0,0.25197512442728487
0,0.18790156841760058
1,0.8917118935242986
0,0.40176382531104765
1,0.6438874277430798
0,0.38732123696589116
0,0.03726404708239358
1,0.6811669890987173
1,0.6038100813279931
0,0.7007888320060166
1,0.47303048529037905
0,0.3835840582430691
0,0.8401038747843479
1,0.7261579706936306
0,0.1909572321100551
0,0.40697070581060363
0,0.7156197713761828
1,0.5957765175236874
0,0.32204704733138934
0,0.38881299084780696
0,0.09025040121583595
0,0.03072564057397441
0,0.7136087805100071
0,0.22721388613579815
0,0.43910085093500506
0,0.6872976185995497
1,0.6839613810181034
0,0.029285287620669898
0,0.6171686748882641
0,0.52558874748841
0,0.5194180325267267
0,0.7443342293940269
0,0.5847371862789437
1,0.8536495103824588
1,0.5140253896004617
0,0.41549986213909534
0,0.22422249884356837
0,0.4435018224479388
0,0.37399136164154023
0,0.11979675254085433
1,0.887609416032874
0,0.19331032932573558
0,0.08894945986789043
1,0.8197030404186485
1,0.8521686564680169
0,0.2029136285044187
1,0.8579919437411816
0,0.5833443072304224
0,0.2220903159187692
1,0.9082831233957783
0,0.04058622023743613
0,0.11382317117264189
1,0.7206995819864492
1,0.4152485685460544
0,0.03254810970542367
0,0.6896764211618367
1,0.6155130355220326
0,0.6020129247790148
0,0.11791176160245789
1,0.7210158234304683
1,0.6241773835832384
0,0.7855624072719596
0,0.8108181622273232
0,0.09434799291978946
0,0.025091277125025856
0,0.7013819876238292
1,0.8968603065976107
0,0.5423674637539896
0,0.6215112399671135
1,0.7804997793585895
0,0.13960774064809475
0,0.7692425385691762
0,0.7491337503674276
1,0.406447718805583
0,0.10323386349665425
1,0.7959810148198659
1,0.6796998057692958
0,0.06696549446516
0,0.09849041842244012
0,0.8284472433375537
0,0.22646399873292938
1,0.8956118497273987
0,0.6042346804568144
0,0.05598589342442007
0,0.09575438037319463
1,0.8478607369136089
0,0.7303908095044068
0,0.1749922783218472
0,0.6761770564492144
0,0.05351343937028413
0,0.4110196932811492
0,0.4615722288594706
1,0.7847047571269878
1,0.7725239831507316
0,0.0784503303186861
0,0.6237868961836217
0,0.033244780620185634
1,0.8235625330658499
1,0.5176802236124018
0,0.7785080013561996
1,0.5084162415419308
0,0.5899982801059036
1,0.8485187888322796
0,0.11167048805092694
0,0.2885638657500175
0,0.6436481204511608
1,0.5048083790910226
1,0.47421523013146316
0,0.907338100353422
0,0.15218257989383896
0,0.7964469986883677
1,0.8623338822630188
1,0.4468894715803026
0,0.12785997598392174
0,0.03898709771048449
1,0.6262915698207648
1,0.8957857777692065
0,0.04591937172585154
0,0.2818259486374317
1,0.47380738361868874
1,0.46168806360615317
0,0.5770743534872892
0,0.7355589379202095
0,0.2481011456454423
0,0.16619301456590083
0,0.024164153317787856
0,0.019375232651582495
0,0.42872609301452175
0,0.35786354472424375
0,0.43339954340440423
1,0.15992718139957987
0,0.3250488947712951
1,0.3657269282141347
0,0.6679729923216702
0,0.08435045116523002
1,0.6253665458274639
0,0.015106541527089385
0,0.5732408708886892
0,0.4500930017888856
0,0.2789119878587643
0,0.21553418650362735
0,0.3699442750455693
0,0.18512079729991773
0,0.6178853425771299
0,0.34747802317839255
0,0.07534260593655104
1,0.3813946359249126
0,0.44812459393042026
1,0.8260407266521896
0,0.47344069237898395
0,0.20864951890913483
0,0.2530285297383466
1,0.7497469935868152
1,0.6582777098464261
0,0.4940417081015539
0,0.8604803837706083
1,0.8683901692985058
1,0.9261154509074966
1,0.795389647536577
0,0.0554494455128367
1,0.8017314526798217
0,0.08068665708360563
0,0.1319341048162724
0,0.09087573001633552
0,0.4461854022699405
1,0.8009596120489658
0,0.018011503870785983
1,0.8722950428508354
0,0.18528350323568274
0,0.0492466565424406
1,0.7364526608510295
1,0.8608502967029366
1,0.8310348530348584
0,0.491272391648893
0,0.6199998678674896
0,0.10525487346356617
0,0.5868600903117958
0,0.5966217863746954
0,0.901131186094648
0,0.5884377588130011
0,0.606571599248713
1,0.8134552102469315
1,0.4276527148026776
0,0.2333542354751165
0,0.06459059752977882
0,0.6614728857031837
0,0.12882204299748998
0,0.8388489518710698
0,0.18367369115166038
0,0.06774389922322623
1,0.6716763202099268
0,0.8828173980860954
0,0.04936258949496821
1,0.2150029326073108
0,0.8143083418053094
0,0.45616006607639237
0,0.3348103964426522
0,0.3975436190300228
0,0.18511059219019751
0,0.8358040845189144
0,0.4282281996269391
1,0.6312424375548545
1,0.36463575909454116
0,0.16506162612375352
0,0.6949225604246925
0,0.7173863413859479
0,0.3915614267072876
1,0.9195079287333243
0,0.15117139554828318
0,0.34936120359772416
0,0.6694039842456222
0,0.31825660157794006
1,0.6883415491528031
1,0.4242718087204993
1,0.7360334022274855
0,0.2439575455041814
1,0.8587326966791875
0,0.37270771354286497
0,0.4905627714100929
1,0.6491870663532813
1,0.7001665440293833
0,0.8603527289979582
0,0.5408999471670146
1,0.8434515448730959
1,0.5272074084454434
0,0.3939126569017922
0,0.0700335028443687
0,0.07105078597703267
0,0.29977517652910435
0,0.054754269277650314
0,0.7010481360522035
1,0.561823959261973
1,0.6212459793435934
0,0.37698683400015004
1,0.1303616266632077
1,0.5513021614769983
1,0.6643385051509832
0,0.23991256148101872
0,0.8016104349689669
0,0.6146695222870743
0,0.569527279609967
0,0.6002600413302286
0,0.15353285198762032
0,0.07229202109154272
0,0.11552314477509097
0,0.5675364999860023
0,0.014365670895964746
0,0.7402941790512086
0,0.06858675685717038
0,0.17142070353745434
1,0.9138715560871801
0,0.08697378864591548
0,0.14835230844803093
0,0.024271167894694107
0,0.3628472305835384
0,0.3383089614281803
0,0.08316687834441026
0,0.5807665095906767
0,0.22275791301736325
0,0.40133446613982665
0,0.20104797969930702
0,0.4340148754168184
0,0.6768749529997075
0,0.22055838988437013
0,0.5749122395123137
0,0.4585437012886606
0,0.06205358073252881
1,0.578528237263458
0,0.6853524974410755
1,0.30131062720334534
0,0.6067595242684126
1,0.8091251599815352
1,0.9141013606695608
0,0.08773582608598736
0,0.24587922081417005
0,0.023709895503329366
1,0.7390525134746521
0,0.0630803555466995
1,0.5587253815669764
0,0.19237046247799608
0,0.28915015859973
0,0.32371320838651185
1,0.8404936062557955
0,0.531640077615074
0,0.17414202540258752
0,0.11075692514268286
0,0.7253733746412724
1,0.49615214349813924
1,0.3076134341949186
1,0.20341207674604067
0,0.7159851539888487
1,0.35513904351476006
0,0.20654487591372953
1,0.49233536791811977
0,0.9172625561360214
1,0.6260501896547837
0,0.4016265332227512
0,0.5591239204618195
0,0.2065065807718557
0,0.07874364646289381
1,0.5234935267069875
1,0.7958771258052838
0,0.4224234980783499
0,0.19101960312646513
0,0.3921090318054294
1,0.5770781452396339
1,0.6944903252549233
0,0.029207295956510886
0,0.41026734039432355
1,0.6674745336548236
1,0.8999212875706112
0,0.10143445590122378
0,0.20704495932972908
0,0.14174736044707867
0,0.6481436001685863
1,0.7416856960782282
0,0.059202559443931886
1,0.59906478749695
0,0.7056269604434081
0,0.0656105113521316
0,0.4833108541671185
1,0.8831327395421381
1,0.5299153526601404
1,0.4097914441763343
1,0.5685192860046518
0,0.06672596841035025
0,0.34199910767088254
0,0.5597442540153951
1,0.9324776201260545
0,0.8429789914493798
1,0.7959689066067909
0,0.37415683216496043
0,0.7945211362116421
1,0.6504447551732478
1,0.7550729988765629
0,0.18314775620980353
0,0.745644071993139
0,0.13306180246466257
0,0.268376560033224
0,0.45711884750728604
0,0.6536322952003729
1,0.9167124763884084
1,0.050337541850845394
0,0.5101621713655744
0,0.6549424488605261
0,0.2525066770608285
0,0.36085431823223946
0,0.4216161312911392
0,0.5177997458753975
0,0.4794526841803429
1,0.6427378152468146
0,0.5082558460303681
0,0.06359393242161837
0,0.5058051020570641
0,0.653902450721528
0,0.22088127518718004
0,0.7819279553020192
1,0.17522089762385212
0,0.342447940924456
0,0.1323750652203826
0,0.15553268063941464
0,0.06826292458706042
1,0.8460647198535861
1,0.7022514786082812
0,0.050550794628379976
1,0.9235284611573132
0,0.7957996792288617
0,0.5027822072597141
0,0.23587228096429802
0,0.44307971191893253
1,0.39061198236038186
1,0.5533208291182901
0,0.7367906948379799
0,0.043613211440890955
0,0.8057116003118024
1,0.23112926459013033
0,0.6217429720290897
0,0.09351011916264847
0,0.03495062264364841
0,0.16076652129058713
0,0.0811477413761631
0,0.2038205145374441
0,0.10240485385111599
0,0.04439455175747561
0,0.5062811659281347
0,0.470662230175332
0,0.2628703579167497
0,0.03212144726232898
0,0.5986311582628796
0,0.5950480355884143
1,0.5625055074394959
0,0.03519005820080502
1,0.7234767154270964
1,0.8164160905319954
0,0.019932330443659874
1,0.6039326668218303
0,0.750648016444058
0,0.11876379431401568
0,0.4840214241520951
0,0.4137999219305265
0,0.5575701376138728
0,0.2815964133060347
0,0.41061637455498406
0,0.37703461838719576
1,0.47916629799044463
1,0.6089623411337765
1,0.8549222029291411
1,0.638843311995138
0,0.6540662069623284
1,0.5343163319225352
1,0.8285934960883724
0,0.32431153273117697
0,0.10510774619198386
1,0.6752347786158147
0,0.42995175466905167
1,0.8326069091271124
0,0.814659385985341
1,0.6233338337790618
1,0.4915366419419333
0,0.4341309105763688
1,0.513858721154698
0,0.0996331836352766
0,0.20332815879320262
0,0.19278313481265638
1,0.7850252263700578
0,0.07065816510996954
0,0.05259557310090342
0,0.05928965652450853
0,0.7396543128066188
1,0.7550286794016317
1,0.6385411364544604
1,0.7476953836176325
0,0.24247932157232763
0,0.7581631531303991
0,0.06963653320954354
1,0.9264887332034613
1,0.8202727718055556
0,0.46820250622971343
1,0.16678985169348515
0,0.8703885731820495
0,0.03483536498351766
0,0.4705040046527357
1,0.8011682432932564
0,0.5578197131227602
0,0.25586249447106885
0,0.5139970403716333
1,0.8160644442530093
1,0.8512844024960017
1,0.6204057638629004
0,0.4532795051217671
0,0.05257519662187987
0,0.09641583915076551
1,0.572875822986837
1,0.8501965452852783
0,0.13943867980038868
0,0.22263947873604664
0,0.47237637813830213
0,0.04213664928599583
0,0.10675583569757169
0,0.4426185164124072
1,0.7034716404138737
0,0.5765009974566404
1,0.24023065892234624
0,0.4084258350167589
0,0.3271389204933836
1,0.29422805919501543
0,0.2607485004537949
0,0.43307581059100364
1,0.7759065558811641
0,0.5482136592597444
0,0.053614309614354934
0,0.08260295229709677
0,0.048721133364296794
0,0.326185171738022
0,0.0408731194096745
1,0.8612449941351114
0,0.3200234177684326
0,0.5694352344536457
0,0.3504487904136731
0,0.5009978808874609
1,0.8525407831766922
0,0.07054128866581967
0,0.18432354413115715
0,0.04527100749024898
0,0.36393656111468803
0,0.7188836232799629
1,0.8473706384028622
1,0.2155345992828887
0,0.40598830253875734
1,0.32998964047251295
0,0.26863277066841557
0,0.10185176156350538
0,0.34229262326479415
0,0.12352374741510581
0,0.22730687468371163
1,0.3484189442512713
0,0.05177040320125907
1,0.263463210412124
1,0.4097914441763343
0,0.07040485637262807
0,0.14755291336272505
0,0.6346056959366048
0,0.3769472799916733
1,0.7409860807995976
0,0.09523120700197074
1,0.6876610292480585
1,0.622752857905184
0,0.08853391511716353
0,0.03352240856872999
0,0.12475438479281088
0,0.30530636985395604
1,0.23938098008265454
0,0.3342727799960886
1,0.6526691968599522
0,0.6819522271693512
0,0.15919626813640964
0,0.03341426236665244
1,0.5623758768511978
1,0.9025707270679838
0,0.8518993851601044
0,0.7461108797945062
1,0.6748208361185493
0,0.03673689554828337
0,0.9409562006355905
0,0.5548508855988868
0,0.15393151187209933
0,0.1947803858530923
0,0.017318078697970852
0,0.4454775099486002
0,0.3763343410787019
0,0.45331076270075576
1,0.40964918028018243
0,0.3676055086610442
1,0.9189474517997308
0,0.4105609161189311
1,0.8907871893775003
0,0.09396111783782182
0,0.8161221219212359
1,0.8621108046669075
0,0.7181276421029895
0,0.3336344827818427
0,0.37120400149250254
0,0.07338578210576513
0,0.1473253022164647
1,0.9194719776409519
0,0.5493139023895022
1,0.2669679013611481
1,0.8315297329392017
0,0.27835332573647037
0,0.3997223197681493
0,0.05684185422261791
0,0.6095336654763626
0,0.0630803555466995
0,0.035626448558205626
0,0.7084624282395869
1,0.8117640259152131
0,0.25874770518617163
0,0.51389021727915
0,0.8781150590296484
0,0.6243395808849935
0,0.03152028054432739
0,0.5737137543128055
1,0.8741265221578061
1,0.18312055248917328
1,0.4729239154665374
0,0.5510249739926829
0,0.3129330684858318
0,0.36564568892917193
0,0.06576759686835083
0,0.48124783250079556
0,0.2588421189612036
1,0.34558163153331084
0,0.15397979543062104
0,0.368852733618531
0,0.12770231775362986
0,0.06458888707893592
0,0.1852862252176647
0,0.11400982290830375
1,0.8528483929246607
1,0.6572013885672933
0,0.403741886253229
0,0.5349323430046734
0,0.10469088042689297
1,0.49616276060856723
0,0.02101967523202161
1,0.6040043836297714
0,0.060012042937384456
0,0.7175737797632296
0,0.06468843861089628
0,0.053964380641449906
0,0.0219169452263991
0,0.8966449502155677
1,0.2965226833760528
0,0.16138148858349835
0,0.6990999933133881
0,0.22773786352515812
0,0.0669457083627848
1,0.6293771138973112
1,0.9012988579492355
0,0.461271006260079
0,0.4002575529779951
0,0.2650629262619608
0,0.04171500592493104
0,0.33914300557390353
0,0.121963382919539
1,0.6287304713817975
0,0.4822048163307899
1,0.4117978673816221
0,0.05570123904766077
1,0.6058421003510001
0,0.383929653547317
0,0.2532724639345366
1,0.6773518188229756
1,0.3486842165800317
0,0.29642255638310794
1,0.8531966336422481
0,0.395625664236969
0,0.1182319380604769
0,0.6256494630729433
0,0.16790147058814692
1,0.8087847221273867
0,0.04954482578688922
0,0.7174897238510455
0,0.5414075854360514
0,0.029019209405947127
0,0.07373387197590332
1,0.29677630529626614
1,0.8947843858762092
1,0.8372703102610383
1,0.8628286409977566
0,0.3948578709943048
1,0.5519347727612923
0,0.09363976530191832
0,0.01646120865221895
1,0.6790624281321533
0,0.7803291830376493
0,0.09164030676046245
0,0.14543357556476333
0,0.7429800282420582
1,0.44278390848012333
1,0.9348248271447219
0,0.38587904954140173
0,0.6965684471846839
0,0.27940098882276265
1,0.8425090331226383
0,0.9013136251630843
0,0.5904737065176796
1,0.24345146268202839
0,0.6703819919114213
0,0.6869973535266842
0,0.1681044864352141
1,0.6277888837000003
0,0.20748773573957172
1,0.7806468009916036
0,0.28295690716102123
0,0.8445176066771658
0,0.1899553556150799
0,0.6835237415972717
1,0.6406548354012738
0,0.6175009673214212
0,0.7959209848380974
0,0.14661798040090704
1,0.8814003479965957
0,0.059169176777411986
1,0.9119973315195933
1,0.5585627257737341
0,0.510091131253185
0,0.03917642682877173
0,0.02013957814107592
0,0.07756953919138067
0,0.3788145101212854
0,0.03369609874074685
0,0.04756306043754347
0,0.6350061387554296
0,0.16407987549126846
1,0.594675428876402
0,0.8714342136552761
1,0.5407270678543785
0,0.37365960164319334
0,0.23281454002060434
0,0.4316584202701526
0,0.0696596249216988
0,0.03668870322452939
0,0.06720209324737635
0,0.4183376988836257
1,0.6182914492931956
0,0.5387470241577873
0,0.46964964223538025
1,0.6915652694756019
0,0.055082501476743546
0,0.8575712052950695
1,0.5561234944802713
0,0.11524705222644006
1,0.6793248683258998
0,0.05442608699431713
0,0.08605246793595683
0,0.04561512985233477
0,0.49546398807059855
1,0.65142865622847
0,0.38438851563637194
0,0.3384419598884365
1,0.8198499067541044
1,0.6031231616961281
1,0.5063390036589309
0,0.19531970240134647
1,0.7316403129539517
0,0.2566622968822198
1,0.7729730438404734
0,0.06569065342936717
0,0.47117847102609545
0,0.7072039459409784
0,0.685615216905781
0,0.1510116294650233
0,0.18545013884262804
0,0.058785689431911016
0,0.40768193996494934
0,0.03021790308968551
0,0.3536033099806867
0,0.1439295580122938
0,0.812212973833084
0,0.8319617803493363
0,0.10950262864062857
0,0.20895620606148735
0,0.4222572716279769
1,0.5846154167681872
0,0.13971888792517134
1,0.9166513544203617
0,0.18621201711434224
1,0.8830861965841511
1,0.4001854364869565
0,0.07317697941033736
1,0.8284740623407776
0,0.21175113343797053
0,0.8614554189739451
1,0.7292175545290825
0,0.6954460871243368
1,0.7049247662287519
0,0.6841717269986775
0,0.2513485699574632
0,0.4065043806860605
1,0.4382590672486796
0,0.8167070084238942
1,0.7227791926014667
0,0.12284796363059304
0,0.8414893430475946
0,0.21439419941959786
0,0.04387330031641748
1,0.9020118013175662
0,0.5016061046855396
0,0.1007225211353604
0,0.09955131006654573
1,0.48788704132126465
0,0.11950735231360785
1,0.6929972128177123
0,0.15715282988721857
0,0.03846568623202101
0,0.35940383310718077
0,0.7880352850290474
0,0.22752917959236693
0,0.6780572375500984
1,0.5974320984034144
0,0.02985637949027309
0,0.16336950861632354
0,0.7146746534722859
1,0.41665777930833675
0,0.8480456594674324
0,0.6612113048680077
0,0.013171091050369824
0,0.08012443090453095
0,0.03936676104610592
0,0.6114344126243602
0,0.09322290831617042
0,0.1547989753431887
1,0.8457308142518725
0,0.5138739054694464
1,0.6956096778845335
0,0.5101199802814627
1,0.8605284743803493
1,0.5755025745950622
0,0.4086059816342677
0,0.3919510125436818
0,0.295016031235719
0,0.04107746240982262
1,0.7326107540793552
1,0.9044083788147345
1,0.734091398102722
1,0.6783393517994555
0,0.33269035043010364
0,0.5266653326653655
1,0.5131946250116474
0,0.12294326428326444
0,0.362194404478025
0,0.36842891305566045
1,0.8307676685638912
0,0.7079888330800524
0,0.03905557596029937
0,0.6793201153905564
1,0.5618910972195891
0,0.7152712111737631
0,0.1096594123600143
1,0.6436023611970731
1,0.5771910115911139
0,0.522874956447384
0,0.45494738511497496
0,0.12489224691791655
0,0.21718394509350042
0,0.31583083924120947
0,0.09882909166897982
1,0.8102101146217677
0,0.8406378620865129
0,0.12300202679684036
1,0.891723801377085
0,0.58073333705016
0,0.09872144255283427
0,0.04584867579118309
0,0.8365741477551053
1,0.8566716454229166
0,0.10802586746714504
0,0.3215240855131082
0,0.6260315840340056
0,0.28141951801574233
0,0.05559179187361073
0,0.5964480677628237
0,0.17475783728577843
0,0.22653665469321171
0,0.36086967472780257
1,0.7623204754025948
1,0.65895404597872
1,0.6750197030153301
0,0.040513313500962995
0,0.5652141151547735
0,0.4426017471519117
0,0.765383544526082
0,0.46865222366739656
1,0.20581206973687002
0,0.06007025811757938
1,0.6425598145337211
0,0.13770317931309095
1,0.8841697629386226
0,0.09209021119420856
0,0.7267268912097502
1,0.6073466773779077
0,0.06383297555171251
0,0.06280567646964785
0,0.03421024192154889
0,0.04534893710471916
1,0.700342039153033
0,0.6640276415934965
1,0.8582339782527002
0,0.2579097077349801
0,0.057771700249922016
1,0.2102758503012866
0,0.14857289619063854
1,0.8791015499699715
0,0.08068033943019547
0,0.517230733014844
0,0.4108823721228637
0,0.0339216604574988
0,0.015840093251617882
0,0.20786369887438017
1,0.4938912166787383
1,0.5469006090170875
0,0.7510571147845676
0,0.4067069013597149
0,0.5293006018464765
0,0.0764326844180877
1,0.4546280958952888
1,0.6510457620650487
0,0.2225360770748955
1,0.8163255401415201
0,0.05190360399705288
0,0.913164783416398
0,0.6323501455230393
0,0.7782561877963985
1,0.8282738017677662
0,0.43475112119252174
0,0.49965485895713546
0,0.5557743248239081
0,0.6052931639056683
0,0.4061097120815703
0,0.707099493506375
0,0.027528653670825097
0,0.4465418560379526
1,0.6272243664601242
0,0.47212659224354253
0,0.24292339595516116
0,0.018036636341048067
0,0.06351494664937136
1,0.2693096917462084
0,0.047451916190681113
0,0.41811696487393485
0,0.5723878043483602
0,0.02510575718457408
0,0.11758321005804342
0,0.6428693718498659
0,0.48985025535743826
0,0.09332179120642536
0,0.31514353225393626
0,0.17971002497960484
0,0.5241149228563738
0,0.1496352415690419
0,0.15508151487097926
1,0.2582853715279678
0,0.45857307667377073
1,0.5868668805082959
0,0.251796928422909
1,0.41922327400648024
0,0.17021142488051105
1,0.533012371120496
0,0.6199655015837349
0,0.07104961588891714
0,0.3921081391782571
0,0.21193467868348856
0,0.8927767388953016
0,0.46345097660813417
0,0.7845173320598763
0,0.48822685341565586
1,0.5376775785051849
0,0.4711596611418196
0,0.11627200797196625
0,0.7102491139019182
0,0.055484400404462134
0,0.05847198803341975
1,0.7263027614092943
0,0.7322931619596957
0,0.31034758253552663
1,0.6965418628811786
1,0.4748664500616162
0,0.545838485590812
1,0.5257670095282632
1,0.8431393728956517
1,0.8482606583840075
0,0.8034283114899042
0,0.03956124654465146
0,0.10256311118906983
1,0.4778832220804343
0,0.4498270205796671
1,0.9046313753137976
1,0.40480495866122057
0,0.5346987651910173
1,0.869347822076232
1,0.8961207828669802
0,0.19079335557068486
1,0.7833502603099951
0,0.028017142040152845
0,0.7957729309674665
0,0.3451243699463537
0,0.23313341603824708
0,0.2034317474330576
1,0.5802894172192469
1,0.42740037347091797
0,0.5877197780874339
1,0.7301876088003969
0,0.07115723970592433
0,0.28265294772787924
1,0.7548235831888137
1,0.7602627902835745
0,0.5938346545508657
0,0.32747331476342345
0,0.669549231128991
1,0.7911279298385896
0,0.5358070232296864
1,0.7136596438159161
1,0.39444371723306426
0,0.07925903209788744
0,0.5549281754662477
0,0.4228232559291184
0,0.03307683496211842
1,0.2431580646414532
0,0.1625352817878849
1,0.4519798612156577
0,0.1754118977738122
1,0.49491322123574644
1,0.8406068029662234
0,0.8307573540480028
0,0.03194934716162611
0,0.4841990190115309
0,0.5134765573788567
0,0.3901698665450544
1,0.6881379031475129
0,0.07476422872319055
0,0.6730209414650581
0,0.19561859824717975
1,0.5646888217080083
0,0.48222845677603077
0,0.05949464027047488
1,0.5124061644404964
0,0.3381407744733828
0,0.891378840502524
1,0.6744662857469585
1,0.42305982388319124
0,0.04235783215318161
0,0.0494957668227133
0,0.09091792777615089
0,0.028720596401363575
0,0.48977531994493406
0,0.03488941154692159
0,0.43854159140283455
0,0.03221079808782329
0,0.6824866159470765
0,0.6956005932728974
0,0.7618259696480325
0,0.6105291275903477
1,0.3642105257241391
1,0.6804853789560938
0,0.13834433055406217
1,0.9054517248753573
0,0.46545885758447686
1,0.8701098011816191
1,0.5294465132250175
0,0.4052527640562451
0,0.671417640786976
0,0.5896356079128926
1,0.4817336352621037
0,0.08021325542687441
0,0.2907270533535556
0,0.259225199871571
1,0.7578678076532581
0,0.03477359557226905
0,0.16699535407678873
0,0.24298364007198206
0,0.7023105872121387
1,0.737234385730172
1,0.7582709847005454
1,0.6579770386610474
1,0.28775066274426014
0,0.3975436190300228
0,0.27439245462996953
0,0.4514223306598573
1,0.6715339359997573
0,0.6125175747185908
1,0.8266715185249596
0,0.8938908728756233
0,0.4710772433137576
1,0.879727553782175
0,0.8310661000336739
1,0.36970813470895425
0,0.583185966154371
0,0.3774172178190714
0,0.5880839234471003
0,0.48902410004032215
0,0.24017705710592321
1,0.47512405087568427
0,0.8429932351700195
0,0.44521330595742525
0,0.3704616855461195
0,0.5357572148831826
0,0.0707896453087237
0,0.47498719020120705
0,0.039331686255533294
0,0.6346006229864063
0,0.5174231324405658
0,0.6462297361494059
1,0.6883087037177075
0,0.5349471218716134
1,0.4534506805562744
0,0.8213407439864159
0,0.1869712314847218
1,0.8486368091211374
1,0.5904555218654894
0,0.3147995471613618
0,0.2792240441575666
1,0.41699376621709217
0,0.46380281408311624
0,0.06336683936953742
0,0.22238071882258714
0,0.4097447267817281
1,0.8102735389795653
0,0.4167494736654151
0,0.4009757798199686
0,0.7451660636604185
0,0.24001623124572846
0,0.39890654571940887
1,0.7519635420112947
1,0.5396642273867116
0,0.06494694965695545
1,0.6081328849773362
0,0.57272071503272
0,0.2666373502026476
1,0.55363573575718
0,0.5397320300860875
1,0.686200102133742
1,0.8247263304497536
1,0.48851767460887946
0,0.0382197630685213
0,0.4633938691140304
1,0.8129893569073573
0,0.4295769193662525
1,0.24583300860687768
0,0.02366261405144344
0,0.31546814889437186
0,0.03567797700757119
0,0.5795170519560288
0,0.023472817423559507
0,0.44345482447623197
1,0.7824177742851072
1,0.7839802393099393
0,0.11776693729891949
1,0.678458401807616
1,0.8703660355571664
0,0.06544924181819824
1,0.68191783633338
1,0.8204532678645143
0,0.44136357838091295
0,0.5198430745602165
1,0.48162985920948553
0,0.7669789373446673
1,0.7516825129804584
0,0.5462229364529051
1,0.7719383088004376
0,0.5399489696603841
1,0.8392026383654692
1,0.75576031684185
0,0.18944826125716394
0,0.03627661390082694
0,0.5748581569209605
0,0.6355676612102255
0,0.5736856286342282
0,0.4208250921777292
0,0.15537862828502375
1,0.5640217526693787
0,0.6730740551307256
0,0.20678257494289404
1,0.6878405215312928
0,0.41042609902241645
0,0.7119716920852182
0,0.8297856368143504
0,0.11507449470101333
0,0.07387624264480726
0,0.625183530741048
1,0.6231514740730947
1,0.9340846307626913
0,0.21316363342512848
0,0.3052569012009112
0,0.8319628760483782
1,0.8527957082411142
1,0.8448499390092377
0,0.7125040446309416
0,0.1935088566710066
1,0.8253486862428765
0,0.1646893312921259
1,0.8339717570540469
0,0.058247038246774054
0,0.12421704042737801
1,0.23064977295751132
0,0.10250311038693821
0,0.39523821792657715
0,0.34398018880800135
0,0.24486406416106266
0,0.08572008699806269
0,0.7269259796104184
0,0.0680095334693058
1,0.9100295678699515
1,0.7018356847175928
0,0.07992430743438637
0,0.4539982046887223
1,0.6497971212347777
0,0.1069576537395867
0,0.5525912588792143
0,0.7822581798957875
0,0.17304955230793034
1,0.9103517069558869
0,0.09650095297769053
0,0.20761126100546476
0,0.476741391625329
0,0.13167227714607221
0,0.10884090046554652
0,0.5737137543128055
1,0.7013819876238292
0,0.5448816987038858
0,0.031864835211289896
0,0.05812630952649787
1,0.6799970603228142
0,0.23283214257728346
0,0.5126119517468338
0,0.09643716289243015
0,0.6575861632639064
1,0.6159065495688779
0,0.0530446408063314
0,0.7505628809409624
0,0.018702423975991186
0,0.2879386055984315
0,0.5381635917910537
0,0.22662667615039173
1,0.5498347282995742
1,0.6370446172336848
0,0.647193807118118
0,0.23309195003941804
0,0.2180932519786289
0,0.4315021749976807
0,0.09681298250055242
0,0.07494841222046188
0,0.07378130854777078
1,0.6824338351161504
1,0.30190607461017954
1,0.8497634745844632
0,0.1406729252703157
0,0.19159367828307947
0,0.06204460922364967
0,0.05274099345109963
0,0.6669455839208536
0,0.8148321876864034
1,0.765817278673747
0,0.3948689711271015
0,0.10712753175237687
0,0.5689651722454775
0,0.23278813256439096
1,0.4741319289760797
0,0.5289085243588211
1,0.8257357227314577
0,0.34159279630826633
0,0.016081021516530652
0,0.349734928987574
0,0.0920674920648253
0,0.042139230099358535
1,0.6701697582591466
0,0.06663532910122728
0,0.2867142279465157
0,0.7411746750567936
0,0.07110468303277494
0,0.5149517299801476
0,0.030656926587188
0,0.2178910753500181
0,0.11213207224921208
0,0.40059580609980705
0,0.7984480103565633
0,0.521523262184432
0,0.31760445220741207
0,0.6585443671264715
1,0.1365737490028753
1,0.8463026489108367
0,0.21931075555587917
1,0.7266273046299633
0,0.6855858849866149
0,0.6619701901675569
0,0.8126811572458603
0,0.08908493705972245
0,0.18326661089855514
0,0.2691187029431732
0,0.7299131687303161
0,0.12223154295716336
0,0.36405170204929793
0,0.29822287343163717
0,0.034895958898553396
0,0.10708999134654333
1,0.8840171145909844
1,0.8454115094286778
0,0.5911545830607431
1,0.6991869917608239
1,0.853844777307762
1,0.660044169920336
1,0.8496946250675743
0,0.06251894184908569
0,0.31350647088793226
0,0.1840001765072436
0,0.22624778939948478
0,0.26607195699081826
1,0.9347078141970225
1,0.206042950907523
1,0.7729726335633826
0,0.11697279235451573
0,0.14216512174735635
0,0.0577965135001734
0,0.6877381771049629
0,0.5485786569130613
1,0.9278874969265538
1,0.5247589754243873
0,0.4315888443557019
1,0.6664903130448823
0,0.45747549754136263
0,0.10347259108531359
0,0.49562780655071054
0,0.21692827583303145
0,0.41892338332344903
1,0.6487344532224282
0,0.07818775746328945
0,0.05125978584663652
0,0.3456977011215932
0,0.1208412748971286
0,0.06534577413301455
0,0.0985445953152606
0,0.1355557325514732
0,0.46555253995509926
0,0.019864812109131366
0,0.01907843105919515
0,0.2304807578464019
0,0.24705400082995604
0,0.9497603256348581
0,0.32712089149925927
0,0.05305751844910539
0,0.4859912909792543
0,0.5414483036080016
0,0.620421889481355
0,0.3696130010083201
0,0.7534162590179355
1,0.6362341467983338
1,0.6893475930022241
0,0.5578163751628266
0,0.08880040586701718
1,0.6566644827928703
0,0.6181089577802196
1,0.3076272089357235
0,0.28463864935475996
0,0.4279744098622063
1,0.8471118718530775
1,0.7102386975629913
0,0.6108808370803207
0,0.5846511140998739
1,0.529821301890488
0,0.6154321463332085
0,0.08339666668056908
0,0.8170130831871628
0,0.1332354109308555
1,0.6494103042821315
0,0.2980852223350754
1,0.545447949820045
1,0.6032299202136265
0,0.03727750789995237
0,0.03030672075317418
0,0.02371912245029636
1,0.8647288271731026
0,0.4738518594850362
1,0.8736511340368797
1,0.4166957377390284
0,0.3417877350483256
1,0.6781384450621725
0,0.11496072625003095
0,0.8688359889847803
0,0.12248756023887773
0,0.32744207776490575
0,0.1536368219328306
1,0.8530585230305772
1,0.5950090567085511
0,0.826608792805573
0,0.5764795452637376
0,0.21526578684244255
0,0.37403882747814166
0,0.3974209859160304
0,0.553596053482955
1,0.8704743769083757
1,0.6177215731828013
1,0.3731684859942432
1,0.7174061550549121
1,0.8608925693276133
0,0.712456603527705
0,0.7890299298748881
0,0.5282061876970443
0,0.550881020389208
0,0.495842169788076
1,0.7668673639236522
0,0.08945732781187514
1,0.5481037083622072
0,0.2768600323170381
1,0.8645737038718253
0,0.21998650480045626
0,0.28802412962253626
0,0.3163883054263911
0,0.10442332576541974
1,0.3446978082121543
1,0.8909436422184327
0,0.456344764882672
0,0.17253432523558157
1,0.25110988224396624
0,0.06649045220062132
1,0.5850873082050079
0,0.6692345455224856
0,0.365467989355288
1,0.544916748464482
0,0.8034745170380003
0,0.49337351633232746
0,0.02078802280882309
0,0.209446916810882
0,0.29145444091985684
0,0.09971610424440674
0,0.1156892186385867
0,0.5245393758639548
0,0.4292417109161267
0,0.8763857191350466
0,0.8689116082988804
1,0.7485608398105885
0,0.7536255304990148
0,0.17970843468911346
0,0.6518931302143085
0,0.06632718530421539
0,0.05594172823037639
1,0.345952054093862
0,0.18304907703522277
0,0.21497270543187857
0,0.5685303968303226
0,0.2616822508059767
0,0.47329334333555234
0,0.39014056346014053
1,0.6753172752477733
1,0.8864975487840927
0,0.39493370177780157
1,0.7875529809858027
1,0.5365058961258758
0,0.37966260170609156
1,0.8249728444360139
0,0.21268280962983155
1,0.4256243225783582
1,0.6311437003082482
0,0.03712675356524731
0,0.3682141281697371
0,0.16783497932536104
0,0.04909150261103532
0,0.36656512157367477
1,0.8655386733747512
0,0.48428272122392535
1,0.6389655305977023
0,0.4546179512974263
0,0.6874310752631015
0,0.425108128142335
0,0.21353760291563273
0,0.42027023027190963
0,0.24655992088466938
0,0.020292413243042928
0,0.3990855347909596
0,0.808617829081835
0,0.23873214680617735
0,0.8503561566571259
1,0.6623082261593515
0,0.05764736308648694
1,0.5507776290002224
1,0.7110297552718992
0,0.5505432562711818
1,0.7477295501193835
0,0.13702709893698506
0,0.03746743984426644
0,0.07133346421781286
0,0.35729001495020896
0,0.7165459811835158
1,0.8993481243668545
0,0.3624020273708738
0,0.3615936456344968
0,0.0994103805692242
0,0.3740431746922304
0,0.4652268126854944
0,0.08465688917403276
1,0.5919669870343659
0,0.44024426206107
1,0.7620919231963955
0,0.20400054521964014
1,0.588118814265836
0,0.6681232318722711
0,0.1779829486339553
0,0.8013868784234258
0,0.13403394019756215
0,0.7008177336501537
1,0.880333727933261
0,0.37902269556183665
0,0.10244543592550108
1,0.8706785882675255
0,0.1100335839758765
0,0.22326525165031766
0,0.20914921498249697
1,0.8415409422840903
0,0.34973853544008066
1,0.8612555997949605
1,0.5017940210946897
1,0.8308120016295573
0,0.8666817635762906
1,0.7898684560394688
0,0.6591569195850515
0,0.40232834425128666
0,0.11541022752969654
0,0.2495731235739472
1,0.5831439881053632
0,0.01811561928527263
0,0.33354753458005404
1,0.8107779355546824
1,0.5374949886944455
0,0.046930654518277624
1,0.5080745957919295
1,0.2953809813240526
0,0.5551080283451794
1,0.8249846779156617
1,0.7749603269831221
0,0.9212987719046292
0,0.7843768897908563
0,0.9285359998696545
0,0.053521514801451245
0,0.929095104977238
1,0.7451426330533244
1,0.38295685010505
1,0.7060011002892709
0,0.05646879617759834
0,0.5113815697027558
0,0.48093767644677293
0,0.5634479985611298
1,0.5454902009543927
0,0.5947115993336407
0,0.2866700671029161
0,0.7679963585369585
0,0.8120073169117834
0,0.17942924500855043
0,0.06745436468011096
1,0.9176828730135294
0,0.2167276519620951
1,0.5732476873955414
1,0.16045605376503774
0,0.01247165534212872
0,0.7524041427628037
0,0.7469346735133807
0,0.17125651797687166
0,0.7702761619724829
1,0.8684285430700559
0,0.055924247539351234
1,0.7175693572235358
0,0.5265458287900273
0,0.6955557155439112
0,0.7042565414103246
0,0.2510347095721495
0,0.5494886440492738
0,0.2221460882838129
0,0.6807726461668142
1,0.5321811495083506
0,0.038181260673591795
1,0.28284563196723844
0,0.18782139242720955
0,0.17794148969690726
0,0.5183643435270086
1,0.7382752453474105
0,0.3996285722151658
0,0.37379905074480235
1,0.587382965709336
0,0.44387093179553466
0,0.6530859726217912
0,0.04513874894095211
0,0.34820875189258443
1,0.8947467390928687
1,0.5798346897986195
0,0.8766684998619354
1,0.7150419777979312
0,0.6328610021313548
0,0.3100596015304072
1,0.8790703150737736
1,0.9183399195174795
1,0.7915683982293098
0,0.07771015926122984
0,0.42726424751737635
1,0.5982350992829297
1,0.9060666934333498
0,0.03965889279044961
0,0.07622489377580956
0,0.40365831065714897
0,0.7040408522255637
0,0.10573459137913459
1,0.8918595693246384
0,0.08016482869081448
1,0.8856980362305256
0,0.24757716842807564
1,0.8351481956094113
0,0.4060486076776732
1,0.7999350033029449
0,0.24396672162222643
1,0.8795710845318464
0,0.22741340041488067
0,0.3600423424190682
0,0.10880780902783854
1,0.9298326990013784
0,0.4907395129552152
1,0.5445307446351765
0,0.04011143275305985
0,0.07494841222046188
1,0.4769736752595555
0,0.04689337959874041
0,0.02597685579729027
0,0.5431877326795574
1,0.6550072966343364
0,0.09167718075553817
0,0.6959201953208978
1,0.5381040666348391
1,0.4557239260519667
0,0.6396171669211558
1,0.5619603818748931
1,0.9071638346842504
0,0.0494509599903315
0,0.19050148542246467
0,0.4484693785983193
0,0.06330561573004628
1,0.8871026601956674
0,0.13460675609224956
0,0.18515854074837912
0,0.5571343757724131
0,0.083296014238367
0,0.1914837066609536
0,0.06787692014761737
0,0.0321194628078616
0,0.12525506134943198
0,0.659875750277363
0,0.5072980965225146
0,0.36215047723242877
0,0.40206760681327136
0,0.035772167297575715
0,0.3251501951627526
0,0.3949214008781299
0,0.40456640503562036
0,0.1827113804292441
0,0.1667918520902266
0,0.10289749524643473
1,0.4977865497546056
0,0.12042350988462559
0,0.3258481442167317
0,0.059211730613859835
1,0.21129430960325626
0,0.027231831796324792
0,0.42817652278259444
1,0.6131442449934101
0,0.22746944255613125
0,0.043260272010343645
0,0.26559537798190735
0,0.4676070046760739
0,0.9014111122063462
0,0.45637529412079575
0,0.16270147210917676
0,0.18448310226224296
0,0.5688062775210676
0,0.551557878619117
0,0.38685778281467936
0,0.08897148517239101
0,0.4410609016323075
0,0.029027922634613568
0,0.8500927673220637
0,0.28526095527649686
0,0.8647084875739145
0,0.01551368231907446
0,0.8520004982030263
0,0.2834721548152945
1,0.6083307816780759
0,0.5943247202331198
0,0.5121196685869874
0,0.04677736459285254
0,0.09090796817889561
0,0.30409279437030107
0,0.02088973590667911
0,0.5473712288133149
0,0.5265277106484558
0,0.6951786495188214
0,0.25699416225014066
1,0.9275358219594474
0,0.36393656111468803
0,0.05907778504086887
0,0.25258078290183683
1,0.8707808971556449
0,0.6565211062101598
0,0.3458951331545099
0,0.5359259232327566
0,0.055739300424430635
1,0.9301242268926057
0,0.12125516035505142
1,0.8059907997576632
0,0.23521479423928449
0,0.7095568236447878
0,0.4409295294824022
0,0.3661480316001919
0,0.44066418681843533
1,0.2094131860858798
0,0.6860280795579772
0,0.3922396976440747
0,0.10058537750620467
0,0.36677042697445
0,0.4006333843245396
1,0.3066047790840916
1,0.7371275273058042
0,0.641370685515461
0,0.14717842647701354
1,0.3940585982187699
0,0.36427128932499014
0,0.6190517368247057
0,0.42455589883347905
1,0.6878733361619341
0,0.20664035527224434
0,0.7354417665507776
1,0.7171395894213095
0,0.4277122191101332
0,0.3280129093466737
1,0.7175262946941208
1,0.4641455361596899
0,0.07705603961340145
0,0.0862492253077782
0,0.08296494752934494
0,0.39444371723306426
0,0.580423229363859
0,0.23968958183930444
0,0.4977232613354317
0,0.2853582343512205
0,0.706599104260072
0,0.19988307074310846
1,0.7043284031452794
0,0.3319947276172464
0,0.019419887478393988
0,0.7941196910055704
0,0.050143726713650555
0,0.2847371215163109
0,0.021962724647318032
0,0.060464904142747106
1,0.5853613293218635
0,0.03907188146108905
1,0.424380451407726
1,0.7379368647306329
0,0.17785379131819695
0,0.049343292995399975
1,0.45992309977454965
0,0.12305189153159166
0,0.12370000079004324
0,0.6865592061178647
1,0.5606407064584746
0,0.6878591452087367
1,0.7440760926559749
0,0.11909295137274188
1,0.7366660165802411
0,0.1357410727573328
0,0.7118406214800395
1,0.7804924010337018
1,0.8686675471302515
0,0.14319193712228948
1,0.21779327787676994
0,0.2601793164698782
0,0.04563620870767135
1,0.7400004702665596
0,0.032947181200016266
0,0.6494883221343183
0,0.8210689571862188
1,0.5748788188537559
0,0.07549175693054208
0,0.6207501232284397
0,0.5207691011016823
0,0.5849411718779499
1,0.9006320881567093
0,0.3883023911706764
0,0.29519806527356424
0,0.4998782626744345
0,0.06835995593924311
0,0.22724407112522008
1,0.07813806522928146
1,0.6549684015365511
0,0.1525408489858563
0,0.21050484055153837
1,0.47168095477740724
1,0.5697995392579734
0,0.4270399439989707
0,0.4000029103577518
1,0.9264831487538591
1,0.8300224745646878
1,0.6100922128027958
1,0.14667604879799598
0,0.0671070823392698
0,0.8645885426420077
0,0.6817812331882245
0,0.10313759315568032
1,0.5974512169348298
0,0.5543445579940262
1,0.8246808681829133
0,0.6140594421604432
0,0.030569428437322004
0,0.6313063459662472
1,0.6151162825955396
0,0.022583036917298235
1,0.6822278070297065
0,0.36116332682767094
0,0.7691104336744459
1,0.2640181437734392
0,0.27575029254844236
0,0.25763717893229177
1,0.8478986018028339
0,0.20286408408903522
1,0.6169756437486776
1,0.6369595705234979
0,0.36012610967489306
0,0.0346342134154021
0,0.34744789198839526
1,0.7344352424493952
1,0.47356986819154234
0,0.38284354894434375
1,0.7663188878159871
0,0.7545700292908023
0,0.21279570289101624
0,0.040162613337165295
1,0.7705446061457194
0,0.04704573973366815
0,0.4304303980662397
1,0.41944073723400793
0,0.9322046021044861
0,0.3934506177167213
1,0.6655142315260005
0,0.23981873178176466
0,0.567190487241494
1,0.2783276218632777
1,0.7653846606038387
1,0.5646783951206757
0,0.05529210442273004
0,0.3476673726786091
0,0.10843960796967828
0,0.36777695679255157
0,0.41260982668341295
0,0.380754919650911
0,0.34936950768291825
0,0.23142744412478214
0,0.2597254022003557
0,0.15467641483256486
0,0.575451757408981
0,0.14212307101120153
0,0.2241492232798333
0,0.24626423910919326
0,0.11388919564081615
0,0.09885912470376948
1,0.7032053585141231
0,0.18509678430203938
1,0.5602051583556112
0,0.6701468510971695
0,0.24369311651645248
0,0.5178075839336624
0,0.05326174031609282
0,0.48384304942636364
0,0.049198590160520216
0,0.2896741004053266
1,0.8791671881917531
0,0.06288733617671385
0,0.05314892381081129
1,0.8333824408125541
0,0.3060541364643072
0,0.3027751657716884
1,0.4671073284157523
0,0.02576609633063354
0,0.04556220086548148
0,0.07362584709973082
1,0.875883382618029
0,0.46315943680584043
1,0.6845777994787196
0,0.08944276685695016
1,0.9121890256673697
0,0.6888676070078918
0,0.26373531892052077
0,0.02420192244365315
1,0.7308566153478956
1,0.6114878821012312
0,0.8526971130272395
0,0.19023815613856143
0,0.5842700172819808
0,0.6938014491989005
0,0.01424418257696029
0,0.09823844137803092
0,0.55277758225255
1,0.681995543561694
0,0.5189120543769886
0,0.21368679609284927
1,0.7839692035027171
1,0.6001105474574014
0,0.2793306131861222
0,0.2340021947652039
0,0.3592058256669652
0,0.09285971167804895
1,0.3587177869417207
1,0.8315474695813115
0,0.2670840226352823
0,0.3888856571904333
1,0.8393312917073709
0,0.11685044634585476
0,0.6851736554469685
0,0.8049476883827871
0,0.08460732075709237
1,0.5958167234827082
1,0.8970656656093905
0,0.4257526139184305
0,0.4973994497062287
0,0.7147599134871326
1,0.7611110688113217
0,0.10462113748606598
1,0.8061676581932427
1,0.8919396292418738
0,0.014370669398233725
1,0.8638734108931689
0,0.12744035293992947
0,0.06236118508925111
0,0.6452089779765728
0,0.7127360086038974
0,0.801383747427123
0,0.48827702258012484
0,0.22642592851573534
0,0.07299953491046712
0,0.27221389871130564
0,0.3590464673586464
1,0.33470186248351164
0,0.07757297733360237
1,0.45276456111998503
1,0.4181603875782346
1,0.4523688966817376
0,0.12162827349813575
0,0.4944651436117105
0,0.02284907608024224
0,0.3573959582789537
0,0.11136185766098305
1,0.7695824400530424
1,0.2985865500303599
0,0.02584924446190348
0,0.03137259317623456
0,0.08960473217952002
0,0.1544578067871969
1,0.42227001297462696
0,0.1542832242402778
0,0.03359052470948371
0,0.14267358742610167
0,0.20873981418223259
0,0.4490470915990738
0,0.45455176442876666
0,0.5825873748740097
0,0.0219855234518298
1,0.6543524247059899
0,0.6638675412798117
1,0.617765531976263
0,0.743951679403442
0,0.14679831421737796
0,0.03780280677809758
0,0.24774317613767002
0,0.1628330629058842
1,0.6342712548915644
1,0.5767535709564895
0,0.034957476228954856
1,0.6007008266563044
0,0.5934872260181797
0,0.47200398812269645
0,0.4024183140278777
0,0.6235245310456461
1,0.4002669235811064
1,0.9354512650069513
0,0.16876001820826927
1,0.706304971139142
0,0.37106710133280735
0,0.36346062845645
0,0.2719241426457362
1,0.8961760573190796
1,0.6754297909123849
0,0.78987700705414
0,0.4571445896882095
0,0.4530912650895491
1,0.6546195496814269
0,0.20332815879320262
1,0.8336317480668415
0,0.7424528889951943
1,0.6789764000583844
0,0.4480363484649112
0,0.15324724050780178
0,0.04599094865975186
0,0.13826322255799434
0,0.5448677159573896
0,0.6147699903679567
0,0.14563250886947005
0,0.19181391506359316
0,0.5471512838612467
0,0.4682356135758665
1,0.5252746738938804
1,0.5736610524558351
0,0.6440357373774929
0,0.3763739764656067
1,0.13844398976322234
1,0.6412746864006569
0,0.49097002654341637
0,0.036848860343883585
1,0.42664083618490334
1,0.8518993851601044
0,0.7553894580072444
1,0.640763794527908
0,0.12157837408100826
0,0.1435817533906255
0,0.5060457031835821
1,0.7647785171324629
0,0.7050844582124162
0,0.538882323371863
1,0.9454278973052124
0,0.672240209912451
1,0.8607409131349418
0,0.4001408929892669
1,0.8842270538292811
0,0.6353309586913295
0,0.8051214069641313
1,0.6428329438424526
0,0.252156913741904
0,0.13189814367609706
0,0.6953776825119289
0,0.8330772131139348
0,0.6045632108014631
1,0.6065682661181002
1,0.7109356925690554
1,0.9342041203406872
0,0.30100465546813776
0,0.547983740571177
0,0.08147168945708227
1,0.838046588733802
0,0.49897948154250843
1,0.7801333433843766
0,0.8098337961741691
0,0.13994625064406738
1,0.6710199386109873
1,0.8491311411538797
0,0.3723115084559257
0,0.029925907011167298
0,0.27712187991132525
1,0.24718061977836978
1,0.4599070432003563
1,0.5092893949771303
0,0.579344118249078
0,0.12530077629070197
0,0.5733168131687295
0,0.43682152450020817
0,0.7775204869822558
0,0.7226153202314746
0,0.6412915989157961
0,0.12159563432686722
0,0.40809009553827474
0,0.24513608246359428
0,0.5945024798937697
0,0.3870178420166554
0,0.030799969462685057
0,0.21394823302638696
0,0.2947539979109575
1,0.5461106451064792
1,0.8669965502605157
1,0.8961084998306572
0,0.24791000620801804
0,0.5594481309114353
1,0.5461106451064792
0,0.07348473928743336
0,0.08392659446591802
0,0.547264026294883
1,0.8757309644292769
1,0.5470392896654591
0,0.03291584613564337
1,0.5082068006009737
1,0.8978656163380805
0,0.12280975394262804
0,0.022626858716241767
1,0.8497777114361909
0,0.8394523652710895
0,0.49392986866440874
1,0.1436429057092704
0,0.04777097036791794
1,0.5200084364745986
0,0.9087692929185331
0,0.3624178907729185
0,0.6085092430635785
1,0.871661127562295
0,0.04819551383652128
0,0.4832393145077725
0,0.07063453671807568
0,0.09503673545691753
0,0.4251282261619072
0,0.8113690633643011
0,0.09498470115276941
1,0.8785880090123964
0,0.2633352220709412
1,0.5377999684599842
1,0.42368763040642926
1,0.859592639694003
1,0.7602712235570065
0,0.8581055612024019
0,0.4817449363812467
0,0.4121387773489604
0,0.5189600367724213
1,0.9329937462679685
0,0.03552216618852155
0,0.023857111726404916
0,0.462829363084357
1,0.54997783740955
0,0.10329963834999815
0,0.5302406490036964
1,0.625930125016106
0,0.8858777595495765
0,0.0670037853440165
0,0.6458852066247665
0,0.3913028539956905
0,0.042317386387407674
1,0.5361825298329045
1,0.7547369401412695
0,0.4143052183477482
1,0.5007311097345558
0,0.11720315340284858
1,0.644782016666143
0,0.0486731618857944
0,0.4074107882191957
0,0.20007971880767883
1,0.6064390877640393
1,0.4166310832147723
0,0.05359580519781567
0,0.8504163733950229
1,0.8635768028054941
0,0.46889868469540125
1,0.7266172687179523
1,0.5357045891692012
0,0.25254177432893665
0,0.17085201861268823
1,0.9133326243273292
0,0.03206397771526301
0,0.5407406390708003
0,0.7538841532228351
0,0.28033290471701405
0,0.07901621631674849
0,0.5842746422529858
0,0.10956812514082054
0,0.41951979058706773
0,0.08166130570639578
0,0.05405372858157022
1,0.9187087311335265
0,0.4393542438848467
0,0.2931445451054552
1,0.7327486457734973
1,0.9044083788147345
0,0.1064384256505333
0,0.12324199194253554
1,0.4371139956529276
0,0.41309917204236657
1,0.33423207825496964
1,0.7209544005264779
0,0.18318818951770394
0,0.027334572374733197
0,0.27350367959828875
0,0.24374060669964534
1,0.579074761543938
0,0.1791969352398042
0,0.43842476097074684
1,0.8191630279054606
1,0.9082649201962211
1,0.662337176164863
0,0.3882386113865588
0,0.13402556925653264
0,0.11963363144790287
0,0.6079206006863559
0,0.6268368599693652
1,0.5539212763649528
0,0.5731534350882358
1,0.7734453921943215
0,0.581455417704261
1,0.6700650306282374
0,0.8077127063755235
1,0.9056535904980484
0,0.06561645159341682
0,0.34685455592314585
0,0.3623718376550854
1,0.7344707138204054
0,0.09654397683512639
0,0.0439360644532195
0,0.4878902655561025
0,0.44201238462476417
1,0.773890952929528
0,0.3223807523816912
0,0.1089677736457541
1,0.8626370627296437
1,0.48261338054049974
0,0.16736600890643635
0,0.5187105142577811
1,0.6219753896757328
0,0.5662459013864399
0,0.8238371051413256
0,0.7450031598237558
0,0.10608749143830407
0,0.22626251473855227
0,0.33453625508681933
0,0.2178910753500181
0,0.4518777400257409
0,0.6673467974309731
1,0.3530166544743557
0,0.05966788384987736
0,0.17071765592868116
0,0.6327115377906168
0,0.08421090669283238
0,0.5858745336830753
0,0.9065343626232066
1,0.8350449979071983
0,0.12075660833433324
0,0.06892832546447553
0,0.2104700981736871
0,0.18737424441195105
1,0.05444213939760072
1,0.5937791421954363
0,0.6535474475939219
0,0.405143147123605
0,0.042275434417295296
0,0.16764935227878705
0,0.1487558643926486
0,0.6547218230424693
1,0.6841293115514917
0,0.7199789896606158
1,0.3929005137146328
0,0.8389714925206343
1,0.9273239871418487
0,0.11395233553666674
0,0.316721065014123
0,0.5485797484415403
0,0.6963165518409961
0,0.1481928077753278
1,0.7426305564125962
0,0.646681856047082
0,0.5012761294986862
0,0.746354723640559
0,0.8430781028939365
0,0.4788296985660129
0,0.5620172704937915
0,0.20078396131753545
1,0.6483920244013388
1,0.9178697518977927
0,0.05789096483182482
0,0.05703168713536282
0,0.21557730967086994
1,0.763788762689997
0,0.17647947091019392
1,0.7873164736254776
0,0.44227747926922484
0,0.033899738333184
0,0.18404170184702456
1,0.5226488244384301
0,0.09607339784053034
0,0.5985047655314435
1,0.8220043594609365
0,0.49823154749102716
0,0.4519497617900339
0,0.09147758488532202
1,0.4828925156332222
1,0.09263791987556041
0,0.12104943834733148
0,0.058412151958630594
0,0.38843737942738327
0,0.3936581140492414
0,0.8005781764842861
0,0.8146493018965287
0,0.035661363022687916
0,0.3042256413163698
1,0.654273351016818
0,0.34356781532632474
0,0.6549890871337712
0,0.6490145568813923
0,0.49135114195184026
0,0.8973743686885192
0,0.08097044018387732
0,0.3619572926729149
0,0.11145397844902397
1,0.7604033492237233
0,0.2005847716284686
0,0.31145186896927596
1,0.5762975105569811
1,0.2387337202475553
1,0.544514294327828
0,0.40706385071739515
1,0.6229166599188919
0,0.03986762718166257
0,0.5771080481203734
0,0.03322422766451876
1,0.7797589415098313
0,0.050407238889962305
0,0.7042872357412625
1,0.6371401105777984
0,0.2676256729706964
0,0.3013629478405261
0,0.7380343557787711
1,0.4950439358870643
0,0.08033435569370687
0,0.8041625230150727
0,0.5341266559915837
0,0.015371347558911964
0,0.6750487214724127
0,0.11129855276159877
1,0.8339314888152126
1,0.8019607850358441
0,0.17778088316232027
0,0.6255554175329978
1,0.9006792685881305
1,0.7724438963070103
0,0.5776143612524184
0,0.526306970363844
0,0.9025820633393347
0,0.4472005200884608
0,0.6309416829562667
1,0.5483434981542689
0,0.6997905797110848
0,0.7213603337684246
0,0.23162346064270728
0,0.4310870492837343
0,0.23006406484529476
0,0.41459055866164335
0,0.42228361509016343
0,0.4042829138742617
1,0.8358618934582784
0,0.07226230069819091
0,0.6205677975060467
0,0.08898421237093954
1,0.295952792115669
0,0.25210700450787366
0,0.5906346682927156
1,0.6153219742066819
0,0.5055673748487916
0,0.7382044746326691
0,0.204063557330928
0,0.35251710594745134
1,0.5974821173683745
0,0.40120738702072894
0,0.11999990758653084
0,0.05530413495238928
0,0.3174782850467891
0,0.7382919209673454
0,0.6209963779938065
0,0.1349325285036243
1,0.6063190357822511
0,0.12484530106935172
1,0.34962695980838937
1,0.7802453503459066
1,0.4116198758698745
1,0.5633314955377866
1,0.828381557333134
1,0.6074783130152687
1,0.841789817835071
0,0.19654310729681
0,0.7360336325091381
1,0.8798794249884767
0,0.08800943590537312
0,0.924038603940882
0,0.5075290266115512
0,0.7571428063734141
0,0.17857298415347767
0,0.6845177328513335
0,0.8086142857291779
0,0.20238074487811095
1,0.8918292947820305
0,0.19353603366084374
0,0.14823654418918555
1,0.5611520176358712
1,0.8870527953188693
1,0.6923966083021934
0,0.09822083492712173
0,0.3030380669772695
0,0.5154226675137302
0,0.5520226680611088
0,0.22237432633921853
0,0.1556213574942802
0,0.08098794510042892
0,0.12361389351369681
0,0.2796296693879798
0,0.42192233004999713
0,0.2032311209745059
0,0.19121553321577467
0,0.02438933331835844
0,0.0504309994404753
0,0.06881376225939355
1,0.5703952784421007
1,0.7865079099153816
0,0.13606652697108762
0,0.032538448484591836
0,0.3973795603407951
0,0.3382808974400715
1,0.6473449091501495
0,0.12917624119080992
0,0.15483056724871377
0,0.4631846801723886
0,0.7772411500336514
1,0.8547740569480515
0,0.1934454094724229
0,0.45952372758522814
1,0.7427018247367371
0,0.8415243028750641
0,0.10846954461087385
0,0.0763313402581348
0,0.24820182308848737
0,0.30998345867024524
0,0.2887720382045732
0,0.05690096122609205
1,0.8000387395512006
0,0.6646032517070111
0,0.5378683479467841
1,0.43329668297776586
0,0.38116438558920734
1,0.8683561701502074
0,0.5436721789236593
0,0.47334372123989726
0,0.020114567732860692
0,0.0664664591450508
0,0.6134805828148889
0,0.6978888370383259
0,0.543864771529447
0,0.5967494857198142
0,0.23756094640657144
0,0.739750491212033
0,0.7162753156482932
0,0.035763610444045434
1,0.7775408598734038
0,0.5517371666671792
1,0.47058399428073
1,0.5222444129287893
1,0.5641604407553253
0,0.18472868618126428
0,0.8592217355943387
0,0.3743322032893134
0,0.02747530923547581
1,0.9043542990099667
0,0.3272356677868347
1,0.7436042373715307
0,0.6190416218394955
0,0.34093703653286334
1,0.8017739797809995
0,0.3357260139756287
0,0.12335795489189774
0,0.2317841366269445
0,0.6857308551275741
0,0.4950152107575143
0,0.10561889897360696
0,0.11075692514268286
0,0.07353123448535381
1,0.6269659650735655
0,0.19237077856407497
0,0.250967980833805
0,0.5243437244491328
0,0.03883133079236352
0,0.08960473217952002
0,0.3052569012009112
0,0.1683486830141221
1,0.6620631345368858
1,0.8806469244497076
0,0.37759893111550014
1,0.13971201340520015
1,0.7998380196872804
1,0.81271742140466
0,0.5238987660317729
0,0.40691030456748595
0,0.05136643210491215
0,0.5871288740010704
0,0.5565609741950478
1,0.534791695246971
0,0.025490061711504714
0,0.5972566869084459
0,0.5113503357330573
0,0.37509467371183286
0,0.08764459489848629
0,0.7843906724151527
0,0.49709671637230407
0,0.6086608070099884
0,0.3320941612978976
0,0.639192796031699
0,0.7487928630401312
1,0.8653419346361529
0,0.4223671814094426
0,0.2546561500063674
0,0.8256862068542361
0,0.05907778504086887
1,0.6602997848689769
0,0.08825993203441829
1,0.8147889211899492
0,0.737955875962268
1,0.45360698575086306
1,0.7727467872064796
0,0.09210152511883551
1,0.5040662217571465
0,0.7224623416175687
0,0.1430924640294807
0,0.03534572721272582
0,0.4521777203893453
0,0.22674740068276583
1,0.5628775350991841
1,0.8785004828462905
0,0.3707005219250907
1,0.5347528336150023
0,0.4581748913324381
1,0.8080253805522718
0,0.03280441502207398
0,0.7143136477011951
0,0.10107883055758332
0,0.7564386124082444
1,0.38193592767319695
0,0.48512841025251396
1,0.6942105599528239
1,0.4001875773087155
0,0.579074761543938
1,0.12341554726352694
0,0.1291011331205095
1,0.5694764800207054
1,0.866625943712269
0,0.047952700295067006
0,0.612944567698645
0,0.7548054985270993
0,0.7418657848388028
1,0.9239734245487957
0,0.03216867089428423
0,0.17197100719824435
0,0.5502163139272506
1,0.8632186322089984
0,0.418449136071113
1,0.6550927386218389
0,0.10646227135510467
0,0.26316933637591916
0,0.021640497241759767
0,0.31983495609540874
0,0.0918875041988567
0,0.5637027964185528
1,0.2195507516170654
1,0.8099453838920926
0,0.4577460270111127
0,0.24068761062276067
0,0.6703116500863138
1,0.786672107161451
1,0.4396295882325591
0,0.5116421963372175
1,0.6537300973608093
0,0.05616778629799874
0,0.15360421842226207
0,0.15939929797817692
0,0.6102729260124599
0,0.04798511906476839
0,0.6483691284905888
1,0.25311210339181
0,0.19472969021922043
0,0.061315445651006883
0,0.23384041746830236
0,0.06062262572490603
1,0.8702792537628583
0,0.715694422054066
0,0.7326438388783261
0,0.1699763531145407
0,0.7130022873327534
0,0.3152948611265236
0,0.11643801212236582
0,0.35013645760542006
0,0.7170342141558604
1,0.9056329756346213
0,0.3256226807709787
0,0.5560789454897729
1,0.460595323011862
0,0.8174395720770457
0,0.2186683219623006
0,0.6115458428172977
0,0.047944632841717245
0,0.1846561341963182
1,0.6726939687994682
0,0.03699082443585221
0,0.07066055638941943
0,0.17612966853003872
0,0.3468883640929987
1,0.24352056455428953
0,0.5639332349477529
0,0.6457015585179051
0,0.6704464960517948
0,0.21023145451654604
1,0.8410596487021758
0,0.1844201039123919
0,0.26189129044235193
0,0.13041890758740626
1,0.703752357980258
1,0.8662374798036578
1,0.6905821982263303
0,0.6893272360530263
0,0.09645117620116592
0,0.5898144921759791
1,0.5776754792700614
0,0.02965962663944671
0,0.3936204448207722
1,0.8844817062792792
0,0.05274062316933068
0,0.32436189054041265
1,0.44302392168369414
0,0.37958658899427233
0,0.2130369175870033
0,0.10436355869745552
0,0.15403988689221368
0,0.43479898765691233
1,0.8216795068894878
0,0.4900366859166392
1,0.6265635778429083
1,0.30322574416004516
0,0.24265399940158655
0,0.02413898644105294
0,0.3312945893095662
1,0.8651215495588191
0,0.13172241831234527
0,0.3392558906866279
0,0.41262439901827064
1,0.669429696018748
0,0.42311512959425995
0,0.2237211237430822
1,0.4477692239802962
0,0.6034466067239574
0,0.5909245597771187
1,0.6752631689592634
0,0.0575628360488086
0,0.7416471176352045
0,0.017220765154575015
0,0.2850980314451062
0,0.0650875178584908
0,0.3611555147480989
1,0.6826753756377815
1,0.6857299052449142
1,0.6435584182696311
0,0.18328812406960196
1,0.5393025946558718
1,0.16788002774229766
0,0.5683672285167499
1,0.45674045519596557
0,0.4500382160337673
1,0.8159513086765761
0,0.22943809678859295
1,0.8122987246831704
0,0.12785347646248146
0,0.41549986213909534
0,0.5384708764008603
0,0.57641890734019
0,0.2132489663100876
0,0.22037832946025712
0,0.8527203799178902
0,0.7164420551183814
0,0.8192283492576328
1,0.8910191832160929
0,0.3409381194403258
0,0.48410399512497987
0,0.5578930933351829
0,0.8089658165989759
0,0.25462565794270814
0,0.2615977585801603
1,0.49578644074326506
0,0.6109470309192737
1,0.8921397495396125
0,0.7786555411078528
0,0.7894280028063658
0,0.5340058974831541
0,0.09329503195821999
1,0.3423449377959805
1,0.6324655452476435
0,0.13857814706589813
0,0.522066468775518
0,0.13222324195337132
1,0.4072812090632729
0,0.2293371243963452
0,0.11111148974754297
0,0.5919272512380771
0,0.16504167213198007
0,0.23181215141567107
0,0.5994636274185203
0,0.6885667903526032
0,0.04108045389978801
0,0.09966779943882716
0,0.053799106674990355
0,0.3107531859296102
0,0.20018183866291278
1,0.8291149512718872
0,0.0325954911414384
1,0.5973650537080618
1,0.5726159958880722
0,0.26074667787951133
0,0.6406396010353805
1,0.8503015186866253
1,0.6417904622316506
1,0.7414129236730401
1,0.9103094083474715
0,0.24273710911292942
1,0.5594140190597237
1,0.8532634027057895
0,0.15913845483482522
0,0.5201601396769315
0,0.09633489741679623
1,0.7626518285188612
1,0.8411706549588206
0,0.5738673565111665
0,0.4979157549101965
1,0.6397337552617446
0,0.8390121251936372
0,0.8089570698150719
0,0.7273633850811859
0,0.5633633741785417
1,0.8334221468360761
0,0.2330804444601177
1,0.6824360767681787
0,0.27357988633074914
0,0.5014542275179494
0,0.45489100833990326
1,0.30960897444223145
0,0.05520917014385871
0,0.08809915644188067
0,0.10437920501217282
0,0.03610882134875227
0,0.170910393104761
0,0.40327711725824933
0,0.6431120826937747
0,0.7019231296079015
0,0.3933406744456921
0,0.5851884312487846
0,0.6457791654756185
0,0.15563697443957014
1,0.6858166974612027
0,0.8743507408662526
0,0.0791830125968578
0,0.09057046601300955
0,0.06503148346277143
0,0.7478239485964624
0,0.4422722170942134
0,0.426636930406111
0,0.09995999043299636
0,0.7841444541824953
1,0.6915593526864477
0,0.40580514144590396
1,0.852925435968974
0,0.8480456594674324
0,0.10223986737966233
0,0.20286660729757516
0,0.5606679444017317
1,0.7375343384092632
0,0.15810701449330825
1,0.6083495236951604
0,0.7785741278485697
0,0.38105246543466287
0,0.5056179992446603
0,0.09903759211116714
1,0.9119814358250496
1,0.7552713752809275
0,0.49254866868632763
1,0.2228471927939407
0,0.09628251309950443
0,0.10108377714560965
1,0.8369015001770526
0,0.08440884078310655
0,0.07909509759106408
0,0.03975809088318427
0,0.030203298232873464
0,0.803677511980551
1,0.7285810973918688
0,0.2657475183237389
0,0.0720058494933536
0,0.09697483099422376
1,0.7654552562294189
1,0.679071938060504
0,0.405143147123605
0,0.2102368974588321
1,0.7016057710788577
1,0.7527529410964393
0,0.28549883837126466
0,0.7464241827607659
1,0.7754762840463241
0,0.7704910065988348
0,0.3164760310741498
0,0.2899953294850607
0,0.07390771186766913
0,0.4530307662791651
0,0.3282647030075759
0,0.7200882500878469
0,0.5331166531632284
0,0.12584163156686298
1,0.8402537305537285
0,0.2238626254513448
1,0.8758945319386551
0,0.06644837817992556
0,0.8934638399198811
0,0.7844173628998092
0,0.43062151254431347
1,0.7959245814635475
0,0.41763365550043163
0,0.6908105143109936
0,0.41549986213909534
1,0.8917061264047839
0,0.23213679186445665
0,0.590182162606918
0,0.462708906597493
1,0.7707397821213587
0,0.3984653342565976
1,0.2214886790393042
0,0.059721167178891595
0,0.1316711203709941
1,0.20758784745936054
1,0.6375373864944549
0,0.29127589992690595
0,0.41251248345278846
0,0.07206248914627748
1,0.8994279921168233
1,0.31085955409766725
0,0.2621138811237962
0,0.5278218190541666
0,0.5189513510950562
0,0.9302732096931587
1,0.8385207251999997
1,0.668633920843734
1,0.6496368911601729
0,0.378976919903018
0,0.06140115512512361
1,0.8211348253418924
0,0.0598905019787865
0,0.07131876314903116
1,0.8799165619246794
1,0.17086546973627617
1,0.7906843508545575
0,0.17555758850140046
0,0.2362760046001233
1,0.6165804712527045
0,0.8330532808283458
0,0.3419644067161813
0,0.7567260496330843
0,0.6672978000226352
0,0.2677459751076103
0,0.22940381119593495
0,0.12657303717493426
1,0.9106245056400661
0,0.4704134897878765
1,0.8327593347218322
1,0.848874613283608
1,0.5354141580188754
0,0.583806011517083
0,0.02200829305336834
0,0.46129422812898635
0,0.3444198927988961
1,0.27049782996695654
1,0.5393025946558718
0,0.13379046935273461
0,0.9302943596236841
1,0.766663596169895
0,0.7358878391389095
1,0.8244175158946108
0,0.17511593250894072
0,0.33495794343905105
0,0.5778000823307865
0,0.45857752731565976
0,0.43691549272693614
0,0.9032565010525747
0,0.18299874135732735
0,0.6468461863067552
0,0.6166963280863295
0,0.3894609653421823
0,0.35486530071116373
0,0.6047022621485919
0,0.2261375832398711
0,0.08122514023446686
0,0.4801583372599444
1,0.8559957117592887
0,0.03727750789995237
0,0.2984949186575822
0,0.4485897287832552
1,0.8582147438066365
0,0.3780817173431599
0,0.44301060242687496
0,0.33333889654012944
1,0.7038678503555617
1,0.6115096695144752
0,0.8869926054890205
0,0.19397921384840902
0,0.375631849127667
1,0.8891702304152533
0,0.05567288050395826
0,0.07543300938858553
0,0.16770311994308548
1,0.7352645094573331
0,0.6815320659232648
1,0.509602529035346
0,0.01852557218573905
1,0.36326826651059985
1,0.7527335450072568
0,0.18011567939476544
0,0.7773227795002225
1,0.5994636274185203
0,0.3475180184649815
0,0.8841118649289086
0,0.5053860232928707
0,0.3398933048090673
1,0.795524936480734
0,0.07199691607840288
0,0.6302142319361863
1,0.5688336083712191
0,0.4618848007207998
0,0.043387923126740904
0,0.2589275849388422
0,0.5258693896034206
0,0.2507907060850924
0,0.09763445063462035
0,0.11229255151068998
0,0.1986526335620771
0,0.03676783054734646
0,0.10968514708107278
0,0.5406713356085365
1,0.7226290775594644
0,0.3133484563356613
1,0.5062683388471
0,0.08377397739150572
1,0.15725837134928444
1,0.9203002059643184
1,0.5212709106593891
0,0.2835023336242402
0,0.4091261483323394
0,0.26541776723761334
0,0.46831515841914323
0,0.17534043605048408
1,0.7342054562222008
0,0.27504942193651744
0,0.9180593100824832
0,0.45230962963163834
0,0.5648349988645516
1,0.85727262390462
0,0.6945846511350995
0,0.49052904414356463
0,0.2029099007996607
1,0.7771738310081642
1,0.8516751143482899
0,0.3421197718680301
0,0.2681754060277991
0,0.04125709078066045
0,0.8127346646177918
0,0.4411470060861563
0,0.34952559741996336
0,0.8087390263155725
0,0.10930942295915692
0,0.26407567954224304
1,0.7030373173037472
0,0.1859990094099159
1,0.7525072456735465
0,0.3728483578237563
0,0.7296262733065066
0,0.13026168784741196
0,0.3819638952109022
0,0.08137140993918218
0,0.7712832665855683
0,0.8589561308921164
0,0.6534318154075746
0,0.16179471846032573
0,0.2029416458389135
0,0.3783659599603589
0,0.7361291408284993
0,0.032934904973835014
1,0.6514936314840871
0,0.23330559056077105
1,0.29157863520345684
0,0.03304693787977326
0,0.7903396295936318
1,0.741136810543579
1,0.4983679955150974
0,0.5553202906363298
0,0.6682526425557069
0,0.6312632733787616
1,0.4899389694451807
1,0.6783033516178114
0,0.4887241017326834
0,0.7258707946346796
1,0.884892293126892
0,0.8260409094601098
0,0.6195427772414042
0,0.07642318310759157
1,0.6789203389561539
1,0.8613685315451183
0,0.822094068171177
0,0.8825926893817265
0,0.27831930810940686
0,0.4976926538547143
0,0.7599215955630549
0,0.3546653010159165
0,0.9071449772581639
0,0.16777927898151596
0,0.8313720486475144
1,0.29676775786216425
0,0.493971984453409
1,0.5940685137808055
0,0.7117329744621038
0,0.3629086158598136
1,0.6324749525799266
0,0.19051929737475848
1,0.3790090460301297
0,0.10387480991376835
0,0.23668121612427956
0,0.268356992795465
1,0.6002011607675661
0,0.6546532790170858
1,0.740538639309517
0,0.7058929094624457
1,0.868276806077938
0,0.39229766560507545
0,0.09262191801987955
0,0.09645452046666639
1,0.7426808492434221
0,0.7440043683626644
1,0.5186844873353293
0,0.6148178903579241
0,0.2100185896054195
0,0.18427052377031589
0,0.5448456668355751
0,0.08224958482532686
0,0.4805102661535935
0,0.35552871405553677
1,0.4942021262004521
0,0.016735982420379325
0,0.7402277949453295
0,0.2953829120684887
0,0.5515085799783996
1,0.4290754243762244
0,0.8908170119931469
0,0.16313158678808282
1,0.7517124125653777
0,0.17760261689188558
1,0.7397840529051936
1,0.6105844649826629
0,0.14036763982013897
0,0.01760663642069392
0,0.3912778659439624
0,0.8669965502605157
0,0.10394954342817651
0,0.41354930875137685
0,0.49108485821456166
1,0.5872523697950146
0,0.5700798731236181
0,0.22189735659493984
0,0.5575492575070213
1,0.7226155294685006
0,0.7619887942584521
1,0.7504924763412665
0,0.2908509617093934
0,0.6006579739781029
0,0.44329782658871203
0,0.13225165931165442
0,0.02989773571898509
0,0.5873235126804179
0,0.6791391572031702
0,0.7313586080964698
0,0.1830180719638123
0,0.39458558167319463
1,0.8189808071780047
0,0.09582779502780585
0,0.44187814704769923
0,0.12503054371033584
0,0.39861293294099137
0,0.0737626044037761
0,0.18678415644151175
0,0.32618578878528237
1,0.6784461714282505
1,0.5704869084945193
0,0.5018906349748727
0,0.4676301642671562
1,0.46612667442281375
1,0.7961325906009599
1,0.8863376367175783
0,0.5942034436529064
0,0.09210965169447032
1,0.8821530199860845
0,0.5547182164349432
0,0.19472969021922043
0,0.6203981056386688
0,0.31134226430877154
1,0.40286151079261473
0,0.5340761156578535
0,0.03715102111727102
0,0.30136447710782827
1,0.5265978019490288
0,0.8090443140597204
1,0.8221370810856748
1,0.8908759533528013
1,0.12123337382222307
0,0.2728225023596519
0,0.7573645596572918
0,0.19661661053798277
1,0.7755259846573361
1,0.8872559926559661
0,0.3219760042120941
0,0.28108079084469323
0,0.7549662267502085
0,0.06790966966258666
1,0.708875384238798
0,0.06979892124840023
0,0.08243057556204883
0,0.5627713680665417
1,0.7099426561935331
0,0.5619016181135558
0,0.6087932193962784
0,0.6705414235693068
1,0.6079948543257038
0,0.02777323632175783
0,0.18786782355992634
0,0.19265791113889214
0,0.07984744694069898
0,0.09328865125981631
0,0.04797922785915493
1,0.7599496227262449
0,0.13694812402667467
1,0.38035044140760904
0,0.38581011379646746
1,0.6806069400969664
1,0.8022245390374005
0,0.11081604005198405
0,0.6380372828017129
0,0.891065789119289
0,0.12083085547108668
1,0.5886663633745822
0,0.14529909184178463
0,0.5943838477048203
1,0.8456995342216665
1,0.8450906404640163
0,0.24505983577884147
0,0.20421853637533857
1,0.46314950748242306
0,0.08410718388135519
1,0.3740939660389525
1,0.7015639739267407
0,0.2298166561527151
1,0.9130787581660185
0,0.5371390596337985
0,0.39217777829894374
0,0.037587062189780446
1,0.7520536192212964
1,0.7207527861692529
0,0.5997281802838275
1,0.6701205530098033
0,0.33920891107458107
0,0.7046358572274204
0,0.12484530106935172
1,0.6824647515710058
0,0.0209716868265031
0,0.051668818461582604
1,0.42952752737422123
0,0.26087309274130777
0,0.407322498417707
0,0.054126309152358935
0,0.2656611542716789
0,0.6631964121800361
0,0.3147947254134596
1,0.45724093124547666
1,0.6762584971446121
0,0.18865276980433845
0,0.05528704773692671
0,0.25746303648462127
1,0.7826277688191662
1,0.4472811276654397
0,0.7557315040124305
1,0.5771042903277976
0,0.3801437918084717
1,0.8869679605163352
0,0.061103587573830574
1,0.4655974462603349
1,0.676776593772417
0,0.8244807065265879
0,0.03312871957338111
0,0.5659785095390352
0,0.3046304990772341
0,0.83910869687685
0,0.11589561014065085
1,0.6438484250904842
0,0.06783470530623723
1,0.7305700871326336
0,0.11293761040733626
0,0.43936096027872307
1,0.4401193060065487
0,0.05564833107548587
1,0.47620131509574926
0,0.0402970065962064
0,0.21588985118590864
1,0.8696320421967856
0,0.31064113275157307
0,0.03890859787744564
0,0.4265846864545325
0,0.059960632797609104
0,0.7201699689606768
0,0.6592739988876051
0,0.021520462781029325
0,0.6978325892468801
0,0.05326578227116391
0,0.5333883973518941
1,0.7409443382194627
0,0.6029004903577373
0,0.4819540652233998
0,0.6079063129374155
0,0.25885954440789705
0,0.04040534472596125
0,0.46755726780366047
0,0.2850264632078075
0,0.10520597369236691
1,0.611652866435187
0,0.07593422259823958
0,0.09672026744287165
0,0.3697767485629081
0,0.4208250921777292
0,0.5271729516352238
0,0.2296986049942237
0,0.4625963779048922
0,0.1809532194474208
0,0.7994834615077645
1,0.44598155122575717
0,0.2587662439207567
0,0.3445881277877532
1,0.870516970177007
0,0.5312847250513388
0,0.07922363356849009
1,0.6273463328549791
1,0.8928726639604039
0,0.2559021500518
0,0.015810833925848422
0,0.07353123448535381
0,0.35259803901114867
0,0.02592678630428462
0,0.68863853874387
0,0.6170320574297177
0,0.05247416460793002
0,0.06262196153226061
1,0.7300721833642958
0,0.5752356392700829
0,0.0849037128420761
0,0.05249171697061311
0,0.11300440372468355
0,0.689224706562254
0,0.5493409390045091
0,0.754117172125836
0,0.03167326520128286
0,0.11936615088011665
0,0.7175915650151693
0,0.5680384213633816
0,0.1562178992980279
1,0.07142972352534892
0,0.02261247528839841
0,0.35119013927272913
0,0.47288250622460104
1,0.34154244484278884
1,0.14237039683451957
0,0.15196024278037323
1,0.5590117095786561
0,0.07494841222046188
1,0.3546578766865615
0,0.8203664616318247
0,0.4603308338355326
1,0.43310732569652144
0,0.04251052310353679
0,0.41217073013476
0,0.04336669419577935
0,0.5703747974521356
0,0.7279505334677254
1,0.11616543445758769
1,0.4487013941332865
0,0.3184516138579914
0,0.45277028487435295
0,0.3115634095566758
1,0.4542476885618114
1,0.7932138308875133
0,0.2033751445582979
0,0.23868952535912566
1,0.5487966319198645
1,0.46868821270337113
1,0.8060189968314797
0,0.03839843862947356
0,0.4727108155316543
1,0.6002247269289247
1,0.7953881157196913
0,0.6087557548089569
1,0.6977899497211619
0,0.23257261216961006
1,0.6510509069679419
0,0.09261995903253208
1,0.5692072790011562
0,0.03999304421389408
0,0.3730965383179221
0,0.7698615346357427
1,0.9147801957569214
1,0.7442569377817956
0,0.33176978296607146
0,0.4701439048430925
1,0.8915500519691663
0,0.8201192587153462
0,0.34128083524096087
0,0.05388389069738017
0,0.5589774414191881
0,0.633707189453406
0,0.39226135826836095
1,0.7711814633777226
0,0.192166882814909
0,0.26087309274130777
0,0.1129281520142833
0,0.07889651696258189
1,0.5771249943421536
0,0.7667138614932046
0,0.7190920145853135
0,0.016934375846955438
0,0.4022562079127258
0,0.33562286151913134
0,0.5562940678966553
0,0.0698904688808085
0,0.8238013964745806
0,0.40159195270301834
0,0.5874441318331327
1,0.4111757024776152
0,0.6795538139544933
0,0.06584396144655096
0,0.0849037128420761
1,0.41638483343027727
0,0.2537235079387401
1,0.7958950431878866
1,0.8155330516162307
0,0.5667128553492107
0,0.028033048936259443
0,0.01793057011152474
1,0.3711689667510912
0,0.7239830892503679
0,0.14971850389815783
0,0.08907035752577526
1,0.8425417843839226
0,0.09812033145391676
0,0.08012449867033786
0,0.22632041463042987
1,0.5188024419455709
1,0.923103032721399
0,0.33419204876610886
1,0.5869915024452137
0,0.07167203443264335
0,0.161070282292338
1,0.4289258867155435
0,0.11146401310994197
0,0.22446352018176394
0,0.47611922534175677
1,0.5871360293583857
1,0.8924383677647134
1,0.6711027524741807
0,0.2310747660259247
0,0.11869366948003733
0,0.5276457587909817
0,0.5325531685683867
0,0.0860331634717291
0,0.7069754111001306
0,0.7023938540903236
0,0.3684589734340779
0,0.47981842021818494
0,0.5116167377461236
1,0.3260801001101736
0,0.03267224342275686
1,0.2285599941742281
0,0.5866174793325861
0,0.5476116187618367
1,0.4930445319253057
0,0.18191542636041247
0,0.9130315827766861
0,0.6547867636913782
1,0.2806326014643102
0,0.07724263182627275
0,0.2948982907530616
0,0.7377520467708505
1,0.42417132281142295
0,0.3275667243544186
0,0.07681423142124293
0,0.331880515159098
1,0.8542175735380386
1,0.8498638664285656
0,0.024540662170017265
0,0.4819551766776649
0,0.324952602568308
0,0.2511335404978034
1,0.8409566592678501
0,0.534904923817819
0,0.5080859760330604
0,0.7310247039733528
0,0.6268896795263068
0,0.3179843363683961
0,0.5924622556228684
1,0.6925776899976565
0,0.21439815696424955
1,0.5375004358346693
0,0.08778137544907796
1,0.5344573374139917
0,0.05828380520261412
1,0.691336928265688
0,0.4798079111031269
0,0.30852971204868884
1,0.5623042198561334
1,0.7897711011375086
0,0.3230952378891593
1,0.4721271985207806
0,0.5500827603877726
0,0.28825804429298674
0,0.6243933581251082
0,0.3847696164259433
0,0.27566289748261413
0,0.0640920000041062
0,0.7587941272933791
1,0.2551218317379345
0,0.05010440448100365
1,0.7675228215883447
0,0.21640847080993628
1,0.5591915888191541
0,0.24988686306612745
0,0.17509655167951413
1,0.5737779107942315
1,0.31387616943853675
0,0.19694833323685257
0,0.04237657361665956
0,0.557653065637109
0,0.44378201565049236
0,0.567676015769413
0,0.309277673382661
0,0.8809285613684688
0,0.24952810736869743
0,0.49703153088961366
0,0.03637992539735387
1,0.4874193101583593
0,0.03809727498049162
0,0.520154616989384
0,0.5626809178274392
0,0.1816612697481847
0,0.405143147123605
0,0.28458429993005885
0,0.024270311046842394
0,0.12371881529984242
0,0.09859303000732803
0,0.1402076554348904
0,0.6840814020296615
0,0.5354230299502154
1,0.7111953323868317
0,0.1090323265512148
1,0.9247123278208994
1,0.8015227837330748
0,0.5500647248028926
0,0.15743415004599448
0,0.8421225726695282
0,0.09246097656303405
1,0.39786113028078274
0,0.780882939451686
0,0.7723466959949763
0,0.0648816977729641
0,0.02543837723334359
0,0.19691165065100394
0,0.18891267592620076
1,0.6507368927720575
0,0.08489843754856106
0,0.718063505850288
1,0.1791120661801658
0,0.7149541860686889
0,0.12462917701356824
0,0.4854479827771942
1,0.45781107719976344
1,0.9023525252569637
0,0.2757522838046716
0,0.09428390148049105
0,0.1530035785159756
0,0.22221559521083303
1,0.5742691564872661
0,0.38441027543851286
1,0.6010019993229526
0,0.03359052470948371
1,0.6626188393867253
1,0.1785834399432026
0,0.08248656693510292
1,0.8189345295882478
0,0.21718394509350042
0,0.5967414341084774
0,0.29357269238946193
0,0.1800034075712608
0,0.7396817974954386
1,0.8690325427542499
0,0.43934202583167037
0,0.03680714827118114
0,0.5160023279427786
0,0.6868300994011233
0,0.20653716010320403
1,0.6463645135153171
1,0.35324672162020504
0,0.5332891654033899
0,0.017998322298010776
0,0.2735082258675373
0,0.16608990081970235
1,0.733063541701576
1,0.7174016304813856
0,0.025660033150481383
0,0.05197074226716397
1,0.6465784761706278
0,0.5116427387783485
0,0.2632230372644686
0,0.2092069967447851
0,0.10789437168003738
0,0.5363143208346188
1,0.4668123557860525
0,0.025334304394703893
0,0.18163505375998903
0,0.10541541896369214
0,0.40607756800223077
0,0.12074245930115748
1,0.6801125689031454
1,0.362518752676486
1,0.8818614363050584
0,0.48767112514569455
0,0.7637457642575881
0,0.42641861436553835
0,0.279969155593443
0,0.3657895160133594
0,0.5204279374030146
0,0.2098624576460667
0,0.34057358374385094
1,0.8430568606605324
0,0.2493150299562288
0,0.6922950587786677
1,0.4703672539972374
0,0.07882532063058424
1,0.8343015708741939
0,0.6088604511700225
0,0.2113712191121534
0,0.3147947254134596
1,0.06620655045232146
0,0.16306649701972678
0,0.3578324024027948
0,0.606989763559645
1,0.39409537655716764
0,0.12817661149763998
1,0.8887179837999768
1,0.4009273361091883
0,0.643418081197068
1,0.8963605346492114
0,0.6528706629391958
0,0.08776424525136108
0,0.06279505220914383
1,0.662194924989401
1,0.1458418173288268
0,0.15360421842226207
0,0.2992405344354711
0,0.08637366667259418
0,0.7322481434839975
0,0.08928186808999375
0,0.5277204410921814
0,0.6576935059421046
0,0.022278374939157145
0,0.11919016776661673
0,0.03164289541413997
1,0.6245005793182143
0,0.24604353491490705
0,0.8518905879908756
0,0.15971002143130794
0,0.09591343248178055
0,0.38491929564160887
0,0.23827860727924383
1,0.579596063186771
0,0.723698010523547
1,0.5266840380841393
1,0.6498429383282305
0,0.11996759683512732
0,0.0329727966010192
0,0.09348970941278964
0,0.04573727429478919
1,0.8162769296677755
0,0.22732269208854808
0,0.7113667496795654
0,0.19998765997253065
1,0.8363670229106307
1,0.8665628164517035
1,0.7013157204041514
0,0.8801046069592907
0,0.07661295252491197
0,0.7114956889947234
0,0.3156857436787383
0,0.10635500615508098
0,0.1511074510287521
0,0.4520095387247726
0,0.34225938325756516
0,0.04506831597612223
0,0.752165455341161
0,0.3687841511371659
0,0.03931542433249977
0,0.5621934453794996
0,0.4031994138136012
1,0.6503380375715151
0,0.6303249841730528
1,0.5243991772043716
0,0.6819260775156152
0,0.18648505291043938
0,0.26534312521741843
0,0.1545897812808271
1,0.8810646806912055
1,0.4569737651561532
1,0.41330275136273686
1,0.5882253099298105
0,0.6275726511259095
0,0.13378518277518187
1,0.649963690959851
0,0.7375012593901351
0,0.5954155903846248
0,0.056501231897422656
0,0.05279026942723464
1,0.6838821148702046
0,0.4450075996060444
0,0.3872181863239179
1,0.7391289109572202
0,0.04556897307691744
1,0.44909096081542027
0,0.2291390977249922
0,0.10693034695935301
0,0.4409899641019754
0,0.0559620334240352
0,0.0543738551792531
0,0.14846357291096793
0,0.07060632567118369
0,0.4976029198386047
1,0.6139474136251941
0,0.42618499145568634
0,0.03501320501545423
0,0.05173485549114937
0,0.0823625587858824
1,0.8321786813202611
1,0.6631004019467996
0,0.46055489652380993
0,0.631665820748432
1,0.5922523806196747
0,0.15068128167610528
1,0.490636451561555
0,0.09006803967148992
0,0.6455463693862094
0,0.0938420807488095
0,0.861928376996057
1,0.8393321761473185
0,0.08961928171204864
1,0.6853336046821427
0,0.5270464829231977
0,0.054221035490143545
0,0.6180319298437578
0,0.22140565775036444
0,0.8731276173421828
0,0.4790757123447186
0,0.12409309218534287
0,0.14568441655225117
1,0.7514159724194208
0,0.1593842405954564
0,0.04755497116315265
1,0.7523013589244858
0,0.4680458874321825
0,0.061966543365263825
0,0.5514104748416849
1,0.7684503938595538
0,0.0317044083025243
1,0.9068898152003633
0,0.42725607289712203
1,0.8612871882680823
1,0.6335546123767689
0,0.610248528631947
0,0.1807752342600285
0,0.03549000586947615
1,0.7349215749883512
0,0.3147090019600249
0,0.34160910135466543
0,0.7063006894262527
0,0.3736023374126952
0,0.9250962741909249
1,0.5766527909038264
1,0.8597370195811802
1,0.692003397716685
0,0.35139156249752745
0,0.10826647853440749
0,0.4341576148132512
0,0.05295729085216841
0,0.10242669270750332
1,0.592718923314275
1,0.4502200384206961
0,0.11161145145846273
0,0.5926464061389717
0,0.10267716890452677
0,0.08917498921963354
0,0.43387113054606957
1,0.8232522057313074
0,0.5740822358955627
1,0.5250021145026021
1,0.4332849019660338
0,0.20644494484585563
0,0.9219512983480979
1,0.5204907794937961
0,0.04915494706113858
0,0.49225625857528227
1,0.5410896921056998
1,0.7114539430045249
1,0.5446643037798876
1,0.6672689807024824
0,0.25194015827617616
1,0.8176743371298767
0,0.055172095978703255
1,0.4921147047951941
0,0.22043506512432895
0,0.18766950021625242
1,0.6838108389567259
0,0.18965199197693688
1,0.6872936440229408
0,0.0653309399818369
0,0.4097293570749583
1,0.41550810045730296
0,0.34135434366069906
0,0.20654487591372953
1,0.20746587805963052
0,0.10112286198259428
1,0.35951858645181745
1,0.854387078999219
0,0.4225963258548282
0,0.18921471883242416
0,0.02648551491536238
0,0.2685207393540736
1,0.7529163054535843
0,0.6483063467210485
0,0.42194919454752605
1,0.5266736090911069
0,0.5249461467443777
0,0.5798366822657025
1,0.7703794579479107
1,0.2559416552107587
0,0.2770640939332505
0,0.09262859527568185
0,0.4883244084245587
0,0.3069747984538017
0,0.04033821286941591
1,0.6750293730285488
0,0.4137999219305265
0,0.7610775794666088
0,0.2844818146309164
0,0.4895573123744836
1,0.653154412581062
1,0.6375987578424145
0,0.41284691403448043
0,0.6961636817867929
1,0.4397844071138489
0,0.07776203325227825
0,0.3673948666772481
1,0.7774987027058516
0,0.11797782091549325
0,0.48580934576080415
0,0.6809096295912388
1,0.6636011977510685
0,0.040333243429660944
1,0.25797031201842047
0,0.16407987549126846
1,0.5888037877127548
0,0.4393718449726648
0,0.12417905876625138
0,0.5921426008809463
0,0.5246930391425917
1,0.743633861305187
1,0.8032641553993625
0,0.40011299352770585
0,0.05916358133031088
0,0.2847287738421806
1,0.29728446024628574
0,0.5694514914397433
0,0.08108188415777404
0,0.04438631622500474
0,0.20628141793717497
0,0.2065011948713295
1,0.652025264388391
0,0.19444992016659576
0,0.24908399728495018
0,0.3713768218928175
0,0.6281270515367037
1,0.41223068519467704
1,0.8496433649147526
1,0.36191846281693935
1,0.6845792084252788
0,0.0552792194257883
0,0.256508335324352
1,0.8736263755173647
0,0.0843861185930456
0,0.03433349092806258
0,0.13942120965176813
1,0.04427097178790599
0,0.030364931726810186
0,0.5025280719073089
1,0.3511847142668089
0,0.21717634925378046
1,0.7131764345966324
0,0.14326353186201157
1,0.6434193330943392
1,0.8238855035593452
0,0.5563745775937913
0,0.07592814174167349
0,0.5353116511832543
0,0.22226072638157146
0,0.6004582463691069
0,0.29873370322921633
1,0.49246851951115067
1,0.7460573725472426
1,0.928283281134713
0,0.06847908168386752
1,0.6528835322853366
0,0.19627628821575752
0,0.42091916009942487
1,0.5943079637494866
0,0.533542847574808
0,0.21616108747062532
0,0.6800538017363214
1,0.7528039084319146
1,0.6740408886998576
0,0.0839025351217457
1,0.12447448834174914
1,0.8762225273015486
0,0.6488000270889243
1,0.7617913989963402
0,0.021745882745931023
0,0.14261806156272197
0,0.45569890986273925
0,0.12986898289760332
0,0.058019998811373034
0,0.08688165555882166
0,0.016988291975351528
0,0.321499194642368
0,0.13915256053936528
0,0.29154928081434855
0,0.17295989221913244
0,0.1844201039123919
1,0.5613074373558702
0,0.4464877348662867
1,0.6275081947385462
0,0.08826814767479736
0,0.06469366581319975
1,0.6679793207008385
0,0.5657582938535352
1,0.9101574197380765
0,0.5895939736732155
1,0.5704338427025891
1,0.584086731843006
0,0.38576671875677254
0,0.2641811641974041
0,0.11752014827232243
0,0.8929614041589812
1,0.8497217030366118
1,0.6172130138969256
1,0.3706315677598453
0,0.03715644595865248
1,0.5943419953505819
0,0.6088497319008135
1,0.881154490694439
0,0.35673632046135006
1,0.4158831972280232
1,0.7600212834218509
1,0.8842596827502344
1,0.6193670335652361
0,0.02462429222398329
0,0.3422985260307935
1,0.9301021080480362
0,0.619426419135589
1,0.7366922670547963
0,0.102843593109353
0,0.12005430629825763
0,0.34671662067348846
0,0.5636706157249264
1,0.46014388025950476
0,0.20615649154151877
1,0.5555321833961179
0,0.03520405199930976
0,0.6272584821788268
0,0.4517718085669778
1,0.7820828277302698
0,0.5748042100266836
1,0.9011651318558488
0,0.12086020218698909
0,0.28889741224593835
0,0.031484068168695936
0,0.13296688596401215
1,0.9295231879321856
0,0.3740762629524098
0,0.21303899176771288
0,0.11942099521379282
1,0.48462312438296273
0,0.07079400833071708
0,0.13233206630078326
0,0.4908071401887981
1,0.2697065331780273
0,0.10230294136801095
0,0.06991789430941088
1,0.5942557478414959
0,0.23056180786376662
0,0.8710399327958052
0,0.8687118807633122
1,0.9053745386547103
0,0.4349303878400189
0,0.9397348613785779
0,0.43484284176464827
0,0.48690632723346006
0,0.338803633996082
1,0.7605453588984198
0,0.1069363348732514
1,0.6606104375890804
0,0.02586598310503122
1,0.6346598428907628
0,0.36071758872678983
0,0.07112419514947886
0,0.28604775279421707
0,0.5663052623345206
1,0.776912642309697
0,0.3715315247392722
1,0.7396245220514943
1,0.22104060317061947
0,0.5815282380868413
0,0.11641709882712192
1,0.24905415364450037
0,0.18344517963611284
0,0.1574171182173334
1,0.739318191684151
1,0.2160652865648266
0,0.0331956944071178
0,0.1082276018942873
1,0.727266824798638
0,0.0752611957365699
0,0.1777700446603577
0,0.4634372311979075
0,0.6867846131970964
0,0.6892220853304794
0,0.21753635708383576
0,0.08913352105034941
0,0.5866834680261649
0,0.5554146345998298
1,0.41479086668975906
1,0.6786682510461854
1,0.6156413505439404
1,0.8863304492774062
0,0.03575403419452639
0,0.16371638303065827
0,0.09545539564026227
1,0.46030272618504675
0,0.4047979704387249
0,0.33419959672191474
0,0.03200903435767726
0,0.11811744899844973
1,0.7530176930153024
0,0.2149350067714951
0,0.2209196522645427
1,0.692382805493405
0,0.7018572480822609
0,0.20822861659218236
0,0.8389489340388562
0,0.2509932181695726
1,0.9207269964212029
0,0.4152678488448746
1,0.5755610479921125
1,0.9132814014466472
0,0.7636235952058863
0,0.17257562488707018
1,0.5176802236124018
1,0.8870846876254936
0,0.7024076841721777
1,0.799854492688054
0,0.6762533335867607
0,0.057829091412126124
0,0.5469006090170875
0,0.15360421842226207
1,0.8438245210200573
0,0.09906248155894012
1,0.4035279643973563
0,0.13847294409845387
0,0.08382547819240208
0,0.013548522276011882
1,0.6119093786399659
0,0.36552174991561853
0,0.35394378935310916
0,0.041333183013498476
0,0.36701776660426744
0,0.659741858825588
0,0.2234305849590117
1,0.791510115273105
0,0.04087192639265248
0,0.1443584618289385
0,0.05626404580492143
0,0.57356113449116
0,0.062772877108843
1,0.5684819614114532
0,0.28389671938325195
0,0.2884267628980003
0,0.06101534254224161
0,0.6843014147227988
0,0.20786729942999582
0,0.49696725890771226
0,0.037690688028300355
0,0.7631412182117313
0,0.0609633554010143
0,0.0230999474906659
1,0.6785900237604665
0,0.6669201948355845
0,0.6827289107192293
1,0.8031879578530997
0,0.1548885636483975
0,0.26116645590861237
0,0.5162325395215135
0,0.7642265284412044
1,0.7871740992111599
0,0.13993165611308103
0,0.7913361311496901
0,0.32455263100725196
0,0.07561271807981225
1,0.5381260127973271
0,0.40118448388008693
1,0.8235905602157412
0,0.4419090888401454
0,0.08300182626261829
0,0.8330921811586667
1,0.710613794802374
0,0.5403990625107634
0,0.650081376553235
0,0.03659687794720787
1,0.419146209921157
0,0.11239790006818208
0,0.7629123856474029
0,0.9268729375294935
1,0.5682205620935835
1,0.6041345668094635
1,0.818213006760617
1,0.5766245624267927
1,0.8684430981439267
0,0.8841249580845668
0,0.225329067052852
0,0.03538634148330056
1,0.6002503809734179
0,0.5196688484984349
0,0.21694375672436234
0,0.798149833744916
0,0.11041528859607992
1,0.9288849502357738
1,0.6686946890739194
0,0.026863362677064566
0,0.5112825521978451
0,0.1070906552432804
0,0.8826280155233394
1,0.6500651176039317
0,0.7448408120783186
0,0.1844637396773247
0,0.046308546621038206
0,0.6799019107996993
1,0.672411322225499
1,0.29903297792644545
1,0.8581272724262125
1,0.9325755599280015
0,0.04390443468537155
0,0.19444992016659576
1,0.7205048290415067
1,0.6503264226707667
0,0.6804137244911176
0,0.11386975421657054
1,0.8677174591352818
0,0.04366924897955115
0,0.44906222342582314
1,0.9277891579053741
0,0.431174231114744
0,0.04296654372787397
1,0.461352612800414
1,0.6126469713128204
0,0.15612468899229584
0,0.18793566665256814
0,0.5554652950166554
1,0.8441096150985833
0,0.04044558689118419
0,0.23657368007783067
1,0.9013237728346186
0,0.22733124375560426
0,0.16838715322891598
0,0.7893150140203286
0,0.5623943215469139
1,0.8619292106077281
0,0.2192160976462899
0,0.34356781532632474
1,0.6386356431420959
1,0.5973170052710483
0,0.08685142108955167
0,0.10574323383564166
0,0.05031070161741438
0,0.7409669145453011
1,0.8302229626902341
0,0.7305278438701708
1,0.8054110213048638
0,0.34415318062896255
0,0.5110180970244692
0,0.28459411741968454
0,0.25177487612137206
1,0.8738080800447673
1,0.205660782360152
1,0.5847047229557638
1,0.7572582994099217
0,0.03224640282028968
1,0.5665505453226171
1,0.9057349644357195
1,0.6322686549354702
0,0.661832365304237
1,0.5842129178573241
0,0.5400862484001372
0,0.5505695947681043
0,0.21149103515889572
0,0.8262027661896544
1,0.34901322328643447
0,0.14258030921413217
0,0.5543445579940262
1,0.9174463308835287
0,0.06132789671165258
0,0.7158915986652888
0,0.12420759925935662
1,0.15849893446405472
1,0.8548289139840384
0,0.08355668850230022
1,0.7388196893322388
0,0.2858173731092642
0,0.019173983806557444
0,0.45915719465255744
0,0.03777519478903191
0,0.48706992371830443
0,0.6650725290078079
0,0.441852591418429
0,0.4983631617928282
0,0.2994422391122061
0,0.5490171854207289
1,0.939983199633829
1,0.27845649269557926
0,0.13317930557219543
1,0.792875737220438
1,0.9299310831974363
0,0.1402076554348904
0,0.542290169636644
1,0.41756003930647223
0,0.06893179645504105
1,0.582269127988658
0,0.07856523066675386
0,0.1926455964893845
1,0.6105027990103812
0,0.5408565286138625
0,0.15690156485578008
0,0.14811881421065484
0,0.17148543179035142
0,0.22019315847991616
1,0.8091099190772207
1,0.6617196572205756
1,0.2588831436263432
0,0.36442352583740756
1,0.6224958403088219
0,0.5050981566197459
0,0.7270170732167268
0,0.09071896834825356
0,0.08048144260877574
0,0.07977626025323002
0,0.20229811739911974
0,0.2081667499551233
0,0.0682854434784265
1,0.6265635778429083
0,0.7544190656273896
0,0.7500285122062914
0,0.6782131472157059
1,0.4923860119309646
0,0.3890112233627032
0,0.3750102510642733
0,0.5974821173683745
1,0.9173113219402107
0,0.10928740056159782
0,0.262039216053389
0,0.496014070723233
0,0.5018341168227088
0,0.7866058039735748
1,0.9224290580575886
0,0.10530819198755278
1,0.859059778639151
0,0.11248531985444563
1,0.6410471452222384
0,0.2890272694226202
0,0.5480082598467599
1,0.8099166767893206
0,0.5952302812663155
0,0.44818322211761985
0,0.30390710916761876
0,0.09507451111739845
0,0.1079436114991146
1,0.7725137764703095
0,0.48444748628605483
0,0.7827668833760317
1,0.7458504228631331
0,0.11504243972318949
0,0.8371195020258824
0,0.05330011258137746
0,0.5744796115395753
0,0.23542723817800434
1,0.20944461170772163
1,0.9033000971411868
0,0.6227019568905721
1,0.7017324592755961
0,0.19434223566234032
1,0.7381808645582407
0,0.6732934789152247
0,0.03662001586930754
0,0.36024752776910496
0,0.4790253711026054
0,0.04824120767459893
0,0.6692458924099036
0,0.2688235609076008
1,0.6196468335943918
0,0.6306994674739299
0,0.04764381599527213
1,0.8076890918266006
0,0.07977658383353489
0,0.5903391485150844
0,0.38538206605205994
1,0.48213982227358476
0,0.42141389248967226
0,0.09644537471721068
1,0.7191526249607226
0,0.14055741370728028
0,0.10061413240480314
0,0.7302654966084041
1,0.7481895529924101
0,0.09417769737026259
0,0.11634531449953925
1,0.8975217827299427
0,0.20616719063606623
0,0.19940029680091736
1,0.7489286524963964
1,0.6335499911403907
0,0.549279017904817
1,0.4822693678582047
1,0.5880173950593286
0,0.045329816690802896
1,0.5455250441479039
0,0.05304626183317265
0,0.36513849856935826
0,0.09349547025026386
0,0.41569335332674684
0,0.14373464321410595
1,0.19347275675336148
0,0.03737903607514966
1,0.8801831491195484
1,0.5453642635624643
0,0.4065768903356506
1,0.8767935925965051
0,0.6887212948698187
0,0.8413352691388725
0,0.23020704994012942
1,0.7854025058126664
0,0.05816854558768667
0,0.08023487947734766
0,0.7711111601598505
0,0.6166094894938586
0,0.05602595698976587
1,0.8989489453109757
0,0.36513849856935826
0,0.27042764088711596
0,0.6450572222937653
0,0.10600856885647594
1,0.48581035339483414
0,0.05708044232232275
0,0.11835549143188427
1,0.839412267802918
1,0.6976633846791191
1,0.7684773098022268
1,0.8855277108280832
0,0.22709309048833679
0,0.31055814619686717
1,0.14870437184979401
1,0.2657772292486329
0,0.03352095278739938
0,0.4873501485834424
0,0.07271783141624433
0,0.7573269025960278
0,0.07501047016464844
0,0.9121610929050679
0,0.12914977527426005
0,0.034896397259763234
0,0.5533278812994771
0,0.03304693787977326
0,0.7792339252729458
0,0.3635456146133982
1,0.7237321675825042
0,0.13522271476544104
0,0.04188994649891898
0,0.29903319996601546
0,0.18450774666165826
0,0.5723180220149018
0,0.6264994817635656
0,0.5910729489368642
1,0.8147715023567824
1,0.8572990229148741
1,0.19031191105765463
1,0.7908321131142311
0,0.6271213073850411
1,0.43917943465168824
0,0.061718533153765756
0,0.11101838735723707
0,0.034915194216040085
0,0.06174751260648895
0,0.5090881199560354
0,0.7128233766851151
0,0.03878705426278663
1,0.719494746004151
0,0.028832819648954105
1,0.8737787070874117
0,0.2995373809130659
0,0.8421704374451714
0,0.6487256214399175
0,0.4845112025261269
0,0.07925158884891743
0,0.028931382994625606
0,0.18248661391038098
0,0.8293342516460823
0,0.04773286400181037
1,0.543599565917365
0,0.2698934699721493
0,0.18032317640737763
0,0.09485679748635097
1,0.7412224533013504
0,0.7429792242089892
0,0.2228813535764766
1,0.7449905310949092
0,0.07823094708740727
0,0.28430659724131946
0,0.1928776142575057
1,0.8800133737262811
0,0.2277907709344073
1,0.7440092646254769
1,0.3569877051684101
0,0.08916333924796815
0,0.552725553377912
1,0.8926766215274176
1,0.7677134159124452
1,0.6152212971508373
0,0.12234222123087105
0,0.29985996997150166
0,0.35949997543946205
0,0.08989432322469236
0,0.02847419146643974
1,0.29482821713360124
0,0.8424819277345054
0,0.4345591243809927
1,0.828910108377907
0,0.1148888705798316
1,0.9015703118119839
0,0.7691150160419783
0,0.7846730535784474
1,0.5135034781703307
0,0.17982414062995306
1,0.5443457902442376
0,0.1906368498605966
0,0.649096103278945
0,0.28819651586016054
0,0.12042621086532058
0,0.46113094093252366
0,0.25599082950776036
1,0.569966877711447
0,0.1737973352889432
0,0.7538055348152863
1,0.5955843281536523
0,0.1463201566076123
1,0.7779311916404733
0,0.2607559780133738
0,0.4098331606100364
1,0.3186100843815167
0,0.4166303528581767
1,0.8352172640907924
1,0.9414157000009645
0,0.24331117437825692
0,0.16651697030679166
0,0.3146581600861807
0,0.7883234132343704
1,0.5151801032108343
0,0.6960658692307196
0,0.31706226095270823
0,0.1667772688738964
0,0.30988289679934944
0,0.018275617050178737
0,0.39757691967041725
0,0.45457431208402277
0,0.09275425976352754
1,0.1137591341008648
0,0.33945850881929246
0,0.7695556443103222
0,0.22825134705203562
0,0.18951246911529085
0,0.10693650951612481
0,0.2678588185016071
1,0.1718083337851118
0,0.12301799643913801
0,0.46268514465820215
0,0.7546916656633373
0,0.3050189406191297
0,0.05329160492132342
0,0.8734112573147551
0,0.034875563809380866
0,0.1957236841386432
1,0.47869857320802534
0,0.7320129183692115
0,0.42880185487792705
0,0.10739849961754507
0,0.043483537325197295
0,0.8930583648834005
0,0.42653781609561214
0,0.23222240932513366
0,0.21628443497321476
0,0.5393729475146202
0,0.23847241400718208
0,0.3728235560576627
0,0.26467642044975853
0,0.01294038256210018
0,0.4019118785744568
1,0.7245365582831551
0,0.20231958310311832
1,0.639667408891583
0,0.27877483175703477
0,0.23532543557313695
0,0.0286737406072509
0,0.5629277893068507
0,0.1915258271200973
0,0.8492495922377596
0,0.28099124960156246
0,0.024430346493425778
0,0.25011201005814343
1,0.8186246697616156
0,0.4671849363222335
1,0.23399691941241418
0,0.3033913999865454
0,0.5994132574376525
1,0.5093871198575173
0,0.38595973943317463
1,0.8584946616868129
0,0.14069990232027593
1,0.2889247648287135
0,0.6834118898310062
0,0.050006208660963204
0,0.3992047671061172
1,0.8954629039149612
1,0.8060015612281389
0,0.6983186194695274
0,0.13363707873632916
0,0.3750955240559037
0,0.5741756900621986
0,0.415838107775566
0,0.626479075108876
0,0.05064369092088978
0,0.03695068479784206
0,0.3002817537000329
0,0.055497455418308264
0,0.4921637813859412
1,0.688135297921609
1,0.7602157490436898
1,0.7109777874853183
1,0.8771856760634663
1,0.46211969299433303
0,0.7234630459187158
0,0.4497756051240071
0,0.2637731050383871
0,0.06367176919695522
0,0.11093326611648857
0,0.08820538977086238
0,0.07711311936312101
0,0.2626806866388158
0,0.527212213532812
0,0.052986924204777346
1,0.7325499869059398
1,0.9437390917316568
0,0.45119388642491004
0,0.5655481095099245
1,0.2443414719345456
0,0.4793146674015965
0,0.5310258822075602
0,0.12130852174837016
0,0.1593570799444826
1,0.7773942069762503
0,0.18395306947100515
0,0.36609375032046204
0,0.31093315027503704
1,0.6429014494258961
0,0.08973148431392085
0,0.04182372560701664
0,0.8490833623922593
0,0.5947746127349551
0,0.13693743167592085
1,0.7211466567972507
0,0.3307691138466424
1,0.863774241843514
0,0.6014848977224116
0,0.04240257847145559
1,0.8327335397342707
0,0.03225092018932269
0,0.6592151047723638
0,0.6390606877194628
0,0.7384124455316372
0,0.7730083224047198
0,0.39795478345730667
1,0.6781012459515602
0,0.09827802940514759
0,0.12359498133204785
0,0.6562318719651467
0,0.3059096625752995
1,0.8427748145915009
0,0.1673920331003894
0,0.17409057017619353
0,0.06992806535594427
1,0.5012096627100786
1,0.6302110862318152
0,0.37192258523543126
0,0.7421775590381506
1,0.8808908305036649
0,0.515471697795266
0,0.8535016251074387
0,0.09272527975199735
0,0.476799148528975
0,0.562426413346148
1,0.7601839067408345
0,0.6350926007025061
0,0.19950404763169843
0,0.7196857441585551
0,0.6227403598676103
0,0.5171594887413598
1,0.7932408941017739
0,0.24901878964931085
0,0.39024399747700017
1,0.673051718669689
0,0.02981253437706479
0,0.2610150936526305
0,0.2549600223059544
1,0.34335445930418446
0,0.438046227116908
1,0.7985047133671542
0,0.6032970657951185
0,0.048362629336073
0,0.08067910012433532
0,0.6032663721014692
0,0.4313970101786702
0,0.6087949655815686
0,0.12855095712771014
0,0.47167200066958354
1,0.6895895116016414
0,0.5166991832087912
0,0.43708182719536987
1,0.8218373835853655
1,0.522848568339228
0,0.46723378689115974
0,0.08352735373605691
0,0.06837757140438083
0,0.16446300467432323
0,0.033354586064452914
0,0.5892866911457662
1,0.7713574533872907
0,0.046860216776207476
0,0.25849121004826964
0,0.08956865413302255
0,0.17985317287780128
0,0.20055983150704432
0,0.22559409076658682
0,0.24279877328128377
0,0.11376329748048647
0,0.19360579141900397
0,0.04082384477784879
0,0.10540553168837749
0,0.29365147906002875
1,0.8383390071017093
0,0.2727029219711074
0,0.045375125374109905
0,0.020982006619802613
0,0.4107436496244699
0,0.06680917816358231
0,0.4143052183477482
0,0.851686707890554
1,0.6781472815726494
1,0.8371919286742587
1,0.7027144202764752
0,0.25484140495578306
1,0.35025929586665955
1,0.6769097401511815
0,0.6254135649079622
0,0.6269209878767518
0,0.6897923642668462
0,0.6227916871109584
1,0.8914995177712849
0,0.7009213081521634
1,0.8954006412403334
1,0.7007537772553831
0,0.04095672342981256
0,0.1382013655276491
1,0.5860606892529514
1,0.6928731513753206
0,0.5638750309709075
0,0.33521418688590865
0,0.3603236060750498
0,0.07656668201936498
0,0.6682342410646482
0,0.23437133883637423
0,0.11771740503102647
0,0.4198079134159036
0,0.8536488247134636
0,0.5910763918798283
1,0.6052208147640563
0,0.7251084554482633
1,0.35136278424522555
0,0.39110591461501765
0,0.015920966382607926
0,0.6247625411923384
0,0.0466229274916437
1,0.2502704379950176
0,0.8561001002005019
1,0.7844121036495832
0,0.43526643527805964
0,0.7880003931745891
0,0.41370598374755163
1,0.3921259978701226
1,0.34981554954422955
0,0.2965247451890609
0,0.4227601153044996
0,0.04151533430107497
0,0.3799397323448987
1,0.557099835193427
1,0.7535838608377733
0,0.6257886457161547
1,0.7332356307079007
0,0.32702748885562394
0,0.03217148905549271
1,0.22754513773946
0,0.04689905977604176
1,0.6239623757208603
0,0.015810833925848422
1,0.48274279269602094
1,0.5184546308802518
1,0.5117127218525745
0,0.23010252067931103
1,0.6629691759353412
0,0.01886771169802693
0,0.2806334912869737
1,0.9223222166337806
0,0.5963562483580405
0,0.904397121463455
1,0.3309096069144598
0,0.12042350988462559
0,0.3481883696344425
0,0.6692577682835131
0,0.08114879445963306
0,0.023063842521459946
0,0.040624349146343636
1,0.938535249531548
0,0.750310898487209
0,0.11954140311134694
0,0.09872144255283427
0,0.018940829850849383
1,0.6143181929001802
0,0.09583680114907313
0,0.1423088718010886
1,0.7470866483093005
0,0.7243247554207926
0,0.2545088274535777
0,0.5836326863729148
0,0.8511120783689999
0,0.08120365341123958
1,0.6788017063187995
1,0.8897647091560473
0,0.13684101991724373
1,0.5774905690484199
0,0.2923413297097688
1,0.9077015938841528
0,0.12710605634072178
0,0.8743574654322189
1,0.6828732028824837
0,0.3675927314738666
0,0.13948821931935818
0,0.035576369603491094
1,0.5851877211695458
0,0.04171264477688874
0,0.4285754265831989
0,0.6106656225648607
0,0.29682407535997835
1,0.7459052067354793
0,0.07568142014604619
0,0.4278765917899233
0,0.1160888507046203
0,0.17384061434024584
0,0.7070895348841967
1,0.7665039816512852
0,0.05058382020407185
0,0.6530525406340603
0,0.842320631654683
0,0.06590657120663809
1,0.6052493654210364
0,0.017454494444622614
0,0.7712857132843336
0,0.22695009946590922
0,0.29114876041493426
1,0.5624706258597871
0,0.5689031732952939
0,0.3042626852761907
1,0.8532239054055103
0,0.1813280274671114
1,0.5208367653293947
0,0.24129233248970888
0,0.10250315292879879
1,0.5036551259227113
0,0.08544014172580425
1,0.31235013606072837
0,0.12280519230980468
1,0.17175275043657984
1,0.5778032240591686
0,0.06941548979958201
1,0.8537328720295747
1,0.706182878008135
0,0.21809799253988896
1,0.7778788302409501
0,0.022597727684813967
0,0.612482669588692
0,0.1659655083960764
0,0.8948257872131233
1,0.8167065069650061
1,0.8411581097188198
1,0.5126119517468338
0,0.8468307539697925
0,0.09074620482605106
0,0.034897603857593947
0,0.284638870625997
1,0.15881904188231358
0,0.5215148977285519
0,0.22437318106304124
0,0.5565386396620078
0,0.12083478969580919
1,0.6230433098645934
0,0.09359936348665143
0,0.667088752741586
0,0.5845154764632321
1,0.531928814131184
0,0.43214417375767844
0,0.2206951402850332
1,0.7980445570987089
1,0.8131213168334288
0,0.44566977202606955
0,0.11254532110592119
1,0.8020864295255126
0,0.20818913144650064
0,0.021185223410564367
0,0.6697483443143868
1,0.7778217394423811
0,0.1691173563717865
0,0.5228903152930449
1,0.6212979370270219
0,0.09413868951935789
0,0.8144802950825634
1,0.6524281973479499
0,0.6304531693043295
0,0.020296047672248893
0,0.16553484695111212
0,0.7129096195340717
0,0.06745091947474716
0,0.8062890276535725
0,0.5735947113942046
0,0.2106154288719217
0,0.07655425501940077
0,0.5765640055879061
0,0.029187370786714763
0,0.17610549021040206
1,0.5430737275308664
1,0.6157879430042612
0,0.7062392765984462
1,0.41011939440493284
0,0.3412899266361632
0,0.10610882714841062
0,0.7045069120746186
0,0.053218252121373856
0,0.11512537209276723
0,0.25870617312783234
0,0.9016169756906328
0,0.7720124848085881
0,0.45707103996736287
0,0.17170761255513928
0,0.08121052730538068
0,0.3512584894422156
0,0.049719085083315656
0,0.5798792500332162
0,0.09681298250055242
0,0.42582469267463186
1,0.5960483628300396
0,0.5843133176962717
1,0.6799492343001192
1,0.5216637470525303
1,0.6193936381923711
0,0.1291892578436442
0,0.3830175105116172
0,0.04690706822735015
0,0.06929295411947674
0,0.38807824452373246
0,0.23748105586065205
1,0.1609258211519219
1,0.4633436094566531
0,0.7083817598785271
0,0.21042032714654887
0,0.6728074408974861
1,0.4429359952443594
0,0.1518104552476926
1,0.6791632888489537
0,0.24726105523645667
1,0.2236162428517143
1,0.7128639758566483
1,0.3659750867101154
0,0.714434288615831
0,0.270028067389343
0,0.5189658922175573
0,0.5342721554370193
0,0.030706750152520144
0,0.56189449213201
1,0.07391791293884713
0,0.43874870884029793
0,0.08729629177343781
0,0.6017898263666116
1,0.6216537875507938
0,0.1134040835832045
0,0.23712001414912562
0,0.41759351746089746
0,0.14912205620659832
0,0.5191223254965582
0,0.05622436893071976
1,0.8559528787861732
0,0.4774284724924423
0,0.2580709662787047
0,0.5406037437867137
0,0.8222427465481936
0,0.8913856819475965
0,0.38619765013286234
1,0.7588657609458052
0,0.7199471451977073
0,0.6362271349486438
0,0.09019951197421279
0,0.38947555827736796
0,0.21915127723561148
0,0.1019831068318384
0,0.05927138364023354
1,0.6515970456066906
0,0.0896543616467092
1,0.8092654776542878
1,0.5976085553490048
1,0.8285032301243178
0,0.05947005048544607
1,0.8622855172470576
1,0.7465276348109569
0,0.4947966118758903
1,0.7340209868176111
0,0.26647201287147365
0,0.032157992754955476
0,0.33110925655977624
0,0.21695078606680548
0,0.6948821329005316
1,0.543211890354912
0,0.3187433446718912
0,0.5973007064572908
1,0.1730755227800836
0,0.49839025321694813
0,0.8071741088889532
0,0.6955515621137651
1,0.9079921694852147
0,0.09651567821675883
0,0.09932177966637956
0,0.22017327193684505
0,0.1008060993461501
0,0.5644075483299582
1,0.6324057481952099
0,0.06954614738460199
0,0.02069153689552149
0,0.4799043791092726
0,0.367662147053723
1,0.582848292173427
1,0.32912444518829786
1,0.06336287665469027
0,0.5570864471282564
0,0.6692197218169761
0,0.23944589322035364
1,0.6625796905429426
0,0.26231784005071274
1,0.6680888794638079
0,0.13828394693376636
1,0.8881559722833952
0,0.19595839561664824
0,0.5689827866941572
0,0.0527146056956472
0,0.6287009990079164
0,0.4750391917111456
0,0.7798055637625361
0,0.8697530180583021
0,0.5156416336992439
1,0.9101632010966908
1,0.40641965821207454
0,0.6226190750705142
0,0.25949571261431703
0,0.12701976620276817
0,0.5650089404978109
1,0.5798654412217195
0,0.47579705557254154
0,0.5284136183360219
0,0.7072210324047834
1,0.6751892191986731
0,0.7109113435690497
0,0.22836053391325017
1,0.7428813038963913
0,0.02450512239082901
0,0.12413768492784646
0,0.5251518965782904
0,0.03677631850192424
1,0.41352330032284024
1,0.733909153150256
0,0.38120676318746294
0,0.5772356167569805
1,0.6665096357972033
0,0.1943048961700941
0,0.2368053884406136
0,0.40478946118721115
0,0.4807718443876836
1,0.6901568202792026
1,0.6711232905831487
0,0.42424318038955927
0,0.21420805227934778
0,0.5412959524216463
0,0.059627968194238795
0,0.4855596885174233
0,0.13448341093340394
0,0.09725152082052374
0,0.07625825898799402
0,0.395861404241382
0,0.2670327307574657
0,0.1709345610211074
1,0.9007298212871817
1,0.7559736200973481
0,0.1649520073363258
0,0.13856930660696656
0,0.10636031429379356
0,0.23479114139747662
0,0.35454402536762475
1,0.8346933228388732
0,0.5766730532429996
0,0.3098070568210777
1,0.4801080185425851
1,0.8718373562796945
0,0.330934260737221
1,0.7106448809291979
0,0.41409127691077074
0,0.6728484586365945
0,0.07229772537820663
0,0.4222257349183029
0,0.06074805085396379
0,0.22488810042749893
1,0.8278510461962151
0,0.8357244483607622
0,0.9073227463167819
0,0.6681879733486331
0,0.8444833156506081
0,0.28441329288610995
1,0.5545524126730198
0,0.38622031002870383
0,0.4906553341577722
0,0.7300736151547436
1,0.9090696686147117
1,0.8113800125953241
1,0.7752445365580237
0,0.7662733577911769
0,0.2879667320041247
0,0.17352495739081492
1,0.4839440437493478
0,0.452070813636362
1,0.8728702387008427
0,0.6493371842104253
0,0.04032612752058536
0,0.5955843502836382
0,0.735411691210761
0,0.39316162938705074
1,0.6467030401013663
0,0.4204943511487734
1,0.22269525739967122
0,0.10950295797736091
0,0.8458116712066531
1,0.8341022676555064
0,0.7963628080784103
0,0.1578439151117369
0,0.10647124912969977
0,0.02248715508204331
0,0.8963437128318275
1,0.5320389568572874
0,0.44414601115453345
0,0.11614544256550237
1,0.6217044735277576
0,0.16664216079989216
1,0.8915474689132138
1,0.5888809481112666
1,0.8522259891047571
0,0.8382339145690189
0,0.0533182442719063
0,0.38000886848001586
0,0.16024812607140357
0,0.6043784158097519
0,0.38429486641217486
0,0.6297010417341009
1,0.6442304719091261
0,0.08754836874873816
1,0.616550257725266
1,0.6942222749795742
1,0.2599145783381205
0,0.10765977184594647
0,0.2106721781020061
0,0.06109000172875471
1,0.879674705176117
0,0.2901418635139589
0,0.03016259714788694
0,0.35300901634886184
0,0.01809845699023198
0,0.1419380561560409
0,0.11026941522040011
0,0.45505999219929316
0,0.235459807814758
1,0.6426699436497126
0,0.3570427434599876
0,0.570136971391757
0,0.06685345486921
0,0.25985640368231694
0,0.5869447418168321
1,0.633347976923362
0,0.4888623185555216
0,0.41011080978772213
0,0.4237289361707676
1,0.7419943526021429
0,0.08975407567933853
1,0.7595261419844777
0,0.3692085751809216
1,0.8089740619423419
0,0.19023324454330898
0,0.4125232482377782
0,0.41624702730061597
1,0.5087646573844562
0,0.4542612340883561
0,0.8246425346515366
0,0.4856079845065745
0,0.8828458800503272
0,0.07598348409217015
0,0.0456449176851497
0,0.7515064862394517
0,0.02310241949015839
0,0.21560954487737424
0,0.8651204057793751
1,0.8839380354256494
0,0.6076124651689334
0,0.3502975919606247
0,0.03065193932118771
0,0.5808967894730835
0,0.671341436323623
0,0.16940084403841615
0,0.8326362534528091
0,0.5891036422005274
0,0.05868070087651577
0,0.4441261832592988
1,0.4546105893117147
0,0.1377074409725112
0,0.745322417631115
0,0.15353285198762032
1,0.7980239524015315
1,0.3416834785311828
1,0.8105187827373384
1,0.8005727297860568
0,0.6515165254327996
0,0.6939125658425
0,0.047699736902483414
0,0.09930671870419966
0,0.46428320706407905
1,0.8831407902085797
0,0.21552800193583868
0,0.21737360165666803
1,0.3091583091612036
0,0.2824883732083175
1,0.9466643931424371
0,0.4257526139184305
0,0.11986542116805264
0,0.12009324919911403
0,0.29787967061520626
0,0.6276056404992266
1,0.3871635325562732
1,0.8290404646106944
1,0.3825451992120441
0,0.4926523585207534
0,0.5167185937429263
1,0.6797200136626745
0,0.039276770434510805
1,0.7576204570079957
0,0.8751062408429641
1,0.5813240325467912
1,0.7222150911491658
0,0.09863032467739485
1,0.7634549228227947
0,0.06918858723498908
0,0.13969441549949888
0,0.2840358900855986
1,0.6500688855613814
0,0.5102934911371985
0,0.04664574535857936
0,0.0974678142877884
0,0.1937618682080716
0,0.03806181197679408
0,0.07424113820318559
1,0.15732204331193309
0,0.48446962432060864
0,0.3146870690390004
0,0.09841506417585036
0,0.19493253414592251
1,0.8322851590611885
0,0.10512522307515659
0,0.5854800984952303
1,0.8510980605996653
0,0.11642033131943333
1,0.7529519186647745
0,0.6490817532599725
0,0.07817618780504934
0,0.2033707349185744
1,0.8450553964623385
0,0.4149158876356789
0,0.5639654600317374
0,0.5747486680575653
0,0.8113624736368427
0,0.19815799818729596
0,0.4951927898919117
1,0.391692694776103
0,0.5423553664028103
1,0.8606149148110146
1,0.5049560947199773
0,0.7177950080826637
0,0.52563147424191
0,0.13458453135834036
0,0.03941524746155622
0,0.019924448947974363
0,0.1730293989194372
0,0.6187503409986924
0,0.19023517282992494
0,0.475448938120423
0,0.020287493421073124
0,0.07915742409579467
0,0.8772476641033269
0,0.5733720306894766
1,0.6001288430614663
1,0.4134035696421221
1,0.4234025278065612
0,0.7414335259939011
0,0.21616108747062532
1,0.5296890692998992
1,0.32035644905709526
0,0.7464044491490172
1,0.7675302942704708
0,0.7320065564366542
1,0.5823370035342135
0,0.11825638116311513
1,0.7025659912187179
1,0.7970861929568377
0,0.22935344219784518
1,0.2129351927544336
0,0.6897582296499346
0,0.016932806301859102
0,0.16072028399768415
0,0.04528777869734897
0,0.6218500328639569
1,0.8884804838382079
1,0.7816860126261344
0,0.3805632975049281
0,0.8342322965330686
1,0.8267228429791347
0,0.26617839572200314
1,0.15962718932802583
0,0.18346173316087877
0,0.3252737017114369
0,0.02086636828391818
0,0.47498671921799085
0,0.3089327002620102
1,0.2838166053144274
0,0.9026207956265077
0,0.7814228259340484
1,0.5221072409838945
0,0.05802188112386366
0,0.3811366914050476
0,0.391050887644582
0,0.0788902978642258
0,0.12798268840415244
0,0.4359693554697595
0,0.045229899780435234
0,0.2904786270153761
0,0.06492469451429816
0,0.7570129236066407
0,0.12666449827733772
0,0.5653851726440822
1,0.7315108127362782
1,0.9151555878172777
0,0.47703877938569794
0,0.8557767430204238
0,0.45134524212679766
0,0.35728790613096956
0,0.5026037559601548
1,0.6309544419817709
0,0.7294179097162412
1,0.9167796926157535
1,0.7686536568986586
0,0.3634573509649004
0,0.3495262309673794
0,0.5965046174553649
0,0.12956207956761848
0,0.03735938183385039
0,0.20669507094711723
0,0.2824375977927652
0,0.03233012010171914
0,0.49228577394868284
0,0.6314302485671136
0,0.1815256530569447
1,0.8619831140055384
1,0.7806856027478304
0,0.13432158172038292
0,0.4683555985999911
0,0.6800428207625748
0,0.15729834028985273
1,0.860381760061486
0,0.017266108412299454
0,0.3439271985665398
1,0.8832680534165025
0,0.5820284147321972
0,0.2611175915575219
0,0.08558060849377026
0,0.6808052977447305
1,0.6383908627400231
0,0.025543528632997612
0,0.5610763800114797
0,0.5346891547309879
1,0.8914279852355588
0,0.7346641193170657
0,0.8206438739095134
0,0.7499775071471255
1,0.18130649682603778
0,0.14982031799896534
0,0.7639986149159794
0,0.29371254833891214
1,0.882338727808225
0,0.4770073189721435
1,0.65000079576441
1,0.7595378447346546
0,0.04327927373372146
1,0.8230589783691084
0,0.18432545276807774
0,0.8685588726844621
1,0.805284045261344
0,0.03992918078796672
0,0.18716983521452926
0,0.10520008579279404
0,0.2060099054144789
0,0.0695961740444761
0,0.343803439754955
0,0.8367737965829705
0,0.04669987041846123
1,0.8296097653187605
0,0.04599571117994406
1,0.693030749084017
0,0.2741080471560902
0,0.8639704055640123
1,0.5664353111513749
0,0.01918364484432672
0,0.4683899845143553
0,0.823100965200754
0,0.49025346290995137
1,0.5686558297778449
0,0.5718369571612933
0,0.4714483901796009
0,0.020311831859401126
0,0.04290344520412373
1,0.7084982643848724
1,0.7392552292300719
1,0.6606428110268134
0,0.07870880911671109
1,0.7047665168813572
0,0.11381557432454932
0,0.47217425933274265
0,0.22664427367355824
0,0.6538607240470282
1,0.7369265325884768
1,0.8336535871501185
0,0.5023495612377438
1,0.8037860562423016
0,0.5790134767485088
0,0.3204005255643229
0,0.20015351416671767
0,0.09846205021801098
0,0.8237423547485635
0,0.44322826570461793
0,0.295574915289979
0,0.055673982010499626
0,0.556862023365052
1,0.37166059665471285
0,0.7044468785743868
0,0.6172323225351672
0,0.22786059657063784
0,0.36676215032442555
1,0.479350149226853
0,0.8213118155663756
0,0.5536591389957115
0,0.19987365885706743
1,0.3971589652243676
1,0.4815510314604246
1,0.7840449432100219
0,0.8118223973613852
1,0.7371294041627993
1,0.5305437654571467
0,0.3970660069322191
1,0.8619653175826313
0,0.7127619566632137
0,0.2974949572409998
1,0.7012159237242666
0,0.7485629960362659
0,0.8225826601820805
1,0.8173946860872467
0,0.4024183140278777
1,0.4675926967174478
0,0.5658804659806586
0,0.7909431986270564
0,0.05243528654936356
0,0.3661389033519989
0,0.4843338174877629
0,0.10408182119518337
0,0.8197890348682579
1,0.6423863864581985
0,0.3723928638905036
0,0.5923098396627922
0,0.12051454526920619
1,0.7093405984538036
1,0.5298340444705425
0,0.07286439671160977
1,0.21908856208331276
0,0.41985441535785367
0,0.48043478283948504
1,0.43596124573688116
0,0.19159367828307947
0,0.5528251592078043
0,0.25174088954161344
0,0.2533332784296988
0,0.7696269051275328
0,0.2737965128840318
1,0.8630134434879375
0,0.01856231154834703
0,0.27450039247143043
0,0.11403688802655966
1,0.8798810271850899
1,0.4038872252106922
0,0.5201639548884985
1,0.799225459299197
0,0.21038116291458753
0,0.3859274032563027
0,0.4055058951640986
0,0.024455780872995415
0,0.11246174868753782
0,0.15287476230815186
0,0.025426708473582568
0,0.3648844481519624
0,0.31909559323653247
0,0.22631865433808018
0,0.8858893931094406
1,0.9104314983936342
1,0.7528456225666874
0,0.05661465851596185
1,0.5632507011244503
1,0.5024231509091239
0,0.6874338970803476
1,0.5536526088140395
0,0.0732721170147658
0,0.470045065690432
1,0.5064652406058945
1,0.7289797942640293
0,0.6502322700993729
0,0.10303220547394674
1,0.8336699443182679
1,0.5898709138365472
0,0.4661859737647077
0,0.05073250245017542
1,0.6494090665411962
0,0.10462113748606598
0,0.39544711971598734
0,0.0974306375448432
0,0.48555235527307883
0,0.26087309274130777
0,0.38815832148643326
1,0.7889601412722889
1,0.5647451736603161
0,0.28416797221703705
0,0.641338561052387
0,0.6083307816780759
0,0.8816740683429215
0,0.4648534641476541
1,0.49814873683320365
1,0.7124453223833633
0,0.36442352583740756
0,0.17542235682113297
0,0.17495293214291502
0,0.5734397228782913
0,0.3560025208091288
1,0.6297388372205012
0,0.908641395857529
0,0.4601140946557085
0,0.6090900233970153
1,0.8836540038288389
0,0.2234988777747542
1,0.5724858502033737
0,0.10106400686411432
0,0.38759216771107585
1,0.5866671853960714
0,0.8066625173995221
0,0.23878987697795118
0,0.6687314813054113
0,0.5389284029126742
0,0.256795993552494
0,0.7183809803278375
0,0.6035767136330554
1,0.5286168898487346
0,0.5685117513545017
0,0.5522169308216197
0,0.04113889921609124
1,0.7970901884530456
1,0.8967892012855925
0,0.6801125689031454
1,0.7449240528043213
1,0.46936276046975034
1,0.4693370362901621
0,0.2611184591716712
0,0.494498865291492
0,0.23981873178176466
0,0.20654487591372953
0,0.5239889570048629
0,0.4938775283398805
0,0.05672479205949064
0,0.06580675827293575
1,0.5623841985146956
0,0.7571887835860737
0,0.08259925832698682
1,0.35738243938085057
0,0.04600553770136188
0,0.4300016034257743
1,0.812797353728289
1,0.724448285926261
0,0.4744642282788943
0,0.6354267918051905
0,0.40797372350143746
0,0.5432344964156578
0,0.3973647871465432
1,0.8808656619469556
1,0.9062565713609325
0,0.6561069174000163
0,0.6080217111566913
0,0.37002939618825875
0,0.413814307927849
0,0.037906883829970275
0,0.6223385746875811
0,0.13199240712547983
0,0.039233650304999645
1,0.9288637165375605
0,0.21073388555540845
1,0.13437289681909306
0,0.5692595583624678
1,0.4393718449726648
0,0.16169121282493956
0,0.707679776070643
1,0.40539654929167246
1,0.4146163771633402
1,0.08507910733804752
0,0.6031967065579587
0,0.6941851165170823
0,0.7373560284967994
0,0.255965439953698
1,0.8102635966009127
0,0.5298879520370109
0,0.8047316605535042
1,0.8390650851621949
0,0.24461092376333882
0,0.6150593124465779
0,0.13100620762112508
0,0.40608415076262905
0,0.19791197561719648
0,0.07606332189359735
0,0.3360429168945921
0,0.015999010555327937
0,0.04573727429478919
0,0.8215202779899174
0,0.8285596345762086
1,0.7654457065600143
0,0.6046678203109164
0,0.6382509634879243
0,0.06335486992859654
1,0.5354141580188754
0,0.02888275596031415
0,0.24852801773572833
0,0.105069816280017
1,0.35833113720935067
0,0.6212519979023705
0,0.11738656490438559
0,0.8963650936475791
1,0.9317266815184306
0,0.6617564817709761
0,0.08032179481465614
0,0.7238026313978656
1,0.8908896848715274
0,0.11463008240719608
0,0.6196364812338134
0,0.4688317617464782
1,0.5424003863272798
0,0.556642900907796
0,0.48963980317085826
1,0.6953523869073504
0,0.012666954952628599
0,0.051318171174995264
0,0.24572224913624902
1,0.4724314417485015
0,0.26543218811179964
0,0.6169193927801792
0,0.039800897589873534
0,0.1692545872926524
0,0.37223743446465546
1,0.6265594006560691
1,0.4054386291598483
1,0.37698683400015004
0,0.12264291886837024
0,0.8525794071193726
0,0.06307833197032653
1,0.4025992595830386
0,0.5744601828309966
1,0.5993235962902844
1,0.45628007679008564
1,0.5912300700596307
1,0.2661729870131918
1,0.38206498885408635
0,0.33799255385081944
0,0.9057609749562773
1,0.7824380834871217
1,0.3797814482898778
0,0.6677108403121557
1,0.4778972346415967
1,0.3695153568097889
0,0.6410490093710152
1,0.8155091095222928
0,0.2890358163741527
0,0.3467201803385212
0,0.22221559521083303
0,0.5684892477157503
0,0.2973512326916069
0,0.07704757065767552
0,0.18649003057885138
0,0.18214150983210053
0,0.39444371723306426
0,0.8434556941500836
1,0.8221703928181245
0,0.1282307065783571
0,0.38488304989551997
0,0.38748859508557304
0,0.4706574130312773
0,0.36057884366149695
0,0.5243652718446575
1,0.9092772773790456
0,0.47700501580316046
1,0.5885709925041585
0,0.17923367925335681
1,0.48774459827524835
1,0.56679584136783
1,0.5364381962486772
0,0.10349208646759628
0,0.1345294798370335
0,0.6573386499357787
0,0.029733406311722322
0,0.10440202136484923
0,0.39191527687886574
0,0.5414581244012747
0,0.6761948251698214
1,0.4587859562332284
0,0.17471721968458015
0,0.8231036030341136
1,0.7322623834967232
1,0.6540965574608881
1,0.7863628376028508
0,0.5076441721687065
0,0.4327332211806702
0,0.45259660386970507
1,0.8594605725027636
0,0.09315655805571785
0,0.08845433570310166
0,0.2302030683739598
1,0.8162753657450643
0,0.7614801092970055
0,0.38776000360788065
0,0.11568845871767419
0,0.3905708682199306
0,0.5706369205391659
0,0.045150905099570295
0,0.10597456787896686
1,0.5679744758398196
0,0.5509341294608013
1,0.6446940936819089
0,0.8021975135293559
1,0.40406971738027797
0,0.5805892157788888
1,0.5935000035894449
0,0.6878887613095099
1,0.6795556324182509
0,0.32729025886468455
1,0.3822613349394744
0,0.5011448749297802
1,0.5713159329501359
0,0.8383291427533416
0,0.6455362523067129
0,0.41549986213909534
0,0.06689063605199415
0,0.11609953329839191
0,0.28619631712560434
0,0.7140163434203232
1,0.8429275617485658
0,0.19268862102036685
0,0.04259279942444525
0,0.028781389123218218
0,0.04094939523399102
1,0.7586716943053456
1,0.8805566005901798
1,0.7705665210485106
0,0.08935022745502233
0,0.021495786180460063
0,0.03250246623690408
1,0.7756084231044217
0,0.25804140707028833
1,0.4334506849100876
0,0.04269197831871496
0,0.26306140999860717
0,0.7519032916622026
0,0.027766774296963975
1,0.6050196248702899
1,0.19155063477216663
1,0.8531646798034271
1,0.821338378003627
0,0.08149291886139563
1,0.397758135828587
0,0.020389706633873374
1,0.836129363822229
0,0.3108584161408016
0,0.3082443342583736
1,0.45027546366732635
0,0.5750800256114372
1,0.6931575374921111
0,0.7445350665037553
0,0.384197401065766
0,0.09467278239654488
0,0.7367592751442313
0,0.23871950581876986
0,0.07321551450790242
0,0.11665325083061644
0,0.4044511456172853
0,0.7570133099292264
0,0.2749168148293592
0,0.8241020938806565
0,0.05428205358577841
0,0.44001921456472853
0,0.3430663477524221
0,0.5982094537893567
0,0.04139950511968371
0,0.14085673004908975
1,0.6123843289045829
0,0.4608499018382705
0,0.8407918606629357
1,0.574542397859884
0,0.22961518004875545
0,0.1235999944249234
0,0.2744530091371353
0,0.11658992153847478
0,0.532028801800886
0,0.13147524991085158
1,0.5982156819835469
1,0.8181662157524607
0,0.06769511952847501
0,0.38676326903267993
1,0.8013705981656971
0,0.9024358959275971
0,0.5857731101405999
0,0.7054715348366041
0,0.012952630788441293
1,0.6096465953515098
0,0.09367773157304721
0,0.7857698598788541
1,0.40797991854610777
0,0.17955740149351687
0,0.04937813040123262
1,0.7929892571250131
1,0.5971309114737976
0,0.08594553466652402
0,0.17064388895931862
0,0.7728742382501552
0,0.07490001511870782
0,0.28285384138837155
0,0.08694470165809365
1,0.7952420706164822
0,0.018628322797544297
1,0.7654209455888918
1,0.2544067660986016
1,0.6622951456185139
0,0.787881486033431
0,0.1505895444404939
1,0.35002836300449897
1,0.8619346691126896
0,0.6661946946172608
1,0.5592791404639694
1,0.9156686541763563
0,0.04953969235015808
1,0.6929506435208372
0,0.01847785974428328
0,0.4547323169931386
0,0.062772877108843
0,0.14529909184178463
1,0.7241796269784633
0,0.45240845882642194
1,0.7635606328847736
0,0.4156533389726074
0,0.8387871550796221
1,0.8851691680604753
0,0.07327253141269997
0,0.6760222157951298
0,0.785844059595421
1,0.6333232297228172
1,0.45554116883296164
0,0.056926799363086165
1,0.8405038769048391
0,0.33507335246248526
1,0.6544636547577636
0,0.09899676986521652
1,0.3435757316980069
0,0.0537124672274815
1,0.8197851727946917
0,0.8819427025188009
1,0.32539142472929655
0,0.32946718476862513
0,0.16465614404739476
0,0.4314232004333566
1,0.11999783551543962
0,0.14257208967777127
0,0.15075937713604556
0,0.07957708249035843
1,0.6765577557948131
1,0.6532332504747704
1,0.9086888417929628
1,0.18649034512066157
0,0.25252380261066837
0,0.5402600341101896
1,0.6667898867438462
0,0.21718394509350042
1,0.8311766735095532
0,0.03783724527591327
1,0.7229898202026935
0,0.460185188571174
0,0.22126515161788718
0,0.2212065782542545
0,0.5031229119385203
0,0.4966290681950565
1,0.4802674208839857
1,0.8744943533719589
1,0.8326606647032981
1,0.8835694684445923
0,0.29775985370328395
1,0.4021674183672992
0,0.38633235867673926
0,0.5557080461188927
0,0.029009668289146126
1,0.774005992688875
1,0.23499138865440786
0,0.32685737141239274
0,0.5399657113536371
0,0.5605535926468095
0,0.5508500230520427
0,0.32770524427425285
0,0.7050790563624114
0,0.5458039837653106
0,0.3490120941368401
0,0.5614941635319978
0,0.7056471338199087
0,0.04310731533184446
1,0.6172507429889422
1,0.7914985280770975
0,0.2044874372408628
1,0.847923722039202
0,0.08477395928845242
0,0.11877027826123811
0,0.11876267649503809
0,0.7310804703352903
0,0.435547434866712
0,0.5285096899246792
0,0.6427529311387726
0,0.8964093205533359
0,0.47174937963140684
1,0.8305187767158911
1,0.5929071404485833
1,0.5728389415006703
0,0.5269590253560663
0,0.22105457020151978
0,0.15454507153633282
0,0.785632178744299
0,0.263634656617046
0,0.06257083633265481
0,0.15610126994680856
0,0.7638032655966878
0,0.45476041404042916
0,0.5881889601504161
0,0.29628932459094687
0,0.4523317656935286
1,0.8478142185423869
1,0.8262845841046915
1,0.7535788689016502
0,0.3737400385089336
0,0.5756070735963856
0,0.8699086416700689
1,0.7011558780987424
0,0.09562492964581885
1,0.584461769478458
0,0.28580519879337524
0,0.49070699709874943
0,0.24691437492597845
0,0.13437289681909306
1,0.5192022708465532
1,0.8275828484131592
1,0.8824629315216199
0,0.7072739128727649
0,0.5107000555552218
0,0.09892380354423351
1,0.433579424044314
0,0.3084101568366612
1,0.8856062615704979
0,0.519386097462236
1,0.4681262988515589
0,0.5762110372459602
0,0.5812291755898918
0,0.6275002657129674
0,0.45442870249807316
1,0.48983724172865584
1,0.8966285277768166
1,0.797035232197168
0,0.4025785780392148
0,0.19658196445289788
0,0.5561278092885231
0,0.7125585792345578
0,0.35642995572085295
1,0.6484493564613285
0,0.12005430629825763
0,0.01619892437319739
0,0.1017379148254375
0,0.05242686844970504
0,0.24001626362957024
0,0.0498900810360928
0,0.061725894559310296
0,0.2679900126906228
1,0.9198064740567243
0,0.03936645428800163
0,0.054850317677166985
0,0.13095220044035893
0,0.03399454931430508
0,0.5246143166057652
1,0.8707477303094924
1,0.883166019776294
0,0.08362603633888555
0,0.18541518057539794
1,0.5352502357481456
0,0.08885033963932475
0,0.1250822765767455
0,0.17415973260467693
0,0.8138367030365815
0,0.38188629092240167
0,0.04754850483749931
0,0.8811078665680584
0,0.07639266013417868
0,0.4438412231118039
0,0.7464938846555724
0,0.1696458461225907
1,0.772044829129886
0,0.23738950396383676
0,0.36252557681217884
0,0.2481127840745047
0,0.17175997010021113
1,0.6292803367492903
0,0.2161366572389438
0,0.4412623113328825
1,0.7681338935920127
0,0.022679713597835237
0,0.7387467824294601
0,0.5496199731793541
0,0.16911348408139706
1,0.7527416195689373
0,0.6494041838034652
0,0.47286203251018355
0,0.3813387691989823
1,0.8728301926522418
0,0.07474495844479781
0,0.408630355330979
0,0.4322170140797688
1,0.3727632277806062
1,0.5803586839462003
0,0.35423990902213764
1,0.7940799711302324
0,0.8573538403448125
0,0.04612199744464648
0,0.25228205326000386
1,0.7264955451526379
1,0.7358567014793072
0,0.34738808842917707
1,0.7749211332391763
1,0.8111854464413463
0,0.2720656783374388
0,0.348357782320455
0,0.04877168794719726
0,0.040080866307063465
0,0.3144439382303922
1,0.7597812810535347
1,0.8760594883545132
0,0.1391018987804276
0,0.1889455347423098
1,0.3325661669692267
0,0.7775965539113465
0,0.6952412461043398
0,0.8624485020309606
0,0.044726551560509815
1,0.8330418434213442
0,0.4068263433094489
0,0.37473985905112234
0,0.6309584745721113
0,0.030795597911707398
1,0.8710020636292358
0,0.3244058392486577
1,0.444778838093641
0,0.032692940935218774
0,0.19379072521999177
0,0.46398198884916303
0,0.07033717140155052
0,0.092975131514316
0,0.040057710128110775
0,0.5250519016624683
1,0.5994132574376525
0,0.045461890059302935
1,0.6649436150927086
0,0.2574353933685732
0,0.3362469555218509
0,0.0616610765375888
1,0.6906748261763003
0,0.6722941617595523
0,0.5571903858558752
1,0.7002381809365126
0,0.12461994610798864
0,0.7034006574590621
0,0.3267533132343658
1,0.4546340606233344
0,0.10471178731854798
0,0.4352083406450897
0,0.18001961474600375
1,0.8849475043342083
0,0.6933628826621325
0,0.08316893289649933
0,0.5259970163511173
0,0.5643754411930684
0,0.36682790220246614
0,0.23517171935283596
0,0.01912983064662188
0,0.051875757001238545
1,0.8558967349258195
1,0.6446759718870636
0,0.3978560566155658
0,0.7415707373364103
0,0.15045983632167426
1,0.8089570698150719
1,0.9290048411779498
1,0.8814125655018238
0,0.5435503639618442
0,0.02320530306962775
1,0.8393321761473185
1,0.5079270668156578
0,0.48472467548654996
0,0.4921171207905286
0,0.3368533023498334
0,0.8838646474892818
0,0.035090724171074526
0,0.1319313240876163
0,0.03559051135700425
0,0.02673793266828901
0,0.6958203450669548
0,0.0385082542064142
1,0.5783591214596324
1,0.7238653077812927
0,0.5577880763517241
1,0.4312877266891203
1,0.8905601818547414
0,0.13592569645491834
0,0.08574561702559844
1,0.6638280977734818
0,0.7479864851384834
0,0.0835491928313407
0,0.0732585790184249
0,0.5074170195160802
0,0.10596814812846438
1,0.8666057585370175
1,0.7872366643889133
1,0.8151393456353884
0,0.8320232797727406
0,0.6790701483795963
0,0.24621322865396417
0,0.5027300738448943
0,0.03542329412356265
1,0.7358403088593058
0,0.5088191648396387
0,0.49278800006885976
0,0.1726320545281052
0,0.7988543097825384
0,0.6978611695702062
0,0.055257702686676936
0,0.07474033484664182
1,0.6247107703901734
0,0.4131946861991395
0,0.11225428173060494
1,0.6635718043186131
1,0.37507353451626557
1,0.8041922685278501
0,0.25936865722386676
0,0.42412956579874395
0,0.07508511624785223
0,0.6742074118064304
0,0.3797550392237303
1,0.5632425993757394
0,0.23987532978674772
0,0.08036456543234367
0,0.5226841565627696
0,0.08739815874179145
1,0.3476961931160181
0,0.43528419136362717
0,0.6769136800773875
1,0.7442643759688583
0,0.41645331419406334
0,0.09926007537332873
1,0.4502480315424326
0,0.040579786650176884
0,0.5388547591310292
0,0.6223597499698524
0,0.7725532925651387
0,0.1039728065935604
0,0.033859512120498356
0,0.34856495254153
0,0.5636715047235427
0,0.8036273490520369
0,0.35983950976453777
1,0.8711354315456878
1,0.5296432812984858
0,0.42419045274908534
0,0.07665299220086172
0,0.035626448558205626
0,0.5064071592317538
1,0.8460254638638753
1,0.6907623166242914
0,0.08102291450165496
0,0.32209844558183487
0,0.14363892315230606
1,0.7872813673351973
0,0.8294927629799718
0,0.727694613898996
1,0.24873506532976752
0,0.6406080529896958
0,0.6833505668812515
0,0.7505586003280225
1,0.7409862301630041
0,0.09270348015878374
1,0.42325488950969203
0,0.023764014447901455
1,0.11668549391575861
0,0.6433856747758071
1,0.37550377573252036
1,0.851718363892981
1,0.7476997843020851
1,0.7609194981874084
0,0.7182947436197576
1,0.9009641448490117
1,0.32857212652528245
0,0.12162754648219636
1,0.5547114838576839
0,0.018607736896989253
1,0.608736167039872
0,0.7837361763271737
1,0.569527279609967
0,0.5217370009695089
0,0.49179302323839635
1,0.6100350986289467
1,0.6878680482339145
0,0.6778332691144592
1,0.9312984509932518
1,0.8800190814541899
0,0.044472532669517284
0,0.5115768673242841
0,0.25644335509635563
0,0.43113095601272516
0,0.03851717326577095
0,0.04697988437889346
0,0.7505452863042681
0,0.7234848782300524
0,0.26457497693723026
0,0.37751992530467204
0,0.05564903425711569
0,0.23644695714646122
0,0.0845409872189029
1,0.6243684304595727
0,0.7445696051350984
0,0.6048582590896365
0,0.9045551968141118
1,0.8931388102171417
1,0.8881132536588415
0,0.8565390323641893
0,0.19055049370057145
0,0.14902252177405315
0,0.13111961873261307
0,0.345147313848701
1,0.6489791454913124
0,0.14125848884626305
1,0.6819483953321233
0,0.6264568159232357
0,0.6261608793988734
1,0.6829979769082463
0,0.5502359005503578
0,0.2243717021847694
0,0.0664528803722069
1,0.19362301927438694
1,0.87085629251783
0,0.0363843962146195
1,0.8845112816860423
0,0.21652638389785564
1,0.9019894919504667
0,0.621073910131758
0,0.7338560672671838
0,0.3824396911770713
0,0.5047166752065272
0,0.5654674407244004
1,0.40014962463992787
0,0.6454698244897803
1,0.6675105481094126
0,0.5531861770569847
0,0.2318550697989535
0,0.03644868698900763
0,0.5137154765702913
0,0.3273119291839921
0,0.03650740553003741
0,0.2533076602502956
0,0.6899608314374992
0,0.44167559040039045
0,0.016976353411325435
1,0.8492999884330735
0,0.07013741828061094
0,0.030111079053242302
0,0.7564655898798985
0,0.06437619029589739
1,0.9171008601222939
0,0.32292298419533577
0,0.17305394445317202
0,0.24370225796415895
0,0.7819474745170087
1,0.7441317620514315
0,0.2439117138980282
1,0.7800195169959033
1,0.5692716704330159
1,0.7379568231976499
0,0.43375265361015747
1,0.6617924627154925
0,0.3593941080481836
0,0.03453183308848651
0,0.5685192860046518
1,0.6241521658417222
0,0.779004990477882
0,0.8262859060661657
0,0.5946824230650001
0,0.6801740987768823
1,0.8029197268532606
0,0.817905135243064
0,0.600288579379278
0,0.9041575066896865
0,0.4913796669411267
1,0.7254476773739705
1,0.6791857948390291
0,0.17252265870147832
1,0.7647646474758416
1,0.9037034555026575
0,0.708149402711623
1,0.6371511440784602
0,0.0845379248835033
0,0.33808258528362156
1,0.6747847952372671
1,0.8379802081218861
0,0.21335429861280875
1,0.7362699796205306
1,0.6122663064043159
1,0.6760417805778239
0,0.7958074967555231
0,0.28214850038455663
0,0.8341944132814995
0,0.41294121036858805
0,0.6591118456332613
0,0.6547914434568415
0,0.5348110901661595
0,0.14096186838425853
0,0.6419632054824348
0,0.05886305512313383
1,0.50418334868046
0,0.41128541959649856
0,0.35962019515648946
0,0.2142351342602345
0,0.07075555809188849
0,0.09804690985903232
0,0.04974850632756052
0,0.21393435073377415
0,0.7247997799972017
0,0.5135493896289002
0,0.28770134576951284
0,0.35279237028502763
1,0.5559669236015893
0,0.14256234156846478
0,0.49812520656073284
0,0.16118759191256962
0,0.6019272454162087
0,0.02776074633856076
0,0.34169593961013456
0,0.7473694010020752
1,0.5428425118543306
0,0.6993629700872748
1,0.6550820550407197
0,0.5400619749897669
1,0.6641896866961275
1,0.5896356079128926
1,0.05529731798644849
1,0.8811283659257776
0,0.7144600978881087
0,0.10309479768115618
0,0.4028311490380153
0,0.07552664693386198
0,0.08373510101410471
0,0.17916206562624182
0,0.4481796470119723
0,0.40157076079609544
0,0.7024229773361509
0,0.8437619518509162
0,0.0850311176590848
0,0.764195028136603
0,0.4671198401702342
0,0.0888657347350113
0,0.4167664467388666
0,0.09025040121583595
0,0.6708650096312769
0,0.7520946262881638
0,0.8584960775080107
0,0.10787985304846717
1,0.5795377839977425
0,0.3338032994479944
0,0.8521737802249599
0,0.45262721089479185
0,0.7990392331189521
0,0.03224750159796344
0,0.7748201703780303
0,0.4381214801076379
0,0.2678159091354165
0,0.23302610307465682
1,0.7059537905844188
0,0.58720651588073
0,0.6708400011347586
0,0.7732857354085565
0,0.8792715236493382
1,0.4165226048187693
0,0.4196346185128686
0,0.4513003516429096
0,0.14208308746482604
0,0.06117026372376692
0,0.2544874834246857
1,0.6730964565099188
1,0.8707634811668811
0,0.4566962603928026
0,0.8074919294585764
0,0.47983017187305804
0,0.6739818872129322
0,0.04694160560023785
0,0.32993562067390936
0,0.5636341888744774
0,0.11503570101905913
0,0.32060279435946354
0,0.2174475426482339
0,0.20093434443326857
1,0.4148513769903838
1,0.6508184735640037
0,0.8191600521273842
1,0.6956305342019033
0,0.7097019599199813
1,0.3110575371410664
1,0.3773830987937076
0,0.052808402147244915
1,0.10282381144096794
0,0.5541894560203248
0,0.7597805763326061
0,0.19153884334971424
0,0.10893574911385699
0,0.03818773520287639
0,0.14895591057314272
0,0.1906368498605966
1,0.8687520046568676
0,0.29514406490735784
0,0.6267372585972059
0,0.23371564582576135
0,0.6435552106193918
0,0.1196282445730528
0,0.5612273586792965
0,0.3565565936326422
0,0.4600779180884206
0,0.386366411267502
0,0.5618319232257765
0,0.09402466266426576
0,0.5084562263016068
0,0.07036538809644652
0,0.0865178260928896
1,0.5095367686282936
0,0.045531114169591595
0,0.04986002609966322
0,0.08486219639582984
1,0.8785315113913735
1,0.06202356196748691
0,0.44637472202754414
0,0.46875231319098526
0,0.5384931244394996
0,0.11398638007062399
0,0.034370138076315386
1,0.8987723041035021
0,0.4677965931692608
0,0.37254699443381034
0,0.5498484978161294
0,0.24114049274832997
1,0.8428633225838766
0,0.9304662826654441
1,0.20653606333654656
0,0.04522382682415249
0,0.10052314205102741
0,0.6333545084407688
1,0.7735947701246544
1,0.8429167649359084
0,0.4747871805394119
0,0.6545122179248448
0,0.12361389351369681
0,0.06270626741697716
0,0.47653071518003226
0,0.6390250507567301
1,0.9548342560351724
0,0.6134957970691353
1,0.759725598549939
1,0.5407692406891769
0,0.11888948940988857
0,0.7726648331988125
0,0.692717201535477
0,0.22332848743123973
1,0.7503926933406774
0,0.0977920658449499
1,0.8245723340975434
1,0.529149372139
0,0.04216774727068858
0,0.03244138069183781
1,0.5633633741785417
0,0.3192300878161554
0,0.016387765085872995
0,0.10122269324827868
0,0.6708107140063044
0,0.6255227188273708
0,0.0441051786032427
0,0.05519589028869914
0,0.735485064837703
0,0.12187302996869437
0,0.13851862392302008
1,0.713504501028378
0,0.08055527575939035
0,0.09366252763457948
0,0.04487319265581268
0,0.5810080250521167
0,0.6838199423983534
0,0.16728087390377225
1,0.6147761510684108
0,0.5728891953219437
0,0.2342302307972135
1,0.876198604742811
1,0.7489290349461322
0,0.10217382272079743
1,0.7610174187562525
0,0.5800669970805024
0,0.09747907380364296
0,0.13541368320186525
0,0.1698190441307046
0,0.7995854704190873
1,0.9012175777387088
1,0.4668895895147256
0,0.062464697438806206
1,0.20025908840936363
1,0.36581390371504824
1,0.5638473835492457
0,0.21241657915403614
0,0.25603682078553675
0,0.05428077672264245
1,0.8863537970931417
0,0.3520731816254694
0,0.23559494579072507
0,0.040838942799814565
1,0.7162124695984919
0,0.11378835008444439
0,0.2238446318002739
0,0.6040772012837926
0,0.22705714001610536
1,0.6451537787822708
0,0.6649162583097512
0,0.03399682119731538
0,0.16153561291592816
1,0.5317423780337279
0,0.016300061468430847
0,0.07865995854086305
0,0.06428473243709781
0,0.6286735730433274
0,0.40326163864610465
1,0.6747100633209279
1,0.09176304869488423
0,0.10570198984404437
0,0.6756772950578577
0,0.07933364973944917
1,0.9062603984589033
0,0.05227512331638418
1,0.4688717959506492
0,0.1970493681539756
1,0.40885674859399845
1,0.737802418275451
1,0.2534793252338114
0,0.05200624528067508
0,0.5952243743498684
0,0.03839473655485402
0,0.4544781021516298
0,0.3368946652110006
1,0.8767368987320816
0,0.025786495352922354
0,0.09133094379706759
0,0.14566707940028242
1,0.7013871876096378
0,0.42835359564479913
0,0.3603236060750498
1,0.814607254086691
0,0.05004931925391113
0,0.13171836275019858
0,0.03487476714435908
0,0.7819457926331531
0,0.5696703955097722
1,0.9103621057844531
1,0.39229766560507545
1,0.7810544595529425
0,0.8249577204696888
0,0.5606472521219861
0,0.6843683143363889
0,0.2303076181004032
0,0.6007841381238826
0,0.5465731320002487
0,0.1550608849730615
0,0.25119494490344657
0,0.26503803630394307
0,0.375529057060853
0,0.247191277873463
0,0.7999453867845793
1,0.5845816159141181
0,0.20612663757012695
0,0.024861341795397732
0,0.45066162800896364
0,0.40317311546459644
1,0.717041881520545
0,0.44111650442247236
0,0.25796075847915423
0,0.8479889707409128
0,0.17595742427122565
0,0.7044725751176671
0,0.35181016278199
0,0.4533276193975589
0,0.2779938068510777
0,0.6994949935407806
0,0.11558036661886373
0,0.5913882030175563
0,0.08052436082774038
0,0.4665602923609855
1,0.8246767421295517
0,0.15070139174064473
0,0.3425935980941466
1,0.45426127609653244
0,0.042841867487422344
0,0.058785689431911016
1,0.5538888374744968
0,0.32671190331691585
1,0.7065057225143778
0,0.13528351481040934
0,0.6722080407633112
0,0.15360421842226207
0,0.7228908555746927
1,0.6693019825805672
0,0.3093226620309495
0,0.7781795818054913
0,0.18964690694439507
0,0.6238758646209308
0,0.7518515285585031
0,0.1294040938606575
1,0.9497242118678222
0,0.491744460007736
1,0.7858967016871979
1,0.4759683796004851
0,0.04412943002571105
1,0.8790641735972985
0,0.6943102832848939
0,0.09872144255283427
0,0.06926455265813072
0,0.5340547630270511
0,0.5367832108381045
0,0.62404444949187
1,0.7960433307887019
0,0.13570825712427662
1,0.5011848211645681
0,0.3643922999295036
0,0.4399420372522197
0,0.11467245707758282
0,0.422028445320089
0,0.20418641694539857
0,0.6431065363613023
0,0.5989970375630161
0,0.1270768554391259
0,0.6387175238420524
1,0.7401083838437459
0,0.5038512053327425
0,0.36246499440976027
0,0.055765501702475795
0,0.03436820409630582
0,0.21381303550675257
1,0.0491877053643214
0,0.42129071125495304
0,0.2536623656293367
0,0.05743304315026113
0,0.16940461163261475
0,0.48581095473008273
0,0.5056647940787367
1,0.8428840946613575
0,0.117902988147094
1,0.6301256949398846
0,0.8939508539938771
0,0.2341650142857918
0,0.15548928246272414
0,0.019388736140077523
0,0.02518303508732997
0,0.03139699072174877
1,0.6229679848413429
1,0.5674572962708117
0,0.6620600678911776
0,0.12460770005806591
1,0.8015735884686185
1,0.6955626291178464
0,0.4244916381067521
0,0.4212788492370995
0,0.048064822489490545
0,0.45058251510644703
0,0.22138371490326453
1,0.6749181725032184
1,0.733918470557408
0,0.297771336729955
0,0.5887483013438967
1,0.7546800340513861
1,0.6817885666838313
1,0.6107050659197992
1,0.8853004086808494
1,0.49157781145076
0,0.49562780655071054
0,0.8134081428117667
1,0.7429903019417496
0,0.1346426622656999
0,0.06795073470564934
0,0.3638686664217164
0,0.35018264241291464
1,0.8657955384244249
0,0.5900976089050767
1,0.8482266848346144
0,0.24658212108486682
1,0.9092751822837974
0,0.5206511153427571
1,0.5546812535823065
0,0.012199621064590827
0,0.04616191588009544
0,0.49122707580541686
0,0.030685063487080944
0,0.064542533421776
0,0.5174706123046343
0,0.48706992371830443
0,0.679898180153764
0,0.09118151236538338
0,0.7734432036800385
0,0.5719462582954006
0,0.4274027763745
0,0.2699703019934163
0,0.09924796358320531
1,0.8249390902014521
1,0.8701098011816191
0,0.7491976137972628
1,0.8937870305256848
0,0.10856800151787813
0,0.061137756729164223
0,0.0592160625712225
0,0.38906253837779137
1,0.6199207009067883
1,0.5949157610004978
1,0.726046602528804
0,0.1873334596356421
0,0.8366812435696391
0,0.6995038630842138
0,0.25414171375549516
1,0.5618723948874735
1,0.5104546647581144
0,0.6101661211687864
1,0.5565721791624544
0,0.17995868511506016
0,0.2664936156173893
0,0.13929042973781255
0,0.49076066442745897
0,0.4308238867560397
0,0.6193444682388158
0,0.2801998958932936
0,0.5354141580188754
1,0.627334887283536
0,0.788343749422232
0,0.12195399584935149
0,0.25246794531697003
0,0.41426754359270807
1,0.925571452078747
0,0.06397136088588622
0,0.14925844920255738
1,0.5842719240802823
0,0.34408013215006045
0,0.45533021629769915
0,0.26912677379013383
1,0.62656994424567
0,0.039821723910536067
0,0.2018315393560255
0,0.07842180542512422
0,0.3783648306069087
0,0.326414978274213
0,0.27696102967811054
0,0.09722245270888381
0,0.5529658784317751
0,0.5985270746981806
0,0.06428501069561696
0,0.5035477541600899
0,0.8299160236141893
1,0.9059664978252058
0,0.4786219285529885
1,0.736383444335662
0,0.14255545021868976
0,0.37580656735972656
1,0.6133076213825969
0,0.1662067459110409
0,0.05824600392670258
0,0.6278924886135651
1,0.4211515526674461
0,0.5860225840042657
0,0.10332316789005105
0,0.2884054266497226
1,0.8299475699542848
1,0.5253228500765772
1,0.8498082672517631
0,0.5559093347708092
0,0.4788968031591127
0,0.13169063333414005
1,0.44751525606492687
0,0.6082764034601327
1,0.8786395509846827
0,0.6207302152369656
0,0.17811491092048803
0,0.4867795632805387
0,0.366911491957389
0,0.045209158971243474
0,0.02080487887012969
0,0.7475331287360086
0,0.03605183576857691
0,0.22417044889305981
0,0.8927955618185753
0,0.3622996858051343
0,0.09055755456525678
0,0.19833007277675185
1,0.476392405544342
1,0.8757459488581189
0,0.7461981466724253
0,0.0387877588362587
0,0.07331355654205446
0,0.32975940519757757
1,0.7251973396560601
0,0.07255773189814639
0,0.0932109756755047
0,0.364463039370102
1,0.5342308082884528
0,0.027522785989195
0,0.044527274880337
0,0.22864382432262836
0,0.06915542754730078
0,0.5512666988079696
1,0.5294907764282157
0,0.08768938897226171
0,0.3577646702117137
0,0.04289928511846116
0,0.5923714936126246
0,0.18924444363322268
0,0.162274678174717
0,0.155011577585282
0,0.3710971430945099
0,0.9055264280688672
0,0.03551348402207705
1,0.8883199426208931
1,0.3633293000905694
1,0.8714900651343818
0,0.7968473383878926
0,0.6506656961325822
0,0.1497416256998364
1,0.890555794733256
0,0.023757480740621936
0,0.7158379761923932
0,0.024234222729269988
0,0.08273634514639938
1,0.10108228146730223
0,0.7766290636813309
1,0.8632897718781588
0,0.07847138632774774
0,0.1910817099807365
0,0.708646242215962
1,0.8610351217024403
1,0.6830343180363453
0,0.14358410888120615
0,0.4264943554457103
0,0.6521867413956921
0,0.26133351087343476
0,0.253921355903761
0,0.4057711852721197
0,0.6429170610601685
0,0.11103766947850861
0,0.5169266833156212
0,0.5538777284036861
1,0.8678800865493788
0,0.6694836848579274
0,0.24505807941209493
0,0.18918041108652814
0,0.4272019347441865
1,0.6508621484988416
0,0.45303426825832743
0,0.04741012473474011
0,0.6627797442285234
1,0.8372833486955527
0,0.10555882116341694
0,0.24081929127067933
0,0.24718155594198346
0,0.7642797581590689
0,0.053669906933810164
1,0.4594407297295778
0,0.46438629951445354
1,0.8858213253377172
0,0.15814823343406392
1,0.7170015002086404
0,0.05059020007759449
0,0.08581029927727622
1,0.7264251206030835
1,0.6640836395122024
0,0.2499394858525736
0,0.6013301765535031
0,0.33818181983222056
0,0.07241007314146518
0,0.20351207478071862
1,0.6781347454417579
0,0.4816334749239992
0,0.6571995867283142
0,0.14864542350517024
0,0.13444103430669563
0,0.720053024697505
0,0.7531820584507359
1,0.6509759569565602
0,0.1015974461387078
0,0.44057646053491084
0,0.21070212943090003
0,0.09418326895995183
0,0.04735346585265103
0,0.05761764612103825
1,0.7233293240592275
1,0.621886836600361
1,0.7171407886313813
0,0.7724913772107332
0,0.791865721967152
0,0.2189777297471566
1,0.6620189496808119
0,0.555951239014688
1,0.48612182880043586
1,0.6548210621285568
1,0.5755563686087892
0,0.1036893440813441
0,0.09678523790312309
0,0.620126193329055
0,0.6032003172327222
0,0.23040198572899487
0,0.2842567869864431
1,0.8091264197820032
0,0.8936396498592986
1,0.2537870160723229
0,0.5676333329670953
1,0.806693471176674
0,0.6500750113333308
0,0.5407276182063846
0,0.09298589446945861
0,0.41300545744555545
1,0.42172954942516977
0,0.04572027866781369
0,0.2649009050881525
0,0.06552859998710756
0,0.02107787531687468
0,0.4216832112834022
1,0.4638040215976039
0,0.4642910231066078
0,0.36969190628075677
0,0.5994636274185203
0,0.019197288089932273
1,0.8966448261806033
0,0.5982076009130206
0,0.6313018110434232
1,0.8130903610161566
1,0.8968376790083894
0,0.6118239338678031
0,0.12239048417692185
0,0.7426307650468995
0,0.47406887883305965
0,0.4179400562848535
1,0.8707372922966514
1,0.7782197478630205
0,0.09262212883350063
0,0.03876210895892814
0,0.17286891190170298
1,0.48796539961015833
0,0.026310429051051937
0,0.09015496486606127
0,0.671827756475826
0,0.2308903537222992
0,0.3092844952593863
0,0.19812673754690596
0,0.23196589227091569
0,0.421899817265051
0,0.1415007429149762
1,0.736208570931894
0,0.4820978187512145
0,0.1753794320498447
0,0.8071321207374983
0,0.044657594264678045
1,0.8540488405773954
0,0.46789342788563526
0,0.5873488427999778
0,0.34308441516276916
0,0.44127696340939027
1,0.6200761026639954
0,0.8921443133221635
0,0.5597870738854038
1,0.8585639508708757
0,0.4548588663692266
0,0.02818779102160139
0,0.1082276018942873
1,0.8234263354047979
1,0.7133943809038795
0,0.3527814359291298
0,0.44447241358004197
1,0.7175821882987182
1,0.5437274928678025
0,0.4425192922181887
0,0.8894645635609573
0,0.569410989576986
0,0.053818827476797074
0,0.0454127683515846
0,0.05587000367463353
0,0.15007966195098632
1,0.7816757290838923
0,0.8608431040919174
0,0.24496374416525188
1,0.2414615247755991
1,0.8113374336136788
1,0.6499276169949499
1,0.8800903111422387
1,0.6804942676383723
0,0.19782897811616043
0,0.03570842069427521
0,0.6187462972966263
1,0.8541116747133799
0,0.718098600932357
0,0.01896224871627947
0,0.2521230264686397
0,0.11357888917971909
0,0.5556919995598534
0,0.32863765411282386
1,0.23674303147477035
0,0.039473967013209904
0,0.045749167170965326
1,0.8065047342555234
0,0.282285523305254
0,0.47581538746580543
1,0.8219712861900887
1,0.6821259236023132
0,0.04071829795944694
0,0.07443420964031391
0,0.057145819598693734
1,0.4873715213121504
0,0.6497328341740517
0,0.8695899621895485
1,0.6079982399137225
0,0.032582422729796556
1,0.8527659017442929
1,0.8903974943890085
0,0.5347302539629756
0,0.8738955835030271
0,0.09129195070150427
0,0.127565741104235
0,0.3550082020608075
0,0.10761168865358767
0,0.08372799068516203
0,0.8005981869455024
0,0.06221917490325582
0,0.6302726888429939
0,0.5468380937904408
0,0.7843892020486287
0,0.183697973479426
0,0.6423188829370343
0,0.6424929772020069
0,0.38472911783808983
0,0.5614447524795553
0,0.5860606892529514
0,0.048200299066607576
0,0.20055983150704432
0,0.6542362518530598
0,0.8497732038177755
0,0.8553689803059275
0,0.3135762248242966
1,0.29131925043256723
0,0.07625868908255314
0,0.03582268065618035
0,0.7238741608609434
1,0.6703948544583482
0,0.2059119356393032
0,0.10736420987062006
0,0.16463049482829964
1,0.8540578710687396
0,0.45518070561079854
1,0.6976534574032323
0,0.07407445851948209
0,0.627035313701139
0,0.06332312113209211
1,0.8771820557573564
0,0.6749175824091332
0,0.7127195670916194
0,0.3441832772711412
0,0.2904799259188584
1,0.6093629434481376
0,0.060768205126096424
0,0.42439692418847963
0,0.214368085670122
0,0.6697408564322404
0,0.20784544578089706
0,0.5981085928119436
0,0.7579242312747738
0,0.4528555048189219
1,0.2230906098946734
1,0.3847092766199501
0,0.5630631071543817
1,0.6386356431420959
0,0.7860908110446421
1,0.4166088860580685
0,0.09336379158323967
1,0.6487079552292923
0,0.20379857488364153
0,0.13640147477562667
0,0.486156041435988
0,0.4121019069878939
0,0.2279082927680716
0,0.5444622995024547
0,0.1505512715697394
1,0.714022049701057
1,0.6193670335652361
1,0.38799982596615457
0,0.05968627921745844
0,0.289920867935189
1,0.8830882151222963
0,0.15341748480639514
0,0.5138791073259686
1,0.8637142269271054
0,0.6771291717748333
0,0.24513608246359428
1,0.8120817627512702
1,0.36135107858976045
0,0.10538188509869549
0,0.07157702450598397
0,0.43928547298305154
0,0.05291400826973017
0,0.1676634918421178
0,0.7870054109501834
0,0.31621575802333224
1,0.48652695244886696
0,0.5662584216139812
0,0.10419130582625248
1,0.7545904813777314
0,0.1088188952751039
0,0.33152409087898027
1,0.47931970997468865
0,0.22919312592566524
0,0.805286446848863
0,0.8398846046428998
0,0.8888657175311913
0,0.39406591082954795
0,0.43476278739510704
0,0.28400863202708826
0,0.24504220770815852
0,0.18116145936088435
0,0.4219025499617974
0,0.32445694150655713
1,0.8914604745398228
1,0.43836652956019545
0,0.10407565298562929
0,0.6884859520424552
0,0.42623481098123345
1,0.7638907139047867
0,0.6459932511937803
0,0.7053287289097043
1,0.9216546021075083
0,0.026958284549843396
0,0.7482144788989042
0,0.6192226133147926
0,0.23812627200338554
1,0.5679974469778587
0,0.10938638796246695
1,0.5446603279334755
0,0.7292187098580785
1,0.854871194496818
0,0.024677039975697812
0,0.6423273299640001
0,0.37480032328568136
1,0.7281666480043918
0,0.36831473901341605
1,0.8834080107165146
1,0.41549986213909534
1,0.5613339682510978
1,0.3728506024291218
0,0.10285049951572481
1,0.705891008054507
0,0.23601666048840614
0,0.13169782969491864
0,0.3362635719959671
1,0.9364593363399516
0,0.02124201239363131
0,0.02643944805682039
0,0.19167888699090838
0,0.39809686439565195
0,0.0339602002784057
0,0.124148786960013
1,0.8478426253472343
0,0.05490614579432359
0,0.4489893747531247
0,0.31070637792912137
1,0.45566841854750717
0,0.30615711221297814
1,0.6927839639610399
1,0.7561720250790619
0,0.2806334912869737
0,0.35587557559249017
1,0.8193106556879712
0,0.8279703343870806
0,0.35276279382005277
1,0.5861585330528448
0,0.14207095928558136
0,0.47676056817565565
0,0.11099469369129368
1,0.8866579540874101
1,0.23697563717481213
0,0.4782329559443773
1,0.3657269282141347
0,0.03744463659329024
0,0.6086331426312732
1,0.7027303863224268
0,0.31574432085880666
1,0.8476406516930034
1,0.8023935283403213
1,0.5596350224294177
1,0.49620825753389297
1,0.8811188328323042
1,0.6651375422108767
0,0.7287506348458946
0,0.05613614863483055
0,0.38869104071965965
0,0.01880267873626632
0,0.251098837380316
1,0.6707052051494317
0,0.4874694023931931
0,0.1347843464693629
0,0.7921109443826913
0,0.5332573631747829
0,0.0439693031247055
0,0.7009811438100203
1,0.7213953378529785
0,0.43551193509195973
0,0.41067321543929736
1,0.6233631614728854
0,0.5932536706824725
1,0.6226622372690301
1,0.8888020574322759
0,0.30418736166607996
0,0.6445183551765885
0,0.8320307242065161
1,0.9001571051750156
0,0.0557900838042429
1,0.5965025093731026
0,0.19256354306940904
1,0.5263967973651393
0,0.11940874367246525
0,0.4194165132351444
0,0.028324499426793496
0,0.9065203659127685
0,0.06980278517411938
0,0.07314969342159604
0,0.6210861306420283
0,0.5797787751658842
1,0.8205893970457196
0,0.7224527360283084
0,0.11163967613378867
0,0.4730740056415016
0,0.7205850123437102
1,0.7708057779932508
1,0.4058891295042014
0,0.12042350988462559
1,0.2364878360224718
0,0.6404986235755344
1,0.7231487452531103
0,0.21961756150000572
0,0.06277260912814556
1,0.8578725385974446
0,0.4839082174121796
0,0.16918432299500938
0,0.6674155829478773
1,0.7630089342801264
0,0.5543959970897369
0,0.053094257561763177
0,0.3977611677149373
1,0.6461174073006966
0,0.7692829523962471
0,0.059119600799418186
0,0.4402860720084406
1,0.8507111421655574
1,0.28686898324761645
0,0.12028174630854402
0,0.10333999555745797
0,0.5932316357902583
0,0.06135128750025575
1,0.849613549354914
1,0.9163814863519371
0,0.37450100991101537
0,0.11030246540774816
0,0.6539153866964241
0,0.37150594844498624
1,0.3457249476224774
0,0.3796052295558939
1,0.03179623179985395
0,0.45276456111998503
1,0.7933376112898582
1,0.8816236519648429
0,0.8828925662121513
1,0.7301813225862479
0,0.03974927051531443
0,0.6067290394751449
1,0.754694446590882
1,0.9352417286279888
1,0.5971133300565601
1,0.6587026271828574
0,0.03321605842332728
0,0.735815358915902
0,0.8795596776120843
0,0.729719606787468
1,0.9337815128235982
0,0.10168241921074772
0,0.3870921586700805
0,0.38712149677239716
0,0.06863299230647679
0,0.44171687573209556
0,0.6200078143453749
0,0.06582737849053964
1,0.6934848668404685
0,0.489697177054011
0,0.5936134944703443
1,0.5339626780114819
0,0.048092116532823435
0,0.7698481701616714
0,0.2128645532722351
1,0.7731668453576218
0,0.21968472251578658
0,0.6354950329524992
1,0.8291029466932358
0,0.8773041798515364
0,0.2671612290086283
0,0.6128530211234956
0,0.3979806752061784
0,0.23086318736483916
0,0.4297999418977331
0,0.5898698475058956
0,0.025977072383476147
0,0.23795676128330065
0,0.11201384103667197
0,0.26617733803348004
1,0.22733367008496297
0,0.15537862828502375
0,0.7732327135812641
0,0.11925513372630182
0,0.03658112055311696
0,0.09736330482189653
1,0.42750988390963196
0,0.4648338765994369
0,0.4749018171629849
0,0.2892883165627063
1,0.5963802063330846
0,0.1701856335345109
0,0.01665876124998937
0,0.6052695300639565
1,0.34930532604117887
0,0.1686455307742342
0,0.16167602118401295
1,0.6112409320854308
1,0.5330735806461405
0,0.5392301931379003
0,0.6755258813509173
0,0.6370931523688762
0,0.7165128370553406
0,0.12028599699029804
1,0.7344352424493952
0,0.7507470095398552
0,0.39279385681154977
0,0.07329961385473659
0,0.22961518004875545
1,0.8448776107177524
0,0.11788086725436885
0,0.7636648044065767
0,0.1330878755877203
0,0.5740831408510046
0,0.3965532764386174
0,0.3362705929115335
0,0.12755110758863722
0,0.03913413828449399
0,0.03462836761305901
0,0.5152629234045448
0,0.7474883870377623
0,0.09016282653678717
0,0.1625254927111707
0,0.8293236589937099
1,0.39298353772670636
0,0.1677981783916488
0,0.10945655648456133
0,0.034417751621570424
1,0.39464333952771635
1,0.8519485280769148
0,0.25890587874210746
0,0.07314684124657965
1,0.6167010319016372
1,0.5742513838228398
0,0.040484406960823095
1,0.887007958275051
1,0.7857754740811723
0,0.4344483909260097
0,0.12767659337407386
0,0.0558706299808577
0,0.7336304280143157
1,0.36375377161068895
0,0.13903201331237106
0,0.4275757515781743
0,0.20409380176687922
1,0.6645442395226513
0,0.08170680077095757
0,0.4039931681041258
0,0.37314102092922274
0,0.42958244232507714
1,0.6836039280607437
1,0.8778799705065052
0,0.11254927873199626
0,0.08096985555797398
0,0.39583106766581566
1,0.6694044472178814
0,0.22930470590015967
0,0.13337601950909356
1,0.8493022124400287
1,0.7276832933450114
1,0.6778329646140203
0,0.5075255104508145
0,0.7068561543166175
0,0.7952620269723314
0,0.7876353924016358
0,0.5052211508122615
0,0.20243982568505256
0,0.07372668002684649
0,0.15754199241411562
0,0.6273744940527942
0,0.09974359894095214
0,0.7081725489194554
1,0.6770581279044439
0,0.20021169924724352
0,0.22562475092643525
1,0.8694240277995012
0,0.13022311262691608
0,0.33614305965176133
1,0.86746412157103
0,0.555873623933816
0,0.46662396515943577
0,0.04280241589233307
0,0.23502505277095964
0,0.49024256329635196
0,0.10033974605263776
0,0.02159854364960923
1,0.9281079462353126
0,0.5215559840578299
0,0.39455339407666445
0,0.14412054853449535
0,0.3644966888129695
0,0.094304808903899
1,0.16837649494983817
0,0.3724376140663591
0,0.058073072452009274
0,0.029832164924322585
0,0.7013441799639907
0,0.48764925650731
1,0.7293182645641099
1,0.49364411487585386
0,0.0687502982994553
0,0.11310204959286596
0,0.035093332033702754
0,0.47262544110585486
0,0.0307863786330237
0,0.8816117145104877
0,0.4176623871923307
0,0.04017519310906374
0,0.37473985905112234
0,0.35364036940784843
0,0.5980527065505343
0,0.07328037335592162
0,0.034725098726258945
1,0.6689689628830675
0,0.8047558499952143
0,0.6714402288350283
0,0.01409888871058948
1,0.15861590664893196
0,0.3698103620723389
1,0.5843837236296197
0,0.372420708220543
1,0.3811292792915184
0,0.5466712748960759
0,0.25583135941851937
0,0.298478917639884
0,0.6404704424378043
0,0.7096366389635924
0,0.48733851258002747
1,0.4214763096386145
1,0.5674895895777765
1,0.4968053020253558
0,0.060415766562530525
1,0.2662279399054854
0,0.7381563558957316
1,0.6459462879012653
0,0.5807250028699276
0,0.04925193443382953
0,0.2143608108129531
0,0.04484252043696536
0,0.6893370002170304
1,0.7276506224337166
1,0.49273156780536953
1,0.6054355960965399
0,0.33488200805884955
0,0.8640812890927511
0,0.01988393907727822
0,0.7729450688200088
0,0.05767773824069007
0,0.10601932559019639
1,0.7016252868546206
0,0.7426275358285105
0,0.2527530868095612
1,0.13325725174046418
0,0.097756254233795
0,0.22624778939948478
1,0.9009839925796743
0,0.01861881771351273
1,0.875398233618306
0,0.6623177533046197
1,0.39899088301225016
0,0.3100569639994614
0,0.6721223492827687
0,0.3042222792573073
0,0.19164666049521567
0,0.6354791765828025
0,0.13541071258841045
1,0.6703886684316273
1,0.3050686804429029
1,0.8224793708388146
0,0.0494358871244702
0,0.5824888630448158
0,0.1014493767897389
0,0.41076821961933613
0,0.1782275925812667
1,0.4317579189836051
1,0.6754413150888555
0,0.5105150932320869
1,0.4649377769386084
0,0.267102286778136
0,0.8811813348205656
0,0.2673220411130342
0,0.029358214022842225
1,0.30001912138057507
0,0.18136848767255517
0,0.4167132005241587
0,0.6745013914273731
0,0.46835316636887814
1,0.5981477128032053
1,0.6143143579695455
0,0.058355373508562534
0,0.411264710503839
0,0.4112173248642763
0,0.4710568215005709
0,0.05329045052834036
0,0.38200952151145695
1,0.8703660355571664
1,0.8903753438890826
0,0.5738499290249748
0,0.6122085535315624
0,0.15610126994680856
0,0.5961160195971288
0,0.33507152291274783
1,0.904408499515186
0,0.5018779433451679
0,0.3366509569269907
0,0.040223838551843576
0,0.09313777287348432
1,0.6606078121408077
1,0.5860678121630114
0,0.10604855139004352
1,0.9021373040065777
1,0.8372310905909728
0,0.3964478313096829
0,0.15095068053880856
1,0.9332200545757823
0,0.36886706172749084
0,0.7852111698999618
1,0.6685812753534428
1,0.15981286800226563
0,0.16651697030679166
0,0.819753061896131
1,0.8422927076588312
1,0.7204535164724607
0,0.7249738873823225
1,0.6506224238419389
0,0.7013976844138224
0,0.026508101672300152
1,0.5167169323330393
0,0.19075335234282165
0,0.31986475466648057
0,0.1036134542391301
0,0.39848535865802426
0,0.4196035416626729
0,0.2723518063325471
0,0.7712337479613708
1,0.07027285996919293
0,0.03460930316415967
0,0.2845107612202686
0,0.22723414038139966
0,0.5039795026582027
1,0.8195845585172492
1,0.7707201789935589
0,0.08232982904914662
0,0.3199784047676636
0,0.44723845253365063
0,0.24699802176793587
0,0.8255828481711205
0,0.3902124775974129
0,0.08024330879457153
0,0.03208266679798933
0,0.5740240403542946
1,0.9268127536783197
1,0.6898568428229457
1,0.6970739331040859
0,0.42210874607377896
0,0.11414601501113714
0,0.04744033079824212
1,0.6904695951643159
0,0.8515706002765369
0,0.06041117655950492
1,0.7401266273467841
0,0.07236609470013475
0,0.2686192256762432
0,0.08746233379837101
0,0.5956866973280674
0,0.47338638527997906
1,0.04512538590279874
0,0.07669218133917906
0,0.5519542831867792
0,0.43148741003783303
0,0.6056777360498079
0,0.22987168567716126
0,0.6354299735940478
0,0.7614044676901719
0,0.49601950303137216
0,0.04727440833087045
0,0.09580030281774851
0,0.2890002219512437
0,0.35681013570668996
0,0.5880696151162536
0,0.27721587620139804
0,0.07997640885353226
1,0.6479521365743363
0,0.2313326126900459
0,0.31546814889437186
0,0.11161371851786706
0,0.020803179031937992
0,0.079330513819537
1,0.5857411169634361
0,0.023764014447901455
1,0.7622068049335703
0,0.7905214435492595
1,0.8343071866237182
1,0.3412889926261689
0,0.18402869288661863
1,0.5644419066306884
1,0.8067646612333848
0,0.5647333012324147
0,0.03352641188350446
0,0.3207815116431214
1,0.8118545857439422
0,0.3912100704025991
0,0.6629340263067124
0,0.0337983486028745
0,0.1088648644548333
0,0.11094875949187588
1,0.9018745753472852
1,0.8490044261321567
0,0.025358959614923633
0,0.45449685752343977
0,0.8566460739589534
1,0.9204379740133705
0,0.6893998567254606
0,0.13028876623532293
0,0.5800026523142956
0,0.5063766740468587
0,0.3580621446002888
1,0.4361844288163372
0,0.5028154820046802
1,0.6756389919565159
0,0.07092289740924211
0,0.07387997481802498
0,0.39958500245814194
1,0.8273281081162245
1,0.5464846679165545
1,0.6446025602876458
0,0.7727318289274886
0,0.030407292349563603
0,0.2613922736599109
1,0.6988006987440523
0,0.22284214291655288
1,0.7478764870437575
1,0.5935108268323529
1,0.5282355696148172
1,0.9147786822897973
1,0.7731552673542136
0,0.4641160334362702
0,0.612944567698645
0,0.16529230372713866
1,0.5940187343522161
0,0.5576305021591148
1,0.5498347282995742
1,0.832649089065786
1,0.6261008278557738
0,0.05789488268617084
1,0.703752357980258
0,0.14544552496481528
0,0.22117008541157476
1,0.22080526660458813
0,0.3643084290875775
0,0.1353051561949303
0,0.149764312468582
0,0.14768082373536473
1,0.9388984587053175
0,0.4027975150329332
0,0.7439954644649874
1,0.9033162211494363
0,0.6598918691425385
0,0.4150277491931873
1,0.7819858099351586
0,0.46690552549205694
1,0.3824723320845841
0,0.1649520073363258
1,0.9327905854473
0,0.18127127139837465
0,0.4245054831684137
0,0.41643707287080284
1,0.400875847243616
1,0.5175144495494534
0,0.4294766009560386
1,0.6538697309737483
0,0.05244016189550712
0,0.36524111525825464
0,0.1333045526717247
1,0.4779775717794727
0,0.3613448223277629
1,0.8641941271549729
0,0.6974992158886876
0,0.09580959723084405
1,0.24605819770528767
0,0.5918726020682652
0,0.31124398069940745
1,0.4240656565728747
0,0.4640016677537776
0,0.298611936121912
1,0.8775198306461194
0,0.08566945617371151
1,0.5952034105905258
1,0.6308767709549399
1,0.4266824294461117
0,0.3567572807067739
0,0.33848336808865087
0,0.5868721605798439
1,0.7744510754882755
0,0.050000075940399125
1,0.2823608930964192
1,0.8487392505985453
0,0.42038630255269144
0,0.5946824230650001
0,0.828940171642453
0,0.08434193357723185
0,0.38262029548360305
0,0.8800227514570345
0,0.28803069858860214
1,0.8580518406424615
0,0.8818104654079194
1,0.6491870663532813
0,0.7474710623249087
1,0.694876755722836
1,0.649241343504282
1,0.846251805372951
0,0.5970333744566015
0,0.14728451069199372
0,0.14712318143581965
0,0.03941820313483903
0,0.21628769903622538
0,0.05434685535089954
0,0.18667450825583703
0,0.6322974658445204
0,0.6971402790762019
0,0.03810454666179477
1,0.5469557732586314
0,0.07062996846491795
1,0.6663756873876528
0,0.06073316600145786
1,0.7130585865267001
1,0.7715956415885356
0,0.05111764291536004
1,0.6663838854580988
0,0.08691962212870902
0,0.24961505140774648
1,0.6694847983352864
0,0.6316098778873882
1,0.4022824838257233
0,0.19628097137967584
1,0.736265320948772
0,0.7646253926545235
1,0.43253927718609575
1,0.5949562004014978
0,0.19559995165377728
0,0.03958059544041122
0,0.534174483949593
0,0.09140957361659188
1,0.8068883363338316
1,0.26848868385763375
0,0.6286384071746767
1,0.8698355331792981
0,0.3967566179721791
0,0.12794105716151635
0,0.6738782845420075
0,0.2797716240459086
0,0.8430220346124565
0,0.4481773296226614
0,0.3021465363190205
1,0.8926058298826116
0,0.043817448524670705
0,0.9023400182885233
0,0.6582652770062334
0,0.6574828397943691
0,0.40595277812407216
1,0.4720927870973997
1,0.6522711864673961
1,0.5518172072238857
0,0.11970162312994305
1,0.8813525819001107
0,0.03723168572769323
0,0.1217902487011788
0,0.8110103847508807
0,0.0533117554617158
0,0.09054703265050858
0,0.17319264131868142
1,0.692930523026003
0,0.09908437375120062
0,0.6310110685210004
0,0.40981970105598076
0,0.22011443537284045
0,0.6772485172289463
0,0.02273594667695566
0,0.4504047535104591
0,0.8263943913715525
0,0.10597456787896686
0,0.8814799054958005
0,0.2504241641828694
0,0.2689837657444374
1,0.6913295829755863
0,0.2546502494815844
0,0.6790295913303604
0,0.41125780548492274
0,0.7220225036924907
0,0.516734279723811
1,0.6563740772481941
1,0.31284643555743274
0,0.5753316656887496
0,0.08454159755552622
0,0.22864909801276267
1,0.37584087657117915
0,0.03868931536314012
1,0.17808204325831037
1,0.921081701574192
0,0.3892045289070122
0,0.05902990006775246
0,0.0984867373320478
0,0.6976897665259164
1,0.6184206297086665
0,0.7637568954864917
1,0.5135207225469877
0,0.10924954322136793
0,0.07791677607627441
0,0.8564511330799303
1,0.527713194004926
0,0.5605556082034681
0,0.03664875401894232
0,0.6864801452716837
0,0.044669908825876285
0,0.6675507754321215
0,0.5917678485658621
0,0.22363385112681028
0,0.7102628533446884
1,0.695993150404398
1,0.658056240931662
1,0.3102851344574801
0,0.7061801990047902
1,0.6277989052781469
1,0.3955280353640575
0,0.46131621286197716
0,0.8539197887207317
0,0.8363166857603996
0,0.18865140106566963
1,0.8641964163334193
0,0.03210115460905349
0,0.0306099109877363
0,0.22961518004875545
0,0.05342906194196999
0,0.733943624125968
0,0.7801383217949126
0,0.05543784677649817
0,0.6753739422759153
0,0.22695402574946824
0,0.32281741960589866
0,0.10244612916294482
0,0.14470810858231375
0,0.19171482864656678
1,0.7652869305575635
0,0.5935332214434424
1,0.6994749583487356
1,0.8450301977727782
0,0.046411822324655204
0,0.03621224901760291
0,0.7210246058831653
1,0.9170228544610891
0,0.06822758272408098
0,0.828006719961419
1,0.7228325400318618
1,0.5552269924635164
1,0.2947289453616848
0,0.45206157460678614
0,0.21910927719246506
0,0.04544168040592188
1,0.8614429796445187
0,0.43742716572400336
0,0.5447034707095213
0,0.1931124087588386
0,0.4084868239296783
0,0.016562328484049437
0,0.3805618269698734
0,0.05630831762534571
1,0.12630165508899735
0,0.05095773293521583
1,0.9081365431423802
0,0.38520496343457145
0,0.08460141420817627
0,0.5230166960971797
0,0.33331622934650257
1,0.7195538181688409
1,0.6946394247393435
0,0.07152422385398881
1,0.3563320099909345
0,0.7574384630035628
0,0.38136740574253897
0,0.120344544697393
0,0.6497649630068237
0,0.2600982777536184
0,0.5086406369698486
0,0.25932698188539055
0,0.11804947600816958
0,0.022902069489005764
0,0.5857391910608785
0,0.028389762543651262
0,0.4886022563320277
0,0.19475120588087216
0,0.037531453482935094
0,0.6332445302364835
0,0.13043237239757408
0,0.24369110919975284
0,0.43525320985560306
1,0.49179928518014826
0,0.2190408271872535
0,0.21553073556404637
1,0.31578907871514794
0,0.7172490403775333
0,0.40964459791008506
1,0.8820915309322767
1,0.886202852072024
0,0.22226457841162678
1,0.5406755926702083
1,0.8919061657822847
0,0.07979255489161313
0,0.21050993697467982
1,0.5436285492232408
0,0.5094838722341241
1,0.9106300160182514
0,0.07471580492846897
1,0.16118759191256962
1,0.8580268329437634
0,0.9093425158863955
0,0.3070080980009672
1,0.6307365587498915
0,0.09014719963502389
0,0.6275203830580088
0,0.04146640146313393
1,0.8333631153409786
0,0.04863971616268311
0,0.7831712089174108
0,0.07102846119560179
1,0.5869978213750745
0,0.43507882470044046
0,0.8739119440966214
0,0.6839398806212216
1,0.6530496871215397
0,0.7774115739759108
1,0.034034549259529895
0,0.6768404821059143
0,0.10743556199733843
0,0.4831455513849186
0,0.5691854499654201
0,0.05157387004363949
0,0.0645986390667263
0,0.8193034256064544
0,0.567760448916799
1,0.8213789186771501
0,0.5369219310833132
1,0.8772451036899691
0,0.4024183140278777
1,0.785108670337318
0,0.6625201751823463
0,0.25539001926492677
0,0.0714074383198987
0,0.0477891962034097
0,0.28731064012173224
0,0.026784242050050904
0,0.2165482395159287
0,0.24688594685835943
0,0.631132589915175
0,0.4443508781765746
0,0.10168605434791111
0,0.32904626369240453
1,0.9495168375270833
1,0.5964258468496961
1,0.2948088015364074
0,0.7340776897136242
0,0.8021607906643988
0,0.1412140041388977
1,0.8097863187769337
0,0.07871082892747158
1,0.8459777603638412
0,0.05764736308648694
0,0.14556060146218083
1,0.8431035706669058
0,0.5544942646525608
0,0.08178065712139984
0,0.07721797258980215
0,0.09391739948947529
0,0.7334977010028869
0,0.22264688514211042
0,0.1305591037434919
0,0.39465265701663954
0,0.6712743850388386
1,0.9286206845716345
0,0.786444060079227
0,0.3128366930144351
0,0.2271971035683688
0,0.1832766441802077
0,0.2842791547070643
0,0.12122325152300176
0,0.34658827950058535
0,0.23519609855832585
0,0.10746594100569104
0,0.5474529120010317
0,0.18162519485284648
0,0.38606037509549146
0,0.0807281767236841
0,0.44083998025264276
0,0.428932823887593
1,0.8251239476531302
0,0.14345401768075675
0,0.27476581828953145
0,0.05290240457377191
0,0.19614780854747965
0,0.27579354478244067
0,0.2649441446472019
0,0.12458968522753598
0,0.8894794528968976
0,0.36680259957086275
0,0.029432076930410923
1,0.5103503845976063
0,0.19843470825414863
1,0.7042759483197307
0,0.5994381595238208
0,0.11499944988173301
0,0.14692070587550798
0,0.8536949899179187
0,0.08265922782709177
1,0.18585069784997094
0,0.07688034305121699
0,0.663551004860162
0,0.7827686120178956
0,0.0254499761752806
0,0.46081808300465393
0,0.9352265509733512
0,0.0989606008257205
0,0.28007280984603367
0,0.2721860429936045
1,0.6901877721150436
0,0.4469640899712537
1,0.3792285371937508
0,0.051994637784622155
0,0.2534292573297427
0,0.42686463665052177
0,0.3076267968025552
1,0.7231479218824198
0,0.03469378110779794
1,0.6703345370051793
1,0.6519708563721719
1,0.4934453625033278
0,0.3765168226617488
1,0.5780124738285282
1,0.8585174982973373
0,0.7039966011165574
0,0.43501161881773914
0,0.5198274043436303
1,0.43926771183360214
0,0.14915227600638137
0,0.2631751273350104
1,0.6523258522486622
0,0.03293997054006737
1,0.896359453692777
0,0.621223163359939
0,0.8524993669787181
0,0.492566080255156
1,0.3241685487290398
0,0.8434792421009885
0,0.03125653659674829
0,0.036273524717169665
1,0.6874770786526913
0,0.5004613926352746
0,0.30408794202238515
0,0.4858341772046073
0,0.09400986924205332
0,0.24298035355520223
0,0.1181460813697945
0,0.7889536779339433
0,0.06101883750974493
0,0.07339711398383902
0,0.15945235712926495
0,0.04154452562404272
0,0.4504651928122153
0,0.42545645756962625
0,0.09660123065582601
1,0.6047253037882814
0,0.0461939838658089
0,0.6635186657639031
1,0.37574766873018023
0,0.4383830878161063
1,0.29896668614983535
0,0.6485057598507493
0,0.2551407702309861
0,0.6270758793522562
1,0.7566967271313101
0,0.776582042395639
1,0.5012586138592551
0,0.4985403592808819
1,0.5885892778259141
0,0.1365133948799679
0,0.10559806377727685
0,0.13177200192036762
0,0.04868352192177959
1,0.6606357281734357
0,0.044884756655275165
0,0.2473144832214652
1,0.42176132980493497
0,0.245275599274526
0,0.07866976081028067
1,0.7021730726179447
0,0.5664483067586369
0,0.0755596975739976
0,0.22352642020183286
1,0.8097695206321209
1,0.8331288118750471
0,0.04517260075976688
1,0.9352889389901657
1,0.6888336922077175
0,0.13515528321252648
1,0.4414956137034129
0,0.03977099983110265
0,0.5797867835096981
0,0.5070549572203552
1,0.8948088788423755
1,0.446839287637177
0,0.19336533519931112
1,0.49743572461004637
0,0.24242195019976592
0,0.49351214453641584
0,0.19494787043416875
0,0.06439364384261546
0,0.16871901328327496
0,0.021197180134811255
0,0.4452794053487847
0,0.30898187193482646
0,0.03094104955046624
0,0.6750973479824061
1,0.4230207491250702
1,0.7714760207725334
1,0.872051885636147
0,0.6268577032382742
1,0.6679287148606939
0,0.546339000786866
0,0.34356781532632474
0,0.032138572735663645
0,0.039864991982564935
0,0.1019821013968892
1,0.8112199419018904
0,0.5849724172608055
0,0.1809532194474208
1,0.5600697995122066
0,0.5591737001790185
1,0.523126190053927
0,0.4506400311360748
0,0.051266531245455764
1,0.8998003790218156
0,0.46211448616144646
0,0.11329711670274728
0,0.5569829488595975
0,0.02746981702488981
0,0.12129231122584493
0,0.26061572192452925
0,0.1225604771050347
0,0.4743969147604198
1,0.6555923204568198
1,0.5247423769361188
1,0.5480243675579811
1,0.6615147405975913
0,0.21462482517096523
1,0.7416713507162447
0,0.27039413807338825
1,0.9163969428306175
1,0.8526383600699523
0,0.2251432614802988
1,0.8227960731898457
1,0.8974039883869659
0,0.016868002478575943
1,0.6881573201394274
1,0.4656133728965654
0,0.12324891326238711
0,0.21465693381521847
1,0.829413293726533
1,0.8304717008781828
1,0.8883413220721055
0,0.10635500615508098
1,0.7237223387596142
0,0.030797836069712516
0,0.21118190185693675
0,0.43488650646281435
1,0.6992448853790999
1,0.8876025309811356
0,0.08228931872908486
0,0.9039595848646327
0,0.17849849414519636
0,0.7774324331847262
0,0.5807032871374954
1,0.5458292451940437
0,0.5648613108783972
0,0.7407681569872997
1,0.37270732188388545
0,0.018086700106544423
0,0.46259540499593604
1,0.6987784595552566
0,0.22877475367484434
0,0.023605787822312756
0,0.8535466104071885
0,0.5916923704521546
0,0.5131226316654803
0,0.7195837841184302
0,0.451352733141679
1,0.5399104466991539
0,0.6966473229288047
0,0.36132270307033565
0,0.6030222540897872
1,0.7531209898619392
0,0.3094857260431126
1,0.5158519113534011
0,0.49639817650457674
1,0.7175728311346258
1,0.692283684207945
0,0.25470209169385455
0,0.5524070504778853
0,0.8122721788003212
1,0.8139141707808222
0,0.9114359628890877
1,0.7782651626556956
0,0.6575722208495687
0,0.4495870663961559
0,0.529291467316151
0,0.6890176808498771
0,0.04513734594051213
0,0.7446229370508017
0,0.7620309425967088
0,0.1368820392386807
0,0.0537866936122913
0,0.24860192745070536
1,0.878706746913773
0,0.040194811863987705
0,0.43647442884080256
1,0.568619520728603
0,0.034132971145203334
0,0.4279291619843044
1,0.8187150981308993
0,0.4479160954552061
1,0.7925873610349015
1,0.7256076381821065
1,0.7284235279177409
0,0.22845271325640515
0,0.0575816672172508
0,0.03568590191310887
1,0.5450945013743569
0,0.23293184055553848
0,0.42318671694717797
0,0.1010349415295451
1,0.21969583312281207
0,0.3810132781718595
0,0.3786510116521513
0,0.2926444778829573
0,0.3983551142033066
0,0.1852562198008595
0,0.04825842080970399
1,0.5898709138365472
0,0.4882572785288055
0,0.034167613817168915
0,0.11333046644333256
0,0.7161602137316456
1,0.5316328597561913
1,0.6228839138282782
0,0.4456727342574257
0,0.07055604375355287
0,0.6583804020727202
0,0.5051314203575598
0,0.7881720456360974
1,0.938918898871473
0,0.5773983893419962
0,0.5657406702831643
0,0.23231577064544476
0,0.5555989860418814
0,0.6253058379848506
0,0.11979607631288043
0,0.06525880359635139
1,0.8934979019963356
1,0.7770424443318622
0,0.15416866679640012
0,0.2697992001943092
0,0.6334813635803361
1,0.8691426268503424
0,0.07624805324068049
0,0.3912322704496864
0,0.15302572693512273
1,0.7087598372691387
1,0.264417384662356
0,0.8392885620461078
0,0.2557573095728697
0,0.05001721166218229
0,0.3557960248665188
0,0.3673945634420805
0,0.22796968775812484
1,0.7011788226982902
0,0.1566162738063677
0,0.4433403817724068
1,0.7936767939822287
0,0.30391545463688396
0,0.7195471768348366
0,0.2839310223957704
1,0.6119991906406231
1,0.8509121166653515
0,0.8322286082653302
1,0.3077200150902082
0,0.1399627680573158
1,0.6982512991809965
0,0.4568412968714737
0,0.06376492963941904
1,0.7270368868483629
0,0.11253330922796223
0,0.5389713067214433
0,0.45901022177220996
1,0.8366759655566415
0,0.07894576275015339
0,0.6340140940951965
0,0.26529054685479053
0,0.11729709068659175
1,0.10873406197956023
0,0.0860549094773868
0,0.25355519875988186
0,0.0908721185673192
1,0.3775830014674163
0,0.6076996405653198
0,0.08875300519530825
0,0.39755332963013007
0,0.06259809525967244
0,0.44598155122575717
0,0.53628616189165
0,0.5169427839237699
0,0.16113620932135875
0,0.7687371793494175
0,0.6674735398521119
0,0.3846943875527718
0,0.5483868863082363
1,0.6186509799272294
0,0.02129173262369915
1,0.6549283986087423
1,0.42649579346626904
1,0.7784595171938617
0,0.4204715697961717
1,0.5080482180741301
0,0.051578581936884874
0,0.09454344033616378
0,0.5962184084089208
0,0.06104750920767255
1,0.9175127740961279
0,0.051207296727910516
0,0.45616084779819394
0,0.5091841214419863
0,0.8014693386827235
0,0.7828053970805023
0,0.4345625462281291
1,0.3736597708657207
0,0.5661403396333287
0,0.19889863271853048
0,0.09669556620372508
1,0.895703596690269
1,0.6632445672676479
0,0.2155278593975399
1,0.7521791718292015
0,0.713632342975675
0,0.6271557986475901
0,0.6863383197941055
1,0.7939120507343166
0,0.4583411136940079
0,0.5515466645158041
0,0.39715043946975237
0,0.5254612929580674
0,0.0995687161964029
0,0.5088611783933281
0,0.14499776584663662
0,0.32179257900371966
0,0.919464314360689
0,0.5930594986876093
1,0.34237813139108053
0,0.7296118558205288
1,0.6056973227137321
0,0.03116275743792812
1,0.6704461577607572
1,0.662505991382429
1,0.8953100378290879
0,0.7793438307116238
1,0.7933148452055264
0,0.3115841367087646
1,0.41953886509188454
0,0.3684580084091708
0,0.06461992786292266
0,0.13942936361079936
1,0.6158423480632396
0,0.20372342304518637
0,0.07984835754375387
0,0.6729208851378864
0,0.01496941795903209
1,0.6995524065451564
0,0.2058527028141802
0,0.34018854701496054
1,0.7438227376577919
0,0.639564778532284
1,0.5421091565609191
0,0.37494300035647665
0,0.05245488162110982
0,0.25246390792537243
1,0.7449305410472712
0,0.32688097752175915
0,0.266913664979346
0,0.3282533203469056
0,0.48387920297208425
0,0.8143574925110139
0,0.14203355252236444
1,0.7609393334344781
1,0.8307422034823254
0,0.03713523798313575
1,0.9437115350492863
0,0.25029286964014363
0,0.2137014957108718
0,0.292449447234381
0,0.12878098766660065
0,0.020717293758096975
0,0.5701242028205943
1,0.6308940577304493
1,0.1621189317758572
1,0.801795532216504
0,0.9026284327510329
0,0.21767203544863056
1,0.3696765664272764
0,0.6193632230015549
0,0.8978543379047589
0,0.7586076015353378
0,0.6494473344565984
0,0.7419744936479503
0,0.02697867520038845
1,0.9144087911998344
0,0.1737098309481443
0,0.12195115212211824
0,0.012416609180092795
0,0.8701341185755429
0,0.43375939178993494
0,0.1013116778456858
0,0.1804707506161933
1,0.6929799953977529
1,0.7114969999497137
0,0.2687048297902844
0,0.0699530345209281
1,0.7145308524667952
1,0.7098955805366595
0,0.5528060120716907
1,0.609602870194604
1,0.8964761693859903
1,0.23783005734281293
0,0.4952173945832487
1,0.7691219941267559
1,0.5739046250638552
0,0.2016826609423829
0,0.8673623756460233
0,0.29290687193585274
0,0.3158639314441307
0,0.4509390612011993
0,0.7996862994695703
0,0.07537151085325162
1,0.7751357837926134
0,0.841723436074329
0,0.8130244911579747
1,0.844405075006671
0,0.8337308122297574
0,0.034269014808480734
0,0.25936865722386676
1,0.5760113926431956
0,0.17799388925410006
0,0.7772240875117723
0,0.9081651970772741
1,0.9216209499104687
0,0.0688460301195551
0,0.8182963988376982
1,0.7974140536040549
0,0.47704542364146624
1,0.7596311620456697
1,0.31475825426930903
0,0.30381252091464955
1,0.5324646166972832
0,0.5490707456729003
0,0.06577709538855935
0,0.8032641553993625
0,0.7342603326372511
1,0.12553788178251343
1,0.5974358411959128
0,0.2853367481604571
0,0.5380811726355723
0,0.8195250733715713
0,0.05886305512313383
1,0.6222062853416384
1,0.8084664873269354
0,0.29044159725264906
0,0.1636910361903342
1,0.7586446450531042
0,0.13163029814920507
0,0.28055539211653685
0,0.7115168334064897
0,0.662080826517904
0,0.3822084458795713
0,0.49124608610618414
0,0.261871293424454
0,0.41675711322117726
1,0.3258210596637448
0,0.7002750570788918
0,0.19379308418397181
0,0.39068777277105454
0,0.5618724598152695
0,0.1699763531145407
0,0.6825817337858062
0,0.8740892269147411
0,0.23724627937329096
0,0.04240331509077719
0,0.66870725747573
0,0.7294001879096
0,0.25158541088565217
0,0.8101592431665449
0,0.5976457713695877
1,0.8409392041425767
0,0.8125614727998712
1,0.4843053193804913
0,0.7433198802639076
0,0.07024502357720769
1,0.4026899073765255
0,0.5415940435924614
0,0.721563173071102
1,0.5663479064545793
1,0.7783682111443332
0,0.1867341266526167
1,0.8171708646809855
0,0.5837951748057971
0,0.06256543387722156
0,0.5799219323102166
1,0.5583620032348328
0,0.8412138282039965
0,0.21614257536804588
0,0.050621855835764284
0,0.3709386327314006
0,0.09427277970735805
1,0.843225229125522
1,0.738208708364679
0,0.07668615610499407
0,0.10366641361669958
0,0.5995419812974996
1,0.8119011591961403
1,0.7608579788134243
0,0.5215884090612061
0,0.03441504552010871
0,0.06429125607707148
0,0.06514579546947857
0,0.41587539134471196
0,0.045822305471709276
1,0.6515089933316576
1,0.7551624330950096
0,0.18498339669949576
0,0.18950990561595807
0,0.42984341627516376
0,0.8409311843855874
1,0.866335714145456
0,0.5793099598424388
0,0.08295068046672528
0,0.3057063626749019
0,0.7224860665378073
0,0.5855982598151132
0,0.8980927686700092
0,0.06668818138036202
0,0.5891233876406508
1,0.67058406000882
0,0.4874910439142337
1,0.58211945841926
1,0.5074563288869858
1,0.9011988518054943
0,0.08865239503045756
0,0.7494326303742772
0,0.25822269619879035
0,0.3386567194596232
1,0.5668565648965889
1,0.8394324349760952
0,0.10630879371645112
1,0.6801272714196233
1,0.8608041117981733
0,0.8277950572218213
0,0.22046032386220663
0,0.6875100252491892
1,0.4590232064228042
1,0.398911083662667
0,0.04091468840812597
1,0.8507966176921296
1,0.9162146897328025
1,0.6956537037924719
0,0.26623416073839773
0,0.43311074682896133
0,0.31724594959949964
0,0.30168855040236475
1,0.5522794504179648
1,0.8524555917058203
0,0.056303452981370614
0,0.3631668708805076
0,0.05772097383191345
0,0.2522722590049988
0,0.13159270281414207
0,0.05192635282423807
0,0.4469053222327797
0,0.2565731473773291
0,0.20156718709243643
0,0.2804592053753421
0,0.02953294185515673
0,0.04517260075976688
0,0.33370678450181074
1,0.9153077609793534
0,0.5524202671427163
0,0.04812663134249207
0,0.8543918995507161
0,0.26282314379191035
0,0.3699129858775498
0,0.8387747403130495
0,0.7665899713572817
0,0.5671057885388794
0,0.039214850790019115
0,0.044190428270855606
0,0.8238567231959303
0,0.2095316914808638
0,0.11557982647170681
0,0.6182136545821437
1,0.4653867483472534
0,0.27607632426503365
1,0.7561630563809898
0,0.16222758663676218
0,0.12667923832072794
1,0.8355730754781517
0,0.12082339309226763
0,0.1714935497985524
0,0.8595778081749178
0,0.1777683916017918
0,0.4449399740192001
0,0.0861834999277848
1,0.8534293261559854
0,0.893858669111827
0,0.06345972972420647
0,0.7249048678084568
0,0.21783806884839582
0,0.24374060669964534
0,0.09922912813476648
0,0.37718744173581176
1,0.6632503557328271
0,0.2198630649206073
0,0.6043511994292718
0,0.6219794200531608
0,0.5948966450893877
0,0.14500864008989764
0,0.15187759441733142
0,0.26848762851372193
0,0.24779033694000266
0,0.3433810899270183
0,0.08779151494110679
1,0.41101742901822413
1,0.49862936395087537
0,0.3104198834423836
0,0.19669749447121954
0,0.05331251035373895
0,0.09411166196883625
0,0.2243816047875031
0,0.08482733908440646
1,0.9378105625816933
0,0.4452142760134851
0,0.3919793072754383
1,0.6500361583508055
1,0.4164407186810362
1,0.4229918638693443
0,0.3527975918475817
1,0.5156885408001453
0,0.04178128659697668
1,0.7678635694547313
1,0.7951279502425933
1,0.5150112735952094
0,0.06749317557582452
0,0.18750213571766008
1,0.5562630836522819
0,0.7619989688864262
0,0.2727283417501252
1,0.8972869723912622
0,0.6466306800571366
0,0.24282765425940547
0,0.030853919426988643
0,0.6779060509797562
1,0.8149395230431876
0,0.5543980237273417
0,0.4439040697310893
0,0.32230711390963696
1,0.2694009400911091
0,0.09311310402097647
0,0.7452542715099995
0,0.6343323609088878
0,0.25060843292405555
1,0.6719961735246143
1,0.503760190324853
0,0.8156811352047785
0,0.09748164803602327
0,0.4745369338045549
1,0.6067086875815639
1,0.8116751282212605
0,0.25303390909271745
0,0.09090786804193153
0,0.5215930661390353
1,0.1050718088150985
0,0.2256710270708318
1,0.5401045720275011
1,0.7782500601146367
0,0.2127011957433514
1,0.8540984490086344
0,0.08839756456854382
0,0.41285681154448045
1,0.4225497514221645
0,0.05966338133022215
0,0.6426445575493879
0,0.4346639156664956
0,0.6145400626261388
0,0.04328530689756941
0,0.2267710842741653
0,0.04927069522667316
0,0.41504581334063734
0,0.6163669049796417
0,0.8752139081650104
1,0.35637452713845763
0,0.6449733998250599
1,0.7399757681927395
0,0.2003977271272705
0,0.9358889606320608
0,0.0682854434784265
0,0.13729301442063907
0,0.03749417470776484
0,0.23056180786376662
0,0.03464147573992956
0,0.0155610844256143
0,0.35326092303854423
0,0.06294535628115824
0,0.12106464582341496
0,0.8607039021876192
1,0.9202308726621259
1,0.6814515727335327
0,0.26006942863547644
0,0.6666737490999254
0,0.8066580295804217
0,0.3319678159912222
0,0.2311797128984744
0,0.06431794514650946
1,0.6171099996237802
0,0.07087955262647781
0,0.5240825249972019
0,0.6513415018043376
0,0.8955527479599079
0,0.13184239693509472
0,0.11054381423464055
0,0.05016718713653557
0,0.2041698319200237
0,0.43694022024150153
0,0.41486881170171247
0,0.2835323670699895
0,0.01884785218431161
1,0.38434637139424543
0,0.137490558796697
1,0.8829495251286863
0,0.41517781615990607
0,0.06012552855473096
1,0.6101759153959472
0,0.31154669003937685
0,0.16222005979517087
0,0.6116487820016004
0,0.33515353385745034
0,0.36534775489637744
0,0.0853150294453441
0,0.44327837138961734
1,0.6402767825229433
0,0.2777902025319881
1,0.8120503961828094
0,0.19861528155082084
1,0.8021764310435694
0,0.5851924881586629
0,0.51696651137684
0,0.1524352194863613
0,0.6582775670325192
0,0.04903440615402713
0,0.2869568719043275
1,0.5680398990768799
1,0.8162007895558457
0,0.10446257914976444
1,0.08689732869616512
0,0.602108765930263
0,0.18604236518149883
1,0.25277289340406583
1,0.7622184902089043
0,0.3345891114352575
0,0.2839838764337663
0,0.037105768852741854
0,0.1484334545629153
0,0.7695817952231223
1,0.5758964312609935
0,0.15973738822715838
0,0.043401096298674585
0,0.7081812239647125
1,0.6483841041084739
0,0.8551623569464979
0,0.7497520203065143
0,0.21718394509350042
1,0.8231405445116127
0,0.7013819876238292
0,0.40611032315463125
0,0.0903235239845761
0,0.22433905298454607
0,0.851730784039993
0,0.364334594171356
1,0.690222151988748
0,0.5045887105318658
0,0.5167883305840641
0,0.4948984971591911
1,0.41621438077226597
0,0.8255284310251966
0,0.8844052496517798
0,0.11365216743232695
1,0.3646286118176467
0,0.30996686410400215
1,0.9292120578986494
1,0.7221562734522836
1,0.7458269066210171
0,0.5593525773728967
0,0.75239870757742
0,0.10201418803709278
1,0.7911390981254622
1,0.8197896056122891
1,0.6547124856486206
1,0.36152039327447383
1,0.7171767631054728
0,0.2920583107384754
0,0.060812083608617916
0,0.6752286205061026
0,0.3374129351143221
0,0.9098854621569564
0,0.8716245830652387
0,0.09295940577346393
0,0.7972313510340954
0,0.4177412965107386
1,0.7815739327642254
0,0.48581590739252
0,0.34155525626925043
1,0.7186122998823139
0,0.15598603880519066
1,0.7689963934717743
0,0.263463210412124
0,0.8355810114864104
1,0.7646025562503375
1,0.5918936025840773
1,0.7752063242439073
1,0.6643493975854861
0,0.09604994106698793
0,0.4081646484419754
1,0.40517798652321
0,0.09634325101926164
0,0.1819989507977526
0,0.14784697713974357
0,0.489711943805018
0,0.9378163471259364
0,0.572225457586374
1,0.837088517402903
0,0.1796362694209744
0,0.03206164025763271
0,0.5732507047433448
0,0.4239286443131645
1,0.7424119464720507
0,0.6707162323162503
0,0.182640038770709
0,0.6878193352370956
0,0.1494938018347048
0,0.5652325010823075
0,0.7941345798132405
1,0.4458415301376604
0,0.2932015741763875
0,0.24464459091423418
0,0.12446710095496291
0,0.1865247052400301
0,0.6440374184791754
1,0.6015027868860341
0,0.5457533819799084
0,0.825224488137043
0,0.5806109284047806
1,0.13672662217876347
0,0.39068784774026094
0,0.5404800985165004
1,0.8249808021564904
0,0.04142858134664378
1,0.749729834835748
0,0.01993504228528171
0,0.09247857858169867
0,0.19983863879122615
0,0.23405667154893933
1,0.9175357848439639
1,0.7871552318182004
1,0.7591489012525993
1,0.904564304367314
0,0.018362952663562256
1,0.23751926841199805
0,0.7727763682396053
0,0.23438649157683364
0,0.37801231499750854
0,0.624858790019248
1,0.5380169621568508
1,0.8881917849510372
0,0.043799076312590134
0,0.6365863818951765
1,0.4182743675079796
1,0.8686453042646897
1,0.666227468518751
1,0.7792034013989718
0,0.5695376384585776
1,0.647382996646149
1,0.3612970809922749
0,0.06100559254491403
1,0.25070299443785476
0,0.6131685138281345
0,0.39899088301225016
0,0.16815023950068364
0,0.890307066453349
0,0.6289960869771387
0,0.8368730819023681
0,0.4044586749865996
1,0.7365576988809686
0,0.6265197070761497
0,0.21330896956940526
1,0.7288243606154888
0,0.46939243974829953
0,0.8292217179656945
0,0.5652797977975155
0,0.2203500322394031
0,0.41678504872315597
0,0.09396861833395322
1,0.6828543053963259
1,0.8797910415428721
0,0.16768999940738777
1,0.6957471662308884
0,0.1744523428783742
0,0.12821671081627892
1,0.4439286163323667
1,0.805222122657691
1,0.5892990351105806
0,0.3188355909392044
0,0.24101191713102685
0,0.7560294034722421
1,0.19392316573536425
0,0.06720609727618973
0,0.12443128117791939
0,0.028924587263735015
0,0.03119474765278688
0,0.5447605146280668
0,0.18378163867939695
1,0.8790429348946851
1,0.31180841957848693
1,0.6018966275649347
0,0.2667714048273791
1,0.46387513590848584
0,0.5471527992711875
0,0.3352004915744788
0,0.7281928036035814
0,0.8309330611560838
0,0.08969527718252843
0,0.7264911430223884
0,0.747067054488095
0,0.29758551491936536
1,0.7295814697294503
0,0.48536131088846096
0,0.7892601829514184
0,0.09305945964793891
1,0.6503100105518704
1,0.6963994267261328
0,0.31662701911780267
1,0.5498484978161294
1,0.9171595685907591
0,0.4915390888601879
0,0.09754312670503647
1,0.811364252355797
0,0.6790849795747194
1,0.6198710082368903
1,0.5405744943492207
0,0.7385928612102131
1,0.7255781645813871
0,0.43487644736694914
0,0.018858904898775068
1,0.7579474074270853
0,0.08580039364994242
0,0.09946398133463707
0,0.07033271137566216
0,0.09080915949061781
0,0.778599583974367
1,0.6717277123540745
1,0.570513845973259
0,0.07287204412096832
1,0.9034990232611225
1,0.8190231904145864
0,0.37329364263105863
0,0.1957461441585506
1,0.9295241169688478
0,0.22683501969809575
0,0.2989633945098333
0,0.05342328577153106
0,0.14816253099035231
0,0.6084995053278498
1,0.42187267462232386
1,0.839166336832885
0,0.5532134133244319
0,0.6080929835850147
0,0.2100648665679515
1,0.7670339502966949
0,0.7255652260361176
0,0.11345759930628083
1,0.8082088195068086
0,0.620704355996717
0,0.1706514256065599
1,0.5922503293595646
1,0.7361311822289702
0,0.3560646216785268
0,0.33334847022347613
0,0.33206633883306697
0,0.14322248822972064
0,0.528187028309796
0,0.4200233906196957
1,0.8754003116380153
1,0.8924083660195835
1,0.6817099833669146
0,0.06357255759088007
0,0.6956930212366492
1,0.7100369333571331
0,0.8565272407466182
0,0.6715401444438976
0,0.29794109727204793
0,0.9190879642659097
0,0.45077256372835095
0,0.051295902848647955
1,0.8542537198638462
0,0.0938225116371314
0,0.34030717528469245
1,0.785035003986173
1,0.6577134625341241
1,0.39378056908725917
0,0.7235465669125137
0,0.18437947546630545
0,0.3117546269471627
0,0.0991226274999202
0,0.3122587299597757
0,0.1671132392174501
0,0.18633299338051953
1,0.1232003579952181
0,0.41273019005708783
1,0.8027182113127951
0,0.6230816476194279
0,0.7201047509644123
1,0.7518901909388164
0,0.3491469708521588
1,0.20785829592194555
0,0.814413271160469
0,0.5517997202753803
0,0.16179471846032573
0,0.594088305931843
0,0.4544482761751331
0,0.8276740641224049
1,0.8538235292903074
1,0.7542909253695932
0,0.4666787875792721
0,0.8748597172270507
0,0.5547043599685707
1,0.13327339157480342
0,0.2398597631794709
0,0.45162291404940785
0,0.8266058301238141
0,0.7105581057471815
0,0.01912298617338053
0,0.567106375913486
0,0.5020757526790425
0,0.6709509631639986
1,0.6120368184123066
0,0.21144055533366735
0,0.06643986895613434
0,0.07272219865963146
0,0.09580030281774851
0,0.6481747224343941
1,0.6332574880633339
1,0.7371765617640673
1,0.6829306725204852
1,0.8298185241724728
1,0.8167884713938319
0,0.6163139161970814
1,0.9183998982754926
0,0.4899891659445405
0,0.08993726253739612
0,0.2572003374996798
1,0.4075377106309177
0,0.3244959057891829
0,0.2806253321936442
0,0.3467596858555223
0,0.3133105929661789
0,0.06825694925391877
0,0.24016164881857768
1,0.6949482398522535
1,0.28486776708477113
0,0.2298270931775308
0,0.19304084579639827
0,0.4463732417363588
0,0.8917839080188525
1,0.6413641387649126
1,0.49046460120522856
0,0.08608688742243091
0,0.23013194136862494
0,0.284568490646991
0,0.38113285945144026
0,0.49649410349667644
1,0.8163644405629595
0,0.2417900332164546
0,0.6480265033871184
0,0.577494131009413
1,0.8081950991934642
0,0.06954671567541697
0,0.9050469362145703
1,0.8870115663313595
0,0.16949806778841497
0,0.6916750989934779
1,0.5042085826455658
0,0.5062466207989537
0,0.05003477225633326
0,0.37127198010886453
0,0.40165230969365673
0,0.4616825225765299
0,0.5653359321258403
0,0.6098344583849675
0,0.4781342983683996
0,0.059705587317774665
0,0.6167541649142689
0,0.7218707943576919
1,0.16443287907048942
0,0.26084824271805046
0,0.11642003726383794
0,0.652635466253137
1,0.36675208104981805
0,0.22862201462095524
1,0.7131583610575588
1,0.09788151183002283
1,0.8569705700795367
0,0.4317190808190685
0,0.6507930234118752
0,0.1795643379700625
0,0.21142069238696767
1,0.6868558014803569
0,0.3548630627444005
1,0.7966435346158665
0,0.6143827139439226
0,0.15206761466694604
0,0.54348182129192
0,0.2674126659064495
0,0.2796240279655992
1,0.43955484983218485
1,0.9182283196035759
0,0.5172591315060687
0,0.40763604582890817
0,0.22330073469322637
0,0.3486429721219124
1,0.5870458389018787
0,0.40096270270878365
1,0.5632753123664365
0,0.3487377187908583
0,0.013011745851398224
0,0.13363656841902113
0,0.6199486040229739
1,0.5486610347089745
0,0.563455835248367
0,0.07047159543353727
0,0.278118357033793
1,0.7525677213423007
0,0.0937936302577451
1,0.774206998928791
0,0.45038438013257626
0,0.7313675429124556
1,0.6813676869544661
0,0.09952856789279119
0,0.5777785750292865
0,0.6898261731347842
0,0.10114294453483093
1,0.6850193707279311
0,0.12438343186337195
1,0.8799821786930692
0,0.09468555797973996
1,0.24975089944811274
0,0.029370094945075836
0,0.06150584843502752
1,0.5021393282398829
0,0.17851981343181098
1,0.41924149143287875
0,0.014814447416177715
0,0.6036280058015234
0,0.22562475092643525
0,0.5048187288863859
0,0.6947149360252384
0,0.4960760021613596
0,0.6607742095204332
1,0.6818511561564683
0,0.12249059988197436
0,0.2024805411324524
0,0.5636997519921437
0,0.4344282553116071
0,0.43307581059100364
0,0.47638169266330727
1,0.614867579824296
1,0.5276739543091921
0,0.5133955847189001
0,0.11653231584750344
1,0.6965049300587812
0,0.8381305173700526
0,0.2315637488977891
1,0.6498179413089985
1,0.8319646454397313
0,0.07978199264396882
0,0.0673803679268517
1,0.654110430779864
0,0.7751514867976169
0,0.20804361476266103
0,0.23779475465478492
0,0.5969135827734081
1,0.7611990500825931
1,0.8918273176505268
0,0.36824034059461025
0,0.03781147066030738
0,0.04017409527398098
0,0.12338258883827771
0,0.9062135418440823
0,0.15548117200874892
1,0.6020979650756856
0,0.44977182649777026
1,0.8968069145246166
0,0.09182749856788673
0,0.5496968142579772
0,0.039972967399945145
0,0.2228668794148571
0,0.8037123425899168
0,0.22325295795568165
0,0.49020265521997275
0,0.8591622209280662
0,0.6002400742068708
1,0.6534555731431827
0,0.08308480478542082
1,0.6674078791094471
0,0.055314740833833274
0,0.22054446403978917
0,0.09557329332358676
0,0.414525249471596
1,0.8369286305086103
0,0.6215112399671135
0,0.7984870123591404
1,0.6711471074320301
0,0.12369386633397716
1,0.3796926684676185
0,0.04394623137620012
0,0.2678417433147168
0,0.439549694129924
1,0.5350985732647968
1,0.3583969525925719
1,0.669292764623265
1,0.638389815685631
0,0.016923261096392635
0,0.11186782747254304
1,0.4259063864306998
0,0.09322379167918972
1,0.6934674805448
0,0.17485249371887807
1,0.7960937210289681
1,0.9060841584050641
0,0.20937478716748936
1,0.7037692530786301
0,0.057271700441643494
0,0.7168351853769697
0,0.7351765678423056
0,0.7200562271740591
1,0.8103654048746616
0,0.2740933749639351
0,0.36697121578778724
0,0.5876846204739317
0,0.6434801172999397
0,0.25078288769103446
0,0.045039092428290656
0,0.11696881723444587
0,0.71254847086534
0,0.7666096904923959
1,0.18751183778962174
0,0.5189120543769886
1,0.8272002044008729
0,0.280746644866432
0,0.10434162826115646
0,0.08592521861830184
0,0.10988471468348485
0,0.11822835978644977
0,0.5343262337532859
0,0.5437409153301415
0,0.039592046634545415
1,0.5938216362276136
0,0.0900100170098733
1,0.3679761437304702
0,0.8440475066246568
0,0.06752920596834945
1,0.8779991429453365
0,0.03953472371352767
0,0.7668448155951407
0,0.42618499145568634
0,0.36174638131073306
0,0.3243864781091473
1,0.5024755435256918
1,0.5823370035342135
1,0.8542836079205944
1,0.5801480589304235
0,0.04175988157648994
1,0.7933604400380513
0,0.4935813150959567
0,0.09533031260044023
1,0.8432793373166014
0,0.503823965134904
0,0.1928201572787634
1,0.813204887850563
1,0.5141074267412385
0,0.18864102159845283
1,0.4269544550213365
0,0.22347419638546687
0,0.05319136820471578
0,0.504791945286835
0,0.015942316860912725
1,0.4663311984094122
1,0.9049385599476459
0,0.5115504491059243
1,0.9097962168363589
1,0.27581720777761837
0,0.8681041266565902
0,0.8933789134416914
0,0.031269072102499004
0,0.2634408949771687
1,0.7726319731136626
0,0.03838777085928001
1,0.8861539490044733
0,0.7811975106856018
0,0.03892679662136093
0,0.663488663280033
0,0.6606814520540737
0,0.5728343391129991
0,0.47426538050428796
0,0.1082276018942873
0,0.5677446652365621
0,0.27355091523871305
0,0.18289096454614698
0,0.2820685615241912
0,0.6682302500392531
0,0.060637723272963996
0,0.1698190441307046
0,0.09027673317818462
0,0.5568028190174982
0,0.016942600244330384
0,0.037599960531053266
0,0.9004617592862625
1,0.8196518096052472
1,0.6981552140312332
0,0.8143677917315639
0,0.5733417733812346
0,0.34018500764986037
0,0.5436691863127202
1,0.8431955537213549
0,0.5918877347123132
0,0.08029754760022033
0,0.4053096264157788
1,0.8011609752459404
0,0.44831890836693156
0,0.3252875558763356
0,0.045099951569468354
0,0.5313917818311333
1,0.08587320141912086
0,0.04210119879103405
0,0.5393025946558718
1,0.5575492575070213
0,0.12844259412195944
1,0.2409917950048824
0,0.3379664260422283
0,0.22459955657275063
1,0.6888364801691741
0,0.5639259487299664
0,0.666278987357783
0,0.6279695032913102
0,0.2002624938197583
1,0.8259535154905671
1,0.7732092209868207
0,0.28145113539485217
1,0.2404529282814951
0,0.29685454185041993
1,0.4559427546679285
0,0.13037907098039436
1,0.22549485728216245
1,0.7783012808426115
0,0.036093657044848675
0,0.5544483042123196
0,0.8751078608627042
0,0.061590076548966866
0,0.3547171101352622
0,0.38145698413085155
0,0.14821627958563427
1,0.6156440574632616
0,0.2519526136978952
0,0.28191800817502594
0,0.029764746405307504
0,0.6459098724546765
1,0.27205095562364284
0,0.614118107973213
0,0.11652599913687522
0,0.18203940036272054
0,0.07046975143654101
0,0.6323284839020284
0,0.38065737002129674
1,0.48892710459412164
0,0.6949902039990019
0,0.8163599343401019
0,0.3107041522019599
0,0.08964217566387164
0,0.408288069169865
0,0.7288030588569624
0,0.876187743061088
1,0.7208405487846049
0,0.37369004797875205
0,0.11638687027400592
0,0.06997604719023023
0,0.10440202136484923
1,0.8920342079835568
0,0.3562326596901875
1,0.8663704211535803
0,0.322290883121006
0,0.915910913155571
0,0.6559569761260263
1,0.8503582476507537
0,0.6710664423513295
1,0.7918490495261007
0,0.6387047487492321
0,0.026037859509366403
0,0.43190994732646976
0,0.530543506553858
0,0.8648858161935862
0,0.3987725634667238
1,0.7125930970353584
1,0.3283509018215764
0,0.0543738551792531
0,0.09246710269272579
1,0.6953368679385552
1,0.6220503733645973
1,0.8744993500103174
0,0.040294475441511914
0,0.3337743441944186
0,0.18939725559194948
0,0.5453032138026022
1,0.6152266175991711
0,0.041760301922051914
1,0.8641098935671108
0,0.1290430099646751
0,0.03829574422835295
0,0.6892667210969312
0,0.03349884470919685
1,0.647203885104839
0,0.13121704592370362
0,0.6121381967406025
0,0.08398064113132224
1,0.8154899096284529
0,0.559452241080019
1,0.678442557474422
0,0.49011813820615713
1,0.868011118472614
0,0.5762654124257158
0,0.13440506778975198
0,0.09114564402259039
1,0.8650284330137956
1,0.36987505862696884
0,0.17688665396145783
0,0.36372941704270206
1,0.5686380472101088
0,0.10716052023089356
0,0.04705408338387985
1,0.462328063955644
0,0.5198932300169218
1,0.8063018011534228
0,0.11150191911437227
1,0.4738418003469864
0,0.07695566725847468
0,0.653937753344575
0,0.5318911523554417
0,0.6196381259682853
0,0.4923860119309646
0,0.4097556378746313
0,0.14569578401145
0,0.700105054800008
1,0.7701836946957095
0,0.0344311537935059
0,0.034465808343103976
0,0.024540662170017265
0,0.13954687853060135
1,0.7598056860267185
0,0.7404093444503357
0,0.01820006724488951
0,0.19098220059330992
0,0.4754818887331522
0,0.2773793777749923
1,0.8352715029442332
0,0.032000091338125584
0,0.7963894300485811
1,0.7387426517734816
1,0.6320138096560066
1,0.625234818660403
0,0.44519561108898487
1,0.24463497086808034
0,0.6181513058851088
0,0.1662365465858229
0,0.7208954687030279
0,0.3816481397884966
0,0.08404327399304085
0,0.098364627476756
0,0.5234662656246617
0,0.6252517166325137
0,0.2029463457272391
1,0.7518475766585418
1,0.5629002537336673
0,0.19567582547637022
1,0.5167288381903355
0,0.16490995901703284
0,0.3298945626043795
1,0.09047607121985228
1,0.26418407419844153
0,0.45602598377740183
1,0.5095696674656305
1,0.40326163864610465
0,0.108198404856657
0,0.1396227225220234
0,0.24621824492199948
0,0.39467282785694396
0,0.17544192855522867
0,0.511158001441011
0,0.6594147312076293
0,0.3860295525631141
0,0.3948213540144585
0,0.36657903776154604
0,0.06521423378740832
0,0.3432647984941571
1,0.3775942275185998
0,0.2538543649411327
0,0.04159424474921384
0,0.4950143325477118
0,0.3272435115046239
1,0.7123249873280455
1,0.48542696744423974
0,0.04549359413226212
1,0.8189824789645652
0,0.1150065400567239
0,0.35100055420094706
0,0.7887795069005816
0,0.18934244895890665
0,0.44435299069691986
1,0.7368059087986496
0,0.613625700946628
1,0.5130316123895159
0,0.10920625892336402
0,0.5584312099057989
0,0.4204943511487734
0,0.4635405862324609
0,0.12637587363080272
0,0.583578108602126
0,0.44927661878371344
0,0.4427791078750578
0,0.49810457163533334
0,0.07407012125596599
0,0.2306318903473348
0,0.3723942535677209
0,0.2545088274535777
1,0.8200634469425346
1,0.5833729418621175
0,0.16616595831868236
0,0.16464904602722252
0,0.19678005383134992
0,0.6184067588649382
0,0.03666312699518157
0,0.32827488123597043
1,0.43922497456709997
0,0.23468944999605149
0,0.15668931068390934
1,0.6276462569709627
0,0.3933584200355018
1,0.47097475195116434
0,0.22926908069387752
0,0.11293721084600195
0,0.1040658031377016
0,0.7109738426574319
0,0.10031968086032547
0,0.09036123802065452
0,0.41387618772943324
0,0.37227348244753167
0,0.19504309599723305
0,0.23477616531820514
0,0.6599403769151756
0,0.3807349908017937
0,0.6745188740031505
1,0.1492196363322457
1,0.8278023209398768
1,0.5324353385135051
1,0.7866967600273672
0,0.15315119225183432
1,0.16630848664714043
0,0.2785508893528352
0,0.6460797710470175
0,0.26357214111220734
1,0.8186814373287787
1,0.7311629200723171
0,0.7396782659059984
0,0.7503854180760056
1,0.5979278313850924
0,0.4366544656176584
0,0.3052569012009112
0,0.5707773487740272
0,0.2314910215923226
1,0.5412331818736577
1,0.440605395298306
0,0.05223663686884263
0,0.40913427930529545
0,0.3557713013349298
1,0.8123226096984464
0,0.8967971539423492
1,0.7756583034320927
0,0.2578866373738521
0,0.20396434777203812
0,0.2899824440016178
0,0.13231565912855117
1,0.9226877065041447
0,0.2002608524451016
0,0.6963873012880504
0,0.0935153774457152
0,0.5647426517644684
0,0.36473158330653616
0,0.28104406715900276
0,0.8023440001499778
0,0.5093627312813116
0,0.6918103814081772
0,0.2234835552023537
0,0.6999272384376171
0,0.33924234784701385
0,0.2130087135607019
0,0.09008820760409922
0,0.6572397597901934
1,0.570307157665745
1,0.7330703789876004
1,0.21693606604502305
0,0.4645900021408105
0,0.09368910975298987
0,0.7757431644750173
0,0.2872208379171802
0,0.1809934063140528
0,0.05462440921664051
0,0.3875706878826867
0,0.7118973029774692
0,0.022759784989898037
1,0.8402161227313835
0,0.8339916756805814
0,0.03416869463464909
0,0.23050693553575616
0,0.3985119214332066
0,0.6703355110498842
1,0.6585058497037504
0,0.05360726725522177
0,0.35349864477982484
0,0.6365830693246537
1,0.8287900386977616
0,0.1773778915964822
0,0.566402206117119
0,0.1095013071536551
0,0.5195198623870417
0,0.6941301855613446
0,0.12174599286467613
0,0.46959534935607533
1,0.2545549377163866
0,0.08960473217952002
0,0.3996244877429263
0,0.07901621631674849
0,0.46703881367450273
0,0.03953676483455403
1,0.8834482950179889
0,0.46547933167837513
0,0.4865760371838704
1,0.8343028424977561
0,0.6240501765508135
1,0.8203554080784332
0,0.4103070278333075
1,0.6113502394796783
0,0.1427492911768747
0,0.43758633775162525
0,0.04369506553197069
0,0.029312076421050156
0,0.5112439818926904
0,0.1949827789300727
0,0.10654416524878241
0,0.6313245481850303
0,0.1717905711331609
1,0.7036230729528319
0,0.1560487500182684
1,0.49418533417180344
0,0.28846904089181635
1,0.9005483710336626
0,0.4487482752197813
0,0.3846382966666734
0,0.42181205435598557
0,0.08650921281577414
0,0.2981167556575659
1,0.8935828557512926
0,0.48652320233891044
0,0.48630789226419197
0,0.2606859299913903
0,0.08212135585732859
0,0.23730181075887036
1,0.4823096483060923
0,0.07298826474499155
0,0.6704935285438453
1,0.6185330421597597
0,0.560339553897414
0,0.18771175279077787
0,0.024499143595222088
0,0.7167569243371614
1,0.3924630764134658
0,0.21565666766996283
1,0.6490488910726439
0,0.5288361061477611
0,0.06405676691770502
1,0.8603495549076985
0,0.7959128859256867
0,0.31968146546519177
1,0.5340107426838822
0,0.2501714532294088
0,0.038010523437007664
0,0.021447050771807204
0,0.7011884920526887
1,0.6339392329090935
1,0.5388193132774612
1,0.5199448317974371
0,0.15317705280379418
1,0.4491666615384608
0,0.1862451606281946
0,0.21296335103174266
0,0.22185863968139244
0,0.39134730015490876
1,0.7867739889181641
1,0.8154548514620371
0,0.19821485020973142
1,0.7155544809394198
0,0.6362502703611371
0,0.147181349356299
1,0.8548815508862344
0,0.2592020992879971
0,0.06073797488839336
0,0.030281811661754032
0,0.6629330413895509
0,0.25814545266529976
0,0.022597727684813967
0,0.5187976636534668
0,0.45952807143955665
0,0.8621602854359706
0,0.7400765016764441
0,0.4117007301677589
1,0.8314116624964905
0,0.5139087700048639
1,0.6450386065874436
0,0.38966743079390803
0,0.6397586808051973
0,0.09793379877859512
0,0.02769455500695219
0,0.4361315455714854
0,0.5114289655852486
0,0.5132181451176768
1,0.6785549562037484
1,0.7353166610510501
0,0.4916039243122027
1,0.7522634682838125
0,0.3299869012394206
0,0.867067240489513
0,0.01991201408070913
1,0.7950369552789053
0,0.19646342763792551
0,0.38990349546742414
0,0.4749027835975606
0,0.5026244871536657
0,0.8707477303094924
0,0.3903041856975606
0,0.8740253265593639
0,0.02142174718387797
0,0.17945713982200945
0,0.04516146444950884
1,0.5255340425285693
0,0.6193916240676393
0,0.373255558100365
0,0.7012729859150679
1,0.854603107681963
0,0.48146271184999256
1,0.84187731480484
0,0.27539065277022595
0,0.5683599687889038
0,0.09634697630467624
0,0.7586268008302758
1,0.6852106212364846
0,0.4278765917899233
0,0.09580765318473539
0,0.3863543983151837
0,0.062348016682733896
0,0.6043965376291249
0,0.8094985888950519
0,0.0420908481643487
0,0.2568109737752072
0,0.049859926427348364
0,0.6353309586913295
0,0.20777914365227135
0,0.8170247027622918
1,0.8057680629574845
1,0.5672630157031043
0,0.25263423633585025
1,0.6637259991217869
0,0.9249856057552551
1,0.7674263554411641
0,0.6407835087528403
1,0.5179503222226134
0,0.06275926405243452
1,0.5693040475775913
1,0.903795216648112
0,0.454371047339496
0,0.30815580587968766
0,0.17226957417697672
0,0.33805126447891803
1,0.8655328566747287
0,0.33245468386677324
0,0.39897637963789506
0,0.39326442749512713
0,0.3924235127610625
0,0.6342314277398376
0,0.0508579176378093
0,0.3963863361584566
0,0.8912164402432344
0,0.4738118620383792
0,0.4959381011043451
0,0.41718572330200676
1,0.7935815589003281
0,0.205830834398692
1,0.715217321889255
1,0.9278667016048181
0,0.7856331331536752
0,0.0464873435174335
0,0.8606149148110146
0,0.7988176297426883
0,0.019997861365705565
0,0.8466451715939773
0,0.04657598958605447
0,0.6565070576348879
1,0.6095825980666832
0,0.7809157246432178
0,0.657088420245208
0,0.25506542488973694
1,0.8364519676418548
1,0.5423850536486244
0,0.03400134482603533
0,0.8744718119616337
0,0.4705480700162007
0,0.5787210283052866
1,0.3838280181451696
0,0.033159833025885994
0,0.8294477062671187
0,0.09838276703626193
1,0.6503714311479206
1,0.9119905103495842
1,0.8150237522477604
0,0.21128210615957557
1,0.4922049502795367
0,0.3961831302589513
0,0.10437297127790657
0,0.738131994543161
0,0.8836229112314458
0,0.6403632019217068
0,0.3264541749798979
0,0.4275324220546632
0,0.19540508038751242
0,0.10955235647173488
0,0.1305132943825888
0,0.06113386559485333
0,0.38585763259410066
0,0.3357074215244468
0,0.019150756740615078
1,0.7340080672791441
1,0.8463724568936195
0,0.4499945084347325
0,0.7435945509979209
0,0.6474206467247943
0,0.3733259044928208
0,0.32304165617646036
0,0.44514241285889067
0,0.16463049482829964
1,0.79612204972271
0,0.26232744745471104
0,0.1340843038583467
1,0.6942742161425445
0,0.6757948982059555
1,0.8584926447722384
0,0.11578977258933815
1,0.7324582390208862
0,0.39291112498684094
0,0.14369638273134228
0,0.5910076049348174
0,0.6607299827806923
0,0.08262196988980601
0,0.4033107367877696
0,0.1299933944152442
0,0.025082387897498504
0,0.07589577047802587
0,0.09579202571447838
0,0.33818181983222056
0,0.8707593019273876
0,0.12075631566439113
0,0.6930428232639538
1,0.24436670223145476
0,0.4013307749804298
0,0.5198154939114308
0,0.2211390215561188
0,0.17081045700121847
0,0.618717712429786
1,0.7614784458316947
0,0.09804262698876251
1,0.5542931055124476
0,0.09819674081606762
0,0.4641543055866165
0,0.11789309095161969
1,0.6636366367511867
1,0.2160581392811795
0,0.5310258822075602
0,0.3760623336914651
0,0.053170742224869276
0,0.045885112842197186
0,0.03720289047352967
0,0.5610224813624097
0,0.5580561599905421
0,0.50510049381283
0,0.023618532470625304
0,0.8984942554106475
0,0.824415442502128
1,0.819703740813024
1,0.622037754556907
0,0.07879172196189645
0,0.46008421758609214
0,0.0504755233870188
1,0.831406753037075
1,0.9376913514807496
0,0.04133871019847109
0,0.20165300575561135
0,0.04581100290690327
1,0.9172532916195429
0,0.07676123345819139
0,0.6694265714649881
1,0.7127335283911468
0,0.5007041164823105
1,0.7343790102417033
0,0.07258426959565462
0,0.3588728221034458
0,0.11106308324228759
0,0.26206044719963506
0,0.4025776213931161
0,0.04816832632277569
0,0.7931008272858434
0,0.6692039851323714
0,0.05247653709771222
0,0.1626720226927294
1,0.7632253212581482
0,0.6786287208599733
0,0.0893103550999033
0,0.14366801877011948
0,0.06114873793735184
1,0.8241402243618313
0,0.024859644279749484
0,0.34159835278377115
0,0.0933955420312895
0,0.22964210709700184
0,0.6461784669860419
0,0.21987094982030975
0,0.3569948278896746
0,0.045146987580190805
0,0.6547951419697847
0,0.7131911939617385
0,0.863106242843049
0,0.3500786261940078
0,0.4969353579234473
0,0.7742297881735198
0,0.09700316886213436
1,0.6412437418064081
1,0.6860153919561457
0,0.40141177893752206
1,0.7230532510698963
0,0.573988247090527
1,0.789276758786867
0,0.648495535632026
0,0.5247488586414867
0,0.561137633602989
0,0.03566238877610746
0,0.28793533563805745
1,0.5717217577124037
0,0.8964758719436577
0,0.7354959998468774
0,0.5789076258488659
1,0.5045893876714833
0,0.026371300190800376
0,0.5673851182502525
0,0.26452516676760623
0,0.0746822853994415
0,0.07928905234872502
0,0.37740451338726333
1,0.8664488807520669
0,0.3446748802952563
0,0.8163522678234529
0,0.7398041406247544
0,0.41628887173432116
1,0.8507918260120062
1,0.5715128697602204
0,0.37079944628795475
1,0.6733156427391925
1,0.3304173039262869
0,0.2402761535169915
0,0.2610104888818624
0,0.8062930573319629
0,0.28969464912880144
0,0.03684845857228218
0,0.2216381878439961
0,0.03884043767310811
0,0.36772739754645045
0,0.03221079808782329
0,0.4289552353416648
0,0.7667859326512259
0,0.24277498102705447
0,0.11866736088239455
0,0.10676434595118596
0,0.431568128312164
0,0.1307714058961182
0,0.5595171394500534
1,0.8629229990006291
1,0.6626380907553119
0,0.46750630293837186
1,0.8296439281698277
0,0.4775570248504957
0,0.45676596385062557
0,0.2389385123947635
1,0.5396188871057959
0,0.30232963262698576
0,0.3694561931230034
1,0.9181989329575229
0,0.733450001445602
0,0.7289922274845044
0,0.5575492575070213
1,0.7089043001246111
0,0.09648019764241081
0,0.3735228951830589
0,0.15425409797958992
0,0.09691483022442544
1,0.23412052121641244
0,0.5904975322626502
0,0.4823463026283331
0,0.5121231048576531
0,0.3087081774777151
0,0.28646553173158384
0,0.03441394775907143
0,0.21693606604502305
1,0.5822116835676472
0,0.42487552777375914
0,0.08995008188077457
0,0.8337271977299481
0,0.1235023388435689
0,0.3156653442913418
0,0.6917395056422074
0,0.38659586751419656
0,0.2445461550450075
0,0.029634152595803268
0,0.10420428765387972
0,0.26251990875433673
0,0.4985498253015929
0,0.06840723272690047
0,0.20821197883840478
0,0.5786216464659507
0,0.5766320864145221
0,0.16775909774713058
0,0.5539051749847179
0,0.09315112852922586
0,0.43697440921451847
0,0.6837553480297425
0,0.4043712222656292
1,0.6146004689262512
0,0.4971089509352504
1,0.8696006960364943
0,0.36704911105785853
0,0.6995019913886744
0,0.13481406626038814
0,0.38623092307254075
1,0.8547717308080686
0,0.028616327645000127
1,0.7169400569042954
0,0.7269423053086521
0,0.21442969787041344
0,0.25496924982370034
0,0.07544732232449478
1,0.609317453039766
1,0.8332264669419681
1,0.8903629358431457
0,0.04470753215205675
0,0.3042362220769469
0,0.874180708426888
1,0.8651418037832657
0,0.19353056093505017
1,0.559983618111513
0,0.4180689138491883
0,0.15353285198762032
0,0.21671105413601202
1,0.6375567232604582
1,0.3813854692396447
0,0.6279342608258565
1,0.658396079395535
0,0.527727552088264
0,0.4515516689041838
1,0.8246808681829133
0,0.30473593461899307
0,0.6410843007221326
0,0.2057964279296074
0,0.05453526808380738
0,0.6623441858418605
0,0.7109207728089515
1,0.5611406792694358
0,0.3175295391409512
0,0.6884696066421256
1,0.6035046224196848
0,0.43537651913872305
1,0.6948454497903406
0,0.6026304482223713
1,0.79612204972271
0,0.6856469679915294
0,0.09315655805571785
1,0.821016324783224
0,0.05258857742689371
0,0.05886870276752064
0,0.7934292708480453
0,0.44926354073813374
0,0.1733761124334985
1,0.9081542657644032
1,0.824745633154592
0,0.10563001314445133
1,0.7679345052704053
0,0.6342271037360344
0,0.05132528785308631
0,0.8169413570697629
0,0.024777148408925725
0,0.36535501884193
0,0.6989727550303755
0,0.3820032141649498
0,0.5896356079128926
0,0.061568416643662555
0,0.45208157730897947
0,0.0402155558500298
0,0.08727103944103949
0,0.025925090803865448
1,0.7075237064643725
0,0.6624093869977199
1,0.4098884464181816
0,0.7785210386459903
1,0.5795757819105855
0,0.5055693306963674
0,0.2749526317364796
0,0.28075441922005767
0,0.6078054120884866
0,0.7297045327504831
0,0.8022602070215367
1,0.8160617514250463
0,0.03971913196320738
0,0.07892858081848449
0,0.03448952158073716
0,0.7179480941218724
1,0.7251271131097131
0,0.4926523585207534
0,0.37097504971728507
1,0.9261743138225593
0,0.03036575234140264
1,0.7706720790557378
0,0.28288640297347845
1,0.687874537902841
0,0.08307457020439435
1,0.6905501730400395
1,0.7789295589798391
1,0.5485379651177821
0,0.5893463890032569
0,0.06726817371683627
1,0.836531134354775
0,0.5960193427430653
0,0.07220392523405549
0,0.4078038162492154
0,0.05411053371424542
1,0.678176470792573
1,0.16399565801851604
0,0.051166734402655276
0,0.6753727969796012
1,0.5947697443834037
1,0.6928513920999257
1,0.6065234743832534
1,0.5668384971343137
0,0.187386187059559
1,0.7826362309948777
1,0.14971850389815783
1,0.7124955648590495
0,0.08926956090409556
0,0.07524637536300899
1,0.1286265118896791
0,0.47581575138307497
0,0.3946912335646583
0,0.7206744119008602
0,0.03507526414474034
0,0.4370783127471326
1,0.6688287307235672
1,0.7311958808391992
0,0.47890022740838184
1,0.7571288224896919
1,0.7456606069372673
0,0.28905013591768014
0,0.7298139582971115
0,0.029681994798728437
0,0.49421298993532825
0,0.040146957483469886
0,0.10642241011965578
0,0.7827184621124093
0,0.40666758987405965
1,0.5639239867315186
0,0.7294112231399589
1,0.7970402589667545
0,0.05894702810742645
1,0.7266324571242719
0,0.6860777837869937
1,0.4516819892467133
0,0.6590369044746068
0,0.7220118140981933
0,0.04878563041977574
1,0.5594575162597349
1,0.7556565580147006
0,0.06706079395212727
0,0.11474365643441883
1,0.6891524553132171
0,0.659875750277363
0,0.019079061110319914
0,0.5429735378058296
1,0.9115552480516864
0,0.7371962901840539
0,0.1269523441572873
0,0.7105192693484466
0,0.6940558765124037
0,0.1809699431972965
0,0.45828941505380866
0,0.748757507300784
0,0.658932854667473
0,0.6425419493942093
0,0.6050075816435527
0,0.10957069824286599
0,0.5155518679548495
1,0.8623528468552669
0,0.5507848973794859
0,0.5281401254435888
0,0.7823651919893657
0,0.2563338203076602
0,0.03443061882614031
0,0.09008019725671947
0,0.14977295800467458
0,0.08170462406192418
1,0.7096190596938734
0,0.5550618008724894
1,0.8677644846145235
0,0.7027550163625254
1,0.7984346224184251
0,0.05926959165900418
0,0.1037217713534124
0,0.5467300421345532
1,0.7715251627124062
0,0.6398986457650954
1,0.4490168129817356
0,0.6165773965963898
0,0.3675261944794324
0,0.05949118183220108
0,0.2840257186987242
0,0.19434919633817885
0,0.10933655125003745
0,0.5462879047998808
0,0.24004849046621968
1,0.6820508607863992
0,0.49509799618075234
0,0.3532170769222857
0,0.24718024394141613
0,0.39657753415755836
1,0.7793498569864671
1,0.7990330045733379
0,0.7622616358169162
1,0.8023277146932949
0,0.3821182850614698
0,0.597358697483467
0,0.4017689704280152
0,0.21442192936237037
0,0.07857080526266443
1,0.7205962793251004
0,0.09037524388925078
0,0.4592839335941246
0,0.2292291690192568
0,0.43295408952456627
0,0.11062851334384025
0,0.5096166713879302
0,0.20124874806877965
0,0.6019611902340625
1,0.29259744883805017
1,0.5819776036786344
0,0.3902815013717353
1,0.8823406285992057
0,0.36728706055264104
1,0.5710279514087127
0,0.7362146153127332
0,0.5026564098601047
1,0.7721477578928415
0,0.693741580620911
0,0.8162191246716588
0,0.4876433106155237
0,0.6541682434190658
0,0.0527977089837422
0,0.17683606123797863
0,0.25253611848758306
1,0.317817591265507
1,0.8484412285832196
0,0.3715810119971317
0,0.7785459980672654
0,0.5993378424747507
1,0.7089733295829139
0,0.11064977534824637
1,0.7299106893072759
0,0.10311892525952664
0,0.5499617818258251
0,0.8177828138845519
1,0.6482497669971542
0,0.5327811046304602
0,0.38975693892937363
1,0.8177936390813763
0,0.33317088523393146
0,0.8488133228634188
0,0.2044697782316713
0,0.22680306096122163
0,0.552210578308357
1,0.43455164447317857
0,0.24946130834879118
0,0.08997299684438287
0,0.10852244227576552
0,0.2614381689592601
1,0.7799614821909876
0,0.6611183905608152
0,0.15154924962631006
0,0.08330774120586294
0,0.6764375607140395
0,0.4919887662245943
0,0.31385793052736005
0,0.1392390369093291
0,0.06687775076980794
0,0.16725459093222758
0,0.7943345191616519
1,0.410277731497755
0,0.38703926858500254
0,0.19867727652466907
0,0.7626034920957901
0,0.04866787606945373
0,0.018194741623988105
0,0.20402593660410864
0,0.3167084344582292
1,0.5311883021319341
0,0.24180001957086086
0,0.5497218740164399
0,0.035369942172776656
0,0.04647506662029207
0,0.6533029176506797
1,0.7870861826341218
0,0.017760719870803646
1,0.7316160361319194
1,0.8668596767229456
0,0.8127028033897621
0,0.03509294839353489
1,0.8285908336170431
0,0.279149809100092
1,0.539084046026996
0,0.15511826480204047
0,0.3362469555218509
1,0.504790647459071
0,0.7557963750468703
0,0.5174711365050194
0,0.5504772567417929
0,0.8860810541668852
1,0.4398571349972402
0,0.06527607876373438
0,0.5112565672256888
0,0.7305328087444363
0,0.3431607069166739
1,0.6485143731011693
0,0.6344151275805533
0,0.2715555491753065
0,0.2417845058311817
0,0.2115667339880376
1,0.9285771354149904
1,0.7229468574514913
0,0.02118783331950784
0,0.5448533279878215
1,0.7257091147035218
0,0.04126274226505149
0,0.04820924509989224
0,0.011469960091058882
1,0.8706550100913358
0,0.6104355236494776
0,0.21280258557872503
0,0.11589561014065085
0,0.3938454587556115
0,0.8893414823592629
0,0.06461549983957733
0,0.054947241159816036
0,0.07077027796782878
0,0.6038190469324252
0,0.453217718073241
1,0.6789388633762609
1,0.3795349508580453
1,0.5879318655024507
0,0.6894574586077904
0,0.07979045400445844
0,0.8281795780702091
0,0.13792654893139356
0,0.1521713999124113
0,0.0669867456384291
0,0.6199151539464413
0,0.7248325428749053
1,0.7417948918046505
0,0.0762157783178554
0,0.08920880834745838
0,0.3452919695746651
0,0.521145215088684
0,0.08931609706912982
1,0.7288203857515579
0,0.07327447835080106
0,0.03263276642299294
0,0.3575408273148169
1,0.7548086275879583
0,0.40123452983479396
1,0.9126666946648466
1,0.5833981063557068
0,0.7537132284162507
0,0.13778319601367053
1,0.5624227554846689
0,0.0875415743514095
0,0.10161702196151287
1,0.6648550021360222
0,0.020886001627531722
1,0.3072765130711605
1,0.46199088795141374
0,0.24593788177157783
0,0.06292201755027167
0,0.5123632369932558
0,0.3544624024957898
1,0.6519514846902845
0,0.5172772492005558
1,0.6382011582112369
1,0.5969299394590483
1,0.8811468523725611
0,0.0331795013091981
1,0.6071610664963878
0,0.1882343922367476
0,0.03386669770536861
0,0.29985996997150166
0,0.5458938020553111
1,0.8221499842115618
0,0.09179707147426731
1,0.603015901740753
1,0.7465483527047088
1,0.4452762327638029
1,0.7231639913523351
0,0.6470677765987273
0,0.4492320181930093
0,0.26386756315582255
0,0.5702437324379576
0,0.08275740366101109
1,0.7550366995596993
0,0.0551788152516563
0,0.41143232181562034
0,0.06538886893526888
0,0.2640511674537687
0,0.6354499870349173
1,0.8819514845124901
0,0.10506905000965833
1,0.8539580204763121
0,0.43489004936930614
0,0.01382405505883354
1,0.8350208033655978
1,0.7269839864812513
0,0.560339553897414
0,0.749834416278306
1,0.7373487543995235
0,0.09573153995661594
1,0.8565358154825199
1,0.5657828519595647
0,0.17403844750165462
0,0.42241596244654805
1,0.5648983893497256
0,0.03471703285876746
0,0.053123033443039334
1,0.5891789929919101
0,0.03221079808782329
0,0.369779444957676
0,0.5273032922331005
1,0.8140275961156026
0,0.4679131374766895
0,0.02042371998917003
0,0.05724898749341327
1,0.8246911302044839
1,0.09442331056445846
1,0.4732130721219839
0,0.048069870893612664
1,0.7179160487110987
0,0.05813017318330697
0,0.02975995097090066
0,0.35178453670161114
0,0.4927138164117537
0,0.09691609650835327
0,0.32241935387764276
0,0.8432561014913024
0,0.7248880839472635
0,0.5859790028151041
0,0.7920864911079968
1,0.7884942263520259
0,0.11411879761617368
0,0.06824501664081335
0,0.40079075735336966
1,0.7382878571014113
1,0.6221100012562436
0,0.05693567541700078
0,0.08997743476214028
0,0.026255039295677043
1,0.5792336443164293
1,0.43068052417324315
1,0.5194655795645546
1,0.8224513364817372
0,0.6014958962588897
1,0.7964020630649512
1,0.7981220515969054
0,0.0353485652192506
0,0.5739046250638552
0,0.017675607757575755
0,0.09421353733166697
0,0.5615869486330386
1,0.9100597244999029
0,0.3562699050172754
0,0.10394711421193173
0,0.0787279520094698
0,0.1904423965948088
0,0.6034180319356937
1,0.5555351338321434
0,0.22173869631031537
0,0.15897275996660173
0,0.3822039387895695
0,0.5841146536959698
1,0.6666737490999254
1,0.06679326446293325
1,0.8257413682878029
0,0.3680727377210857
0,0.5619697392641514
0,0.22093702327255163
0,0.3428074908426226
0,0.06706666246532723
0,0.040734456571438885
1,0.5299030928416749
1,0.42196275212429274
1,0.7004791482919791
0,0.2679261799560313
0,0.5690025884685566
0,0.06796159150197327
0,0.18103470214110143
0,0.3978067938507954
0,0.25772862424059756
0,0.7664165574814935
1,0.2018859907313372
1,0.5594881308622208
0,0.34095483634750506
0,0.0417703335206003
1,0.24934538502889794
0,0.13511771019393273
0,0.545902190734871
1,0.33539192381949934
0,0.2970958012124366
0,0.025338452075716434
1,0.6741640943549775
0,0.018586939607192588
0,0.3224751395406473
1,0.5486616308286404
1,0.8328114019585248
1,0.7079259728925417
0,0.5764705825612593
0,0.0607027114930124
0,0.46123430791038594
0,0.37574766873018023
0,0.025645162993038307
0,0.07915276891832561
0,0.10921401753950766
0,0.7632613745660587
0,0.2655047032182126
0,0.40683939684490694
0,0.3542031865607352
0,0.7193810034208888
0,0.8808985676043976
1,0.6451373919776221
0,0.3478276924297787
1,0.7107889029808864
1,0.8864678663450554
0,0.6618208126235882
0,0.9136749578536222
0,0.09411166196883625
1,0.8249703692898055
0,0.354221993731959
0,0.2317542679008979
0,0.10137869279518065
0,0.5194016879861398
0,0.6374857847944714
1,0.9195870969715572
0,0.06791858969860261
0,0.10206284649772174
1,0.5585047976986743
0,0.23802358684575045
0,0.04152061899536021
0,0.13301927752614182
1,0.454491877566804
0,0.08102939854623713
0,0.08728900669446403
0,0.07472960042038002
0,0.03526083881925411
0,0.5698354890290914
0,0.5817798883457703
1,0.864215939603326
0,0.19131934960999886
1,0.49851254312889365
1,0.6820435044951945
0,0.1974759947488347
0,0.22362287311020074
0,0.10188615106501632
0,0.41684418274261814
0,0.2563338203076602
1,0.4781187238908643
1,0.425981682175881
0,0.021774184621948585
0,0.28672686323848456
0,0.42388809488544116
0,0.1282256895798709
0,0.29804139695403353
0,0.3277535954149383
0,0.017053953668823073
1,0.7460544872800191
0,0.7162022467241731
1,0.363584093983278
0,0.07807615667221975
0,0.4869774541940491
0,0.40112702366204267
0,0.5611663561679827
0,0.21810988192917985
0,0.3725445007476906
0,0.5701102441752993
0,0.9285382507974843
1,0.9121389988595634
0,0.0762157783178554
0,0.15446190954439018
0,0.46077551233204117
0,0.03406139976754712
1,0.5218892396643594
1,0.700918666520534
0,0.2664936156173893
0,0.41005823652761797
0,0.0856710699749888
0,0.542527279127283
0,0.3818885793910824
1,0.7763879772249328
0,0.07401694529198355
0,0.12731304762927273
0,0.31381284162953044
1,0.7178297623709399
0,0.8017228131327323
0,0.6714562705132154
0,0.08611857957971639
1,0.7358876769577741
0,0.18836208317003444
0,0.34054850634550743
1,0.7500790584269776
1,0.5661969947363448
0,0.1676320548907551
0,0.24359900964592254
0,0.46040570254621
0,0.6434613649919884
1,0.7853076854222806
1,0.05150865985261527
0,0.2623791656528165
0,0.10959834883984775
0,0.706241018372566
1,0.6678913377442496
0,0.09782563349363753
1,0.8872574430925338
1,0.8642512915313828
1,0.5450835237196276
0,0.08758150650942721
1,0.6361267523597339
1,0.8167975487756123
0,0.210904211093163
0,0.852331223833232
1,0.6765212700613958
0,0.5528640482951218
0,0.038888961111923345
1,0.8332115759423221
1,0.7085993363110531
1,0.6821662143531947
0,0.3982855489357622
0,0.8364261131183971
0,0.09315655805571785
1,0.6452362234671485
0,0.4305157511556476
0,0.5075650771578936
0,0.033668164363625915
0,0.4446389944223965
0,0.5943107355375511
0,0.1177038903560289
1,0.5019567705042327
0,0.0647387092870647
1,0.5932937821882177
0,0.022645775794855733
0,0.4571826303188768
0,0.030298643651415554
0,0.23239091095140754
0,0.7517188278774601
0,0.08463906365610088
0,0.41254359934839696
0,0.4437072664764257
1,0.22086966239353392
0,0.6620061357139814
0,0.12616155085185926
0,0.05284368383579096
1,0.5999551541989376
0,0.6413734422473366
0,0.04770929415556527
0,0.6709769950445509
0,0.23715788122593257
1,0.8596668950347308
0,0.2711166954033873
0,0.2209701044060362
1,0.8544249100325172
0,0.8422889873154829
0,0.522022953695454
1,0.8769503800411128
0,0.4928606855509709
0,0.25183863213541763
1,0.33799219361627203
0,0.05104255505665541
0,0.5994032575595696
0,0.0747388174135189
0,0.35751216990920187
0,0.44887254462905507
0,0.03238426361384084
1,0.7314214290221759
0,0.8617037011725889
0,0.38221142230385385
0,0.1428310810374151
0,0.18258935167963283
0,0.558539047146319
0,0.06686533906467493
0,0.1934258589318161
0,0.4174162363599068
0,0.373120209979169
0,0.7272557921091027
0,0.14094648350562675
1,0.8893423156418006
0,0.7558485284294058
0,0.48208909066265043
0,0.6476564469772219
0,0.4170787402553568
0,0.6294376692869349
0,0.10822410986980209
0,0.20701327817479692
1,0.480089534036725
1,0.5595262187755697
1,0.7793859977689895
1,0.578047923051627
0,0.021349485004489195
0,0.1130220097814294
0,0.589472882083525
1,0.3277998992545353
0,0.17176331010040502
1,0.6870594856951077
0,0.4504765595431429
0,0.04682704617186904
0,0.6945944561311038
1,0.6950762903951103
1,0.693263533637005
1,0.708099141874319
0,0.4507021691891245
0,0.656888622515649
0,0.13780229428729954
0,0.032013587373765376
0,0.3580445819036228
1,0.6804484740283485
1,0.5387817337499148
0,0.41523559680320393
0,0.12352374741510581
0,0.4819944230227979
0,0.4647777506306234
1,0.7054825827670026
1,0.3735811045124188
0,0.06690974308891275
0,0.2422579520295658
1,0.8073423994215263
0,0.47391440554286696
0,0.09472044409913541
0,0.3670068826110606
0,0.11248889640240939
0,0.8305210458523063
0,0.051850004903821766
1,0.8990069624340176
0,0.03749515177261525
0,0.06472072784958063
0,0.5203423484620745
1,0.4655252898239052
1,0.6406804363399285
0,0.016689147067211817
1,0.15876540606438802
0,0.047923273021655395
0,0.0916451794199767
0,0.3483958580621779
0,0.7058561784253323
0,0.05985757638401577
0,0.3707272404930705
1,0.7518499629142721
0,0.02436867535252493
0,0.703856322437577
1,0.7230459246206433
1,0.5570579626521085
0,0.6073631213057226
0,0.08825993203441829
0,0.6682394338662251
0,0.30034019201214057
1,0.7125260148089095
0,0.03953472371352767
0,0.1815572080978194
1,0.6672204415456825
0,0.04617854379667856
1,0.4758631017738883
1,0.6589459743460675
1,0.527212213532812
0,0.48541256532726434
0,0.24838554311292937
0,0.05137914233486606
0,0.10415040049485663
1,0.8810241320567344
0,0.3430663477524221
1,0.7767181765348895
0,0.1070653646994284
0,0.12352374741510581
0,0.18597794917537716
0,0.06588586222034573
0,0.41687738977820626
1,0.8492268948370804
0,0.6691046807675216
0,0.36751296964081515
0,0.5446548208283576
0,0.27450039247143043
1,0.44228616163991585
1,0.8167439940806873
0,0.5463302285792524
1,0.2871429696801294
0,0.7626034920957901
0,0.03404024733988885
0,0.4035951041325161
1,0.4431025376454599
1,0.8651377287597
0,0.17238133261680466
0,0.6381706945162359
0,0.441424497816998
0,0.7574290300442111
0,0.0637525781252017
1,0.7635901711441321
1,0.12993365282327793
0,0.8903762012707478
0,0.5850976168365587
0,0.2146849470150432
0,0.5700523890291624
0,0.7692572200071547
0,0.6292335421455391
0,0.32787504746838225
1,0.7230911359792302
0,0.6906417106121275
0,0.3688740821271186
1,0.582382963327243
0,0.3005617463734423
1,0.8073476925307888
1,0.6103249764412774
0,0.21187543064922051
1,0.40410181332119754
0,0.8480802546520769
0,0.3299243129478135
0,0.08045002843611711
0,0.52131277440146
0,0.5548199888127531
1,0.7180067293150229
0,0.07367720851775765
0,0.2550307438562706
0,0.09192500659740635
0,0.08041457132317797
0,0.5369341603750151
0,0.4443649398519306
1,0.5406424081454223
0,0.6076001835410352
0,0.7350200136058755
1,0.9029298370224973
0,0.062017451164020215
0,0.10954575984353064
1,0.423177454734306
0,0.12393801138414863
0,0.18787442641008445
0,0.7752799714767064
0,0.8386372107437067
1,0.6211913579675031
1,0.5982815311106895
1,0.3878383535533516
0,0.29756063593613347
0,0.09545539564026227
0,0.3051007322230595
0,0.26103139816886095
0,0.042813032294955665
1,0.8633384790727057
0,0.13207196043326894
0,0.1736304663724017
1,0.9065056518930481
0,0.03638180051432346
1,0.24436191144367597
0,0.4110456168212632
1,0.3920739154293792
1,0.6533201486374223
0,0.6343458997851673
0,0.6214896031460259
1,0.8791069375007682
0,0.6052848401616242
0,0.5124832394048137
0,0.6321887639071229
0,0.8820049689862607
0,0.6091503884357751
0,0.2681125967497871
0,0.8436569673839753
0,0.27792742332524983
0,0.6820885929723838
0,0.07777377763187489
0,0.052962955446116365
0,0.09969671236772035
1,0.8024867897176369
0,0.8468621081150823
1,0.8172969950751703
0,0.06665759486881698
0,0.05243528654936356
0,0.07391791293884713
0,0.1682628600269345
1,0.7648358915630029
1,0.4412623113328825
0,0.10596419026891585
0,0.23792242248003925
0,0.19394712639358688
1,0.5610497468875765
0,0.5469302272333278
0,0.032631476783641
1,0.5546613806323384
1,0.8334880893715368
0,0.4165028937798768
0,0.27595350030165394
0,0.06586431994154698
0,0.4798296480433002
0,0.15667967953302486
0,0.28810160159948156
0,0.13609247756534504
0,0.0958247156181136
0,0.33495610825705374
1,0.7752379139533138
0,0.5191096613218111
1,0.37740451338726333
1,0.634287912280493
1,0.8855372837138283
0,0.5146201737245629
0,0.43329831703513394
0,0.04870340710130901
0,0.848934144617808
0,0.47020364571882645
1,0.6327335282195109
0,0.1889357478218304
0,0.21787554086334673
0,0.18447369581076836
0,0.07966229192974869
0,0.06904737092308873
0,0.3679761437304702
0,0.07158324897179609
1,0.4414913869598823
1,0.559192077087157
0,0.24297189454734114
0,0.29275050686329945
0,0.4617456242678878
1,0.7700692011987615
0,0.0863202046968897
0,0.5698031029274704
0,0.9081698806646099
0,0.11528649407693614
0,0.563072453261983
0,0.20622350435060338
0,0.5657884288754536
1,0.8246687115455826
0,0.40081292659357454
1,0.3244066662825661
0,0.06747603366622805
0,0.795389647536577
0,0.4902750708349752
0,0.31392079043110754
0,0.2170493106406461
1,0.39256466822955693
0,0.24846334818164176
0,0.03381544533768894
0,0.4050526426083754
0,0.03791926407283594
1,0.25999575410343145
0,0.21091590238142569
0,0.33297470178931143
0,0.4876472353898083
0,0.06528815677248935
0,0.7771616481175043
0,0.40602838273576486
1,0.7964469986883677
0,0.5104893406721781
0,0.017843064692010725
0,0.10920625892336402
0,0.7174893733911774
0,0.6733613894178208
0,0.13112566919395424
0,0.4002139176595745
1,0.9027065201099069
0,0.42479767131677987
1,0.7057397156540811
0,0.03442041353945226
0,0.500476209732015
0,0.03989571488520429
0,0.39252908627608063
1,0.5913273044576193
0,0.7342839068292673
0,0.06595264099255584
1,0.6898787250190074
0,0.15240092797699925
0,0.21394823302638696
0,0.3571641167705484
0,0.20166753699280804
0,0.635703021652819
0,0.8895950948359244
0,0.726222257568187
0,0.527234967241377
0,0.5992896769207428
0,0.16249539732148793
0,0.7975104053393196
0,0.42096984883700816
0,0.6369372958788879
0,0.07337673079711396
0,0.539131447600306
1,0.9231242270591806
1,0.7941017065719452
0,0.8334433732320278
0,0.25122416780811013
0,0.8191985583971572
0,0.6780694692458936
1,0.5988554089072121
0,0.23263845470227487
0,0.32581893943343826
1,0.8436516161566481
0,0.8068095531549908
0,0.6224815013108191
0,0.8187623717795096
0,0.5384454542904129
0,0.16055755811663963
1,0.7803848996515276
0,0.6634974461498163
1,0.7832697053356318
0,0.04616212312154563
1,0.4435509831105398
1,0.7831180104573113
0,0.2504504314998981
0,0.30477639251133887
1,0.5674468595174812
0,0.0356027668318108
0,0.3784520739293208
0,0.18650823231419258
0,0.15938775238936825
0,0.405903614723059
0,0.5709411174359503
0,0.20442553844070774
1,0.857157776273054
0,0.16768799382398955
0,0.7171814236765558
1,0.14661055035664047
0,0.5384593142271817
0,0.024882168784322554
0,0.20876696779446674
1,0.6825970564871139
1,0.2429978698335173
0,0.029351520455746377
0,0.5364892271235396
0,0.03765624366735116
0,0.41296861180752237
0,0.2709480862768571
0,0.5181006105241016
0,0.6231083167360429
0,0.08088304433965941
1,0.8704605395592935
0,0.1614845214638094
0,0.0854987590646692
0,0.22869229733542254
1,0.7045831503864386
1,0.5647274574381234
0,0.03359144208000032
1,0.8238115939538749
0,0.6646339331457148
0,0.6505292776698327
0,0.5944843102757983
1,0.17085201861268823
1,0.23405070129387162
1,0.5346944043126887
0,0.5474930702533056
0,0.12967398502388108
0,0.011854600015001042
0,0.509872169794543
0,0.05202389151922297
1,0.7333121400715213
0,0.20535441512581445
0,0.12919834977409506
0,0.03604529076890711
1,0.7199645897470948
1,0.7410848277762061
1,0.7765004975290116
0,0.2022610762623287
1,0.6857743295588616
0,0.0421543055108794
0,0.5966679370647423
0,0.2576970524643011
0,0.6145708178432968
0,0.035165340589688975
0,0.06780103357883817
0,0.7702540953932203
1,0.91521650769416
0,0.4371802072996889
0,0.063137566111713
0,0.5618449858634631
0,0.5288509774084154
0,0.22175587576730862
0,0.2145711717691271
0,0.5226841565627696
0,0.7101230884595481
0,0.3839655333010222
0,0.04881246796635179
1,0.3635447523808675
0,0.05878310713067936
0,0.4399400323683145
1,0.320415091339813
0,0.6658627513730155
0,0.03713953424164164
0,0.639609104860741
1,0.8818922077972837
0,0.8162007895558457
1,0.7123575307562807
0,0.4286228333432575
0,0.2839718090517996
1,0.42475944095793233
0,0.6992963492097449
0,0.0452798353541447
0,0.11205540473363167
0,0.04930175735875732
1,0.913275176930403
1,0.8305518784573395
0,0.13838262606928559
1,0.6268579619393518
0,0.04275938675856824
1,0.7749669857519479
0,0.1431954949211057
0,0.26746249556611096
0,0.8263989495151449
1,0.22040563821919434
0,0.1434006739830182
1,0.5887657577916576
1,0.7217733874600193
0,0.27904332065577825
0,0.04482954973249648
0,0.01593361392333221
0,0.09300642222354719
0,0.14019094258174356
0,0.5879196909709351
0,0.12696701779732286
0,0.05785024858437349
1,0.6956678248194255
0,0.252407181266432
0,0.054443089733471596
0,0.49458723172147206
1,0.800243577633605
0,0.03913014275044498
1,0.4308238867560397
0,0.6536210334134849
0,0.2572003374996798
0,0.030460893481319584
0,0.07459908635617928
0,0.5784919669090303
1,0.6866091351232526
1,0.6361224836314344
0,0.39788141643724645
0,0.5923095348348536
0,0.451420655582231
0,0.7885826341865961
0,0.4092875992815111
1,0.5969226598027831
0,0.7710968137003162
0,0.2822583387569374
0,0.3056419963638397
0,0.5219382238379439
0,0.13437289681909306
0,0.6006264051521498
0,0.5052809080436796
0,0.7361443597538257
1,0.601589229198968
0,0.363006367598558
0,0.8161553545955516
0,0.5574595832977025
0,0.09720372510658076
1,0.7035630238381638
0,0.6491124325771501
0,0.7950763441676201
0,0.3658592927551615
0,0.7380051926349335
0,0.21143756564425276
0,0.7601628375045362
1,0.9337062938253249
0,0.571554084854048
1,0.5947746127349551
0,0.7425584916195117
1,0.48757645044221554
0,0.44472275038455883
1,0.6140001597459195
0,0.46078859665501193
0,0.10091273263132228
0,0.6883510491674512
1,0.6949313000357716
1,0.7314912941255977
1,0.5480080620311768
0,0.2519911152763836
0,0.20905406494255846
1,0.6107606022195687
0,0.4768379592317934
1,0.7232032100641479
0,0.0691642693289644
1,0.6379620828699825
0,0.6421783241473823
0,0.43378400334174094
0,0.357123701976206
0,0.17118315657915162
0,0.32263117581949785
0,0.2749417237516622
1,0.7670256220469298
0,0.1038050871836155
0,0.3833160405921951
0,0.6763384349105706
1,0.7237990904240262
0,0.05521604221510602
0,0.19178067456472234
0,0.3936008164880379
0,0.09348456755429675
0,0.12232699478156599
0,0.5062754928853678
0,0.3734395288375044
0,0.6074082261381837
0,0.7140650038780912
0,0.6995665128786456
0,0.5732404020467483
0,0.021106139544576418
0,0.8554305268878645
1,0.24708051775991655
1,0.8039058116391405
0,0.040545468218757784
0,0.6997524861801011
1,0.49379542051011427
0,0.07170260424736292
0,0.5498193488213465
1,0.9031978297615569
0,0.0629980439306693
0,0.6775633591250386
0,0.052463390229228204
0,0.08092566723882015
0,0.5563102217543995
0,0.7114289657442475
0,0.3435506818911154
0,0.04313475815199424
0,0.31766509938355225
1,0.8857250725478659
1,0.8309819515514519
0,0.46965558176982847
0,0.5897774723093254
0,0.10106377286780005
1,0.7681761538912462
0,0.6175421656417659
1,0.5662162654938716
0,0.06547731676243301
0,0.18049011613202573
0,0.4692511431657456
1,0.8354085371673805
0,0.23887581254011558
0,0.22238351454222008
0,0.041311847049084846
0,0.0572288064983977
0,0.1364781838858543
0,0.8143123655424344
0,0.6239957424810301
0,0.8224828167888705
0,0.7672699702665468
0,0.6053403923663535
0,0.16781124739010359
0,0.15286054983727798
0,0.6872647695936723
0,0.019664373208224405
0,0.06453184651117011
0,0.46592892447961093
0,0.8063574194456277
0,0.40450666010066416
0,0.4225273025167605
0,0.10040766999403293
1,0.9088759704940685
